ISO-10303-21;
HEADER;
FILE_DESCRIPTION(('FreeCAD Model'),'2;1');
FILE_NAME('Open CASCADE Shape Model','2024-05-28T18:00:12',('Author'),(
    ''),'Open CASCADE STEP processor 7.5','FreeCAD','Unknown');
FILE_SCHEMA(('AUTOMOTIVE_DESIGN { 1 0 10303 214 1 1 1 1 }'));
ENDSEC;
DATA;
#1 = APPLICATION_PROTOCOL_DEFINITION('international standard',
  'automotive_design',2000,#2);
#2 = APPLICATION_CONTEXT(
  'core data for automotive mechanical design processes');
#3 = SHAPE_DEFINITION_REPRESENTATION(#4,#10);
#4 = PRODUCT_DEFINITION_SHAPE('','',#5);
#5 = PRODUCT_DEFINITION('design','',#6,#9);
#6 = PRODUCT_DEFINITION_FORMATION('','',#7);
#7 = PRODUCT('Unnamed','Unnamed','',(#8));
#8 = PRODUCT_CONTEXT('',#2,'mechanical');
#9 = PRODUCT_DEFINITION_CONTEXT('part definition',#2,'design');
#10 = SHAPE_REPRESENTATION('',(#11,#15,#19),#23);
#11 = AXIS2_PLACEMENT_3D('',#12,#13,#14);
#12 = CARTESIAN_POINT('',(0.,0.,0.));
#13 = DIRECTION('',(0.,0.,1.));
#14 = DIRECTION('',(1.,0.,-0.));
#15 = AXIS2_PLACEMENT_3D('',#16,#17,#18);
#16 = CARTESIAN_POINT('',(0.,0.,0.));
#17 = DIRECTION('',(0.,0.,1.));
#18 = DIRECTION('',(1.,0.,0.));
#19 = AXIS2_PLACEMENT_3D('',#20,#21,#22);
#20 = CARTESIAN_POINT('',(0.,0.,0.));
#21 = DIRECTION('',(0.,0.,1.));
#22 = DIRECTION('',(1.,0.,0.));
#23 = ( GEOMETRIC_REPRESENTATION_CONTEXT(3) 
GLOBAL_UNCERTAINTY_ASSIGNED_CONTEXT((#27)) GLOBAL_UNIT_ASSIGNED_CONTEXT(
(#24,#25,#26)) REPRESENTATION_CONTEXT('Context #1',
  '3D Context with UNIT and UNCERTAINTY') );
#24 = ( LENGTH_UNIT() NAMED_UNIT(*) SI_UNIT(.MILLI.,.METRE.) );
#25 = ( NAMED_UNIT(*) PLANE_ANGLE_UNIT() SI_UNIT($,.RADIAN.) );
#26 = ( NAMED_UNIT(*) SI_UNIT($,.STERADIAN.) SOLID_ANGLE_UNIT() );
#27 = UNCERTAINTY_MEASURE_WITH_UNIT(LENGTH_MEASURE(1.E-07),#24,
  'distance_accuracy_value','confusion accuracy');
#28 = PRODUCT_RELATED_PRODUCT_CATEGORY('part',$,(#7));
#29 = ADVANCED_BREP_SHAPE_REPRESENTATION('',(#11,#30),#2188);
#30 = MANIFOLD_SOLID_BREP('',#31);
#31 = CLOSED_SHELL('',(#32,#152,#228,#309,#395,#471,#561,#615,#742,#796,
    #882,#931,#958,#965,#992,#1128,#1182,#1231,#1317,#1367,#1416,#1444,
    #1524,#1578,#1664,#1713,#1740,#1876,#1930,#2001,#2050,#2100,#2149,
    #2177));
#32 = ADVANCED_FACE('',(#33),#47,.F.);
#33 = FACE_BOUND('',#34,.F.);
#34 = EDGE_LOOP('',(#35,#70,#98,#126));
#35 = ORIENTED_EDGE('',*,*,#36,.F.);
#36 = EDGE_CURVE('',#37,#39,#41,.T.);
#37 = VERTEX_POINT('',#38);
#38 = CARTESIAN_POINT('',(-7.62,-10.,3.277378368693E-15));
#39 = VERTEX_POINT('',#40);
#40 = CARTESIAN_POINT('',(-7.62,2.,-4.716227408608E-15));
#41 = SURFACE_CURVE('',#42,(#46,#58),.PCURVE_S1.);
#42 = LINE('',#43,#44);
#43 = CARTESIAN_POINT('',(-7.62,-10.,3.01980662698E-14));
#44 = VECTOR('',#45,1.);
#45 = DIRECTION('',(-4.440892098501E-16,1.,-1.887379141863E-15));
#46 = PCURVE('',#47,#52);
#47 = PLANE('',#48);
#48 = AXIS2_PLACEMENT_3D('',#49,#50,#51);
#49 = CARTESIAN_POINT('',(-7.62,-10.,1.538436045223E-14));
#50 = DIRECTION('',(-1.498801083244E-15,3.330669073875E-16,1.));
#51 = DIRECTION('',(-2.22044604925E-16,1.,-1.665334536938E-15));
#52 = DEFINITIONAL_REPRESENTATION('',(#53),#57);
#53 = LINE('',#54,#55);
#54 = CARTESIAN_POINT('',(-8.881784197001E-15,7.105427357601E-15));
#55 = VECTOR('',#56,1.);
#56 = DIRECTION('',(1.,1.110223024625E-15));
#57 = ( GEOMETRIC_REPRESENTATION_CONTEXT(2) 
PARAMETRIC_REPRESENTATION_CONTEXT() REPRESENTATION_CONTEXT('2D SPACE',''
  ) );
#58 = PCURVE('',#59,#64);
#59 = PLANE('',#60);
#60 = AXIS2_PLACEMENT_3D('',#61,#62,#63);
#61 = CARTESIAN_POINT('',(-7.62,-4.,3.115697415565));
#62 = DIRECTION('',(1.,-1.554312234475E-15,-1.110223024625E-16));
#63 = DIRECTION('',(-1.887379141863E-15,-3.330669073875E-16,1.));
#64 = DEFINITIONAL_REPRESENTATION('',(#65),#69);
#65 = LINE('',#66,#67);
#66 = CARTESIAN_POINT('',(-3.115697415565,6.));
#67 = VECTOR('',#68,1.);
#68 = DIRECTION('',(-1.554312234475E-15,-1.));
#69 = ( GEOMETRIC_REPRESENTATION_CONTEXT(2) 
PARAMETRIC_REPRESENTATION_CONTEXT() REPRESENTATION_CONTEXT('2D SPACE',''
  ) );
#70 = ORIENTED_EDGE('',*,*,#71,.T.);
#71 = EDGE_CURVE('',#37,#72,#74,.T.);
#72 = VERTEX_POINT('',#73);
#73 = CARTESIAN_POINT('',(-7.12,-10.,3.443911822387E-15));
#74 = SURFACE_CURVE('',#75,(#79,#86),.PCURVE_S1.);
#75 = LINE('',#76,#77);
#76 = CARTESIAN_POINT('',(-7.62,-10.,1.538436045223E-14));
#77 = VECTOR('',#78,1.);
#78 = DIRECTION('',(1.,-1.33226762955E-15,1.665334536938E-16));
#79 = PCURVE('',#47,#80);
#80 = DEFINITIONAL_REPRESENTATION('',(#81),#85);
#81 = LINE('',#82,#83);
#82 = CARTESIAN_POINT('',(0.,0.));
#83 = VECTOR('',#84,1.);
#84 = DIRECTION('',(-1.110223024625E-15,-1.));
#85 = ( GEOMETRIC_REPRESENTATION_CONTEXT(2) 
PARAMETRIC_REPRESENTATION_CONTEXT() REPRESENTATION_CONTEXT('2D SPACE',''
  ) );
#86 = PCURVE('',#87,#92);
#87 = PLANE('',#88);
#88 = AXIS2_PLACEMENT_3D('',#89,#90,#91);
#89 = CARTESIAN_POINT('',(-7.62,-10.,11.399999999978));
#90 = DIRECTION('',(3.330669073875E-16,-1.,1.110223024625E-15));
#91 = DIRECTION('',(-7.771561172376E-16,-6.661338147751E-16,1.));
#92 = DEFINITIONAL_REPRESENTATION('',(#93),#97);
#93 = LINE('',#94,#95);
#94 = CARTESIAN_POINT('',(-11.39999999997,-1.496580637194E-14));
#95 = VECTOR('',#96,1.);
#96 = DIRECTION('',(-3.885780586188E-16,-1.));
#97 = ( GEOMETRIC_REPRESENTATION_CONTEXT(2) 
PARAMETRIC_REPRESENTATION_CONTEXT() REPRESENTATION_CONTEXT('2D SPACE',''
  ) );
#98 = ORIENTED_EDGE('',*,*,#99,.T.);
#99 = EDGE_CURVE('',#72,#100,#102,.T.);
#100 = VERTEX_POINT('',#101);
#101 = CARTESIAN_POINT('',(-7.12,2.,-4.549693954914E-15));
#102 = SURFACE_CURVE('',#103,(#107,#114),.PCURVE_S1.);
#103 = LINE('',#104,#105);
#104 = CARTESIAN_POINT('',(-7.12,-10.,1.59872115546E-14));
#105 = VECTOR('',#106,1.);
#106 = DIRECTION('',(-5.551115123126E-16,1.,-1.7763568394E-15));
#107 = PCURVE('',#47,#108);
#108 = DEFINITIONAL_REPRESENTATION('',(#109),#113);
#109 = LINE('',#110,#111);
#110 = CARTESIAN_POINT('',(-9.103828801926E-15,-0.5));
#111 = VECTOR('',#112,1.);
#112 = DIRECTION('',(1.,1.443289932013E-15));
#113 = ( GEOMETRIC_REPRESENTATION_CONTEXT(2) 
PARAMETRIC_REPRESENTATION_CONTEXT() REPRESENTATION_CONTEXT('2D SPACE',''
  ) );
#114 = PCURVE('',#115,#120);
#115 = PLANE('',#116);
#116 = AXIS2_PLACEMENT_3D('',#117,#118,#119);
#117 = CARTESIAN_POINT('',(-7.62,-10.,1.538436045223E-14));
#118 = DIRECTION('',(-1.498801083244E-15,3.330669073875E-16,1.));
#119 = DIRECTION('',(-2.22044604925E-16,1.,-1.665334536938E-15));
#120 = DEFINITIONAL_REPRESENTATION('',(#121),#125);
#121 = LINE('',#122,#123);
#122 = CARTESIAN_POINT('',(-9.103828801926E-15,-0.5));
#123 = VECTOR('',#124,1.);
#124 = DIRECTION('',(1.,1.443289932013E-15));
#125 = ( GEOMETRIC_REPRESENTATION_CONTEXT(2) 
PARAMETRIC_REPRESENTATION_CONTEXT() REPRESENTATION_CONTEXT('2D SPACE',''
  ) );
#126 = ORIENTED_EDGE('',*,*,#127,.F.);
#127 = EDGE_CURVE('',#39,#100,#128,.T.);
#128 = SURFACE_CURVE('',#129,(#133,#140),.PCURVE_S1.);
#129 = LINE('',#130,#131);
#130 = CARTESIAN_POINT('',(-7.62,2.,-4.599653991022E-15));
#131 = VECTOR('',#132,1.);
#132 = DIRECTION('',(1.,-1.33226762955E-15,1.665334536938E-16));
#133 = PCURVE('',#47,#134);
#134 = DEFINITIONAL_REPRESENTATION('',(#135),#139);
#135 = LINE('',#136,#137);
#136 = CARTESIAN_POINT('',(12.,1.06581410364E-14));
#137 = VECTOR('',#138,1.);
#138 = DIRECTION('',(-1.110223024625E-15,-1.));
#139 = ( GEOMETRIC_REPRESENTATION_CONTEXT(2) 
PARAMETRIC_REPRESENTATION_CONTEXT() REPRESENTATION_CONTEXT('2D SPACE',''
  ) );
#140 = PCURVE('',#141,#146);
#141 = PLANE('',#142);
#142 = AXIS2_PLACEMENT_3D('',#143,#144,#145);
#143 = CARTESIAN_POINT('',(-7.62,2.,-9.725553695716E-16));
#144 = DIRECTION('',(-3.330669073875E-16,1.,-1.110223024625E-15));
#145 = DIRECTION('',(7.771561172376E-16,6.661338147751E-16,-1.));
#146 = DEFINITIONAL_REPRESENTATION('',(#147),#151);
#147 = LINE('',#148,#149);
#148 = CARTESIAN_POINT('',(2.379207941772E-15,-1.7763568394E-15));
#149 = VECTOR('',#150,1.);
#150 = DIRECTION('',(3.885780586188E-16,-1.));
#151 = ( GEOMETRIC_REPRESENTATION_CONTEXT(2) 
PARAMETRIC_REPRESENTATION_CONTEXT() REPRESENTATION_CONTEXT('2D SPACE',''
  ) );
#152 = ADVANCED_FACE('',(#153),#59,.F.);
#153 = FACE_BOUND('',#154,.F.);
#154 = EDGE_LOOP('',(#155,#156,#184,#207));
#155 = ORIENTED_EDGE('',*,*,#36,.T.);
#156 = ORIENTED_EDGE('',*,*,#157,.T.);
#157 = EDGE_CURVE('',#39,#158,#160,.T.);
#158 = VERTEX_POINT('',#159);
#159 = CARTESIAN_POINT('',(-7.62,1.264199,6.5));
#160 = SURFACE_CURVE('',#161,(#165,#172),.PCURVE_S1.);
#161 = LINE('',#162,#163);
#162 = CARTESIAN_POINT('',(-7.62,2.,7.105427357601E-15));
#163 = VECTOR('',#164,1.);
#164 = DIRECTION('',(-1.825449499674E-15,-0.112481761834,0.993653789433)
  );
#165 = PCURVE('',#59,#166);
#166 = DEFINITIONAL_REPRESENTATION('',(#167),#171);
#167 = LINE('',#168,#169);
#168 = CARTESIAN_POINT('',(-3.115697415565,-6.));
#169 = VECTOR('',#170,1.);
#170 = DIRECTION('',(0.993653789433,0.112481761834));
#171 = ( GEOMETRIC_REPRESENTATION_CONTEXT(2) 
PARAMETRIC_REPRESENTATION_CONTEXT() REPRESENTATION_CONTEXT('2D SPACE',''
  ) );
#172 = PCURVE('',#173,#178);
#173 = PLANE('',#174);
#174 = AXIS2_PLACEMENT_3D('',#175,#176,#177);
#175 = CARTESIAN_POINT('',(-7.62,-4.,6.080644169871));
#176 = DIRECTION('',(-1.,1.442274738426E-15,7.972565705953E-16));
#177 = DIRECTION('',(1.20114487373E-15,1.110223024625E-15,-1.));
#178 = DEFINITIONAL_REPRESENTATION('',(#179),#183);
#179 = LINE('',#180,#181);
#180 = CARTESIAN_POINT('',(6.080644169871,-6.));
#181 = VECTOR('',#182,1.);
#182 = DIRECTION('',(-0.993653789433,0.112481761834));
#183 = ( GEOMETRIC_REPRESENTATION_CONTEXT(2) 
PARAMETRIC_REPRESENTATION_CONTEXT() REPRESENTATION_CONTEXT('2D SPACE',''
  ) );
#184 = ORIENTED_EDGE('',*,*,#185,.T.);
#185 = EDGE_CURVE('',#158,#186,#188,.T.);
#186 = VERTEX_POINT('',#187);
#187 = CARTESIAN_POINT('',(-7.62,-9.264199,6.5));
#188 = SURFACE_CURVE('',#189,(#193,#200),.PCURVE_S1.);
#189 = LINE('',#190,#191);
#190 = CARTESIAN_POINT('',(-7.62,1.264199,6.5));
#191 = VECTOR('',#192,1.);
#192 = DIRECTION('',(4.440892098501E-16,-1.,1.887379141863E-15));
#193 = PCURVE('',#59,#194);
#194 = DEFINITIONAL_REPRESENTATION('',(#195),#199);
#195 = LINE('',#196,#197);
#196 = CARTESIAN_POINT('',(3.384302584435,-5.264199));
#197 = VECTOR('',#198,1.);
#198 = DIRECTION('',(1.554312234475E-15,1.));
#199 = ( GEOMETRIC_REPRESENTATION_CONTEXT(2) 
PARAMETRIC_REPRESENTATION_CONTEXT() REPRESENTATION_CONTEXT('2D SPACE',''
  ) );
#200 = PCURVE('',#173,#201);
#201 = DEFINITIONAL_REPRESENTATION('',(#202),#206);
#202 = LINE('',#203,#204);
#203 = CARTESIAN_POINT('',(-0.419355830129,-5.264199));
#204 = VECTOR('',#205,1.);
#205 = DIRECTION('',(-2.775557561563E-15,1.));
#206 = ( GEOMETRIC_REPRESENTATION_CONTEXT(2) 
PARAMETRIC_REPRESENTATION_CONTEXT() REPRESENTATION_CONTEXT('2D SPACE',''
  ) );
#207 = ORIENTED_EDGE('',*,*,#208,.T.);
#208 = EDGE_CURVE('',#186,#37,#209,.T.);
#209 = SURFACE_CURVE('',#210,(#214,#221),.PCURVE_S1.);
#210 = LINE('',#211,#212);
#211 = CARTESIAN_POINT('',(-7.62,-9.264199,6.5));
#212 = VECTOR('',#213,1.);
#213 = DIRECTION('',(1.925353373144E-15,-0.112481761834,-0.993653789433)
  );
#214 = PCURVE('',#59,#215);
#215 = DEFINITIONAL_REPRESENTATION('',(#216),#220);
#216 = LINE('',#217,#218);
#217 = CARTESIAN_POINT('',(3.384302584435,5.264199));
#218 = VECTOR('',#219,1.);
#219 = DIRECTION('',(-0.993653789433,0.112481761834));
#220 = ( GEOMETRIC_REPRESENTATION_CONTEXT(2) 
PARAMETRIC_REPRESENTATION_CONTEXT() REPRESENTATION_CONTEXT('2D SPACE',''
  ) );
#221 = PCURVE('',#173,#222);
#222 = DEFINITIONAL_REPRESENTATION('',(#223),#227);
#223 = LINE('',#224,#225);
#224 = CARTESIAN_POINT('',(-0.419355830129,5.264199));
#225 = VECTOR('',#226,1.);
#226 = DIRECTION('',(0.993653789433,0.112481761834));
#227 = ( GEOMETRIC_REPRESENTATION_CONTEXT(2) 
PARAMETRIC_REPRESENTATION_CONTEXT() REPRESENTATION_CONTEXT('2D SPACE',''
  ) );
#228 = ADVANCED_FACE('',(#229),#141,.T.);
#229 = FACE_BOUND('',#230,.F.);
#230 = EDGE_LOOP('',(#231,#232,#260,#288));
#231 = ORIENTED_EDGE('',*,*,#127,.T.);
#232 = ORIENTED_EDGE('',*,*,#233,.T.);
#233 = EDGE_CURVE('',#100,#234,#236,.T.);
#234 = VERTEX_POINT('',#235);
#235 = CARTESIAN_POINT('',(-7.12,2.,11.399999999978));
#236 = SURFACE_CURVE('',#237,(#241,#248),.PCURVE_S1.);
#237 = LINE('',#238,#239);
#238 = CARTESIAN_POINT('',(-7.12,2.,-5.329070518201E-15));
#239 = VECTOR('',#240,1.);
#240 = DIRECTION('',(-1.221245327088E-15,-1.110223024625E-15,1.));
#241 = PCURVE('',#141,#242);
#242 = DEFINITIONAL_REPRESENTATION('',(#243),#247);
#243 = LINE('',#244,#245);
#244 = CARTESIAN_POINT('',(5.260236690674E-15,-0.5));
#245 = VECTOR('',#246,1.);
#246 = DIRECTION('',(-1.,1.33226762955E-15));
#247 = ( GEOMETRIC_REPRESENTATION_CONTEXT(2) 
PARAMETRIC_REPRESENTATION_CONTEXT() REPRESENTATION_CONTEXT('2D SPACE',''
  ) );
#248 = PCURVE('',#249,#254);
#249 = PLANE('',#250);
#250 = AXIS2_PLACEMENT_3D('',#251,#252,#253);
#251 = CARTESIAN_POINT('',(-7.12,-4.,6.080644169871));
#252 = DIRECTION('',(-1.,1.442274738426E-15,7.972565705953E-16));
#253 = DIRECTION('',(1.20114487373E-15,1.110223024625E-15,-1.));
#254 = DEFINITIONAL_REPRESENTATION('',(#255),#259);
#255 = LINE('',#256,#257);
#256 = CARTESIAN_POINT('',(6.080644169871,-6.));
#257 = VECTOR('',#258,1.);
#258 = DIRECTION('',(-1.,2.22044604925E-15));
#259 = ( GEOMETRIC_REPRESENTATION_CONTEXT(2) 
PARAMETRIC_REPRESENTATION_CONTEXT() REPRESENTATION_CONTEXT('2D SPACE',''
  ) );
#260 = ORIENTED_EDGE('',*,*,#261,.F.);
#261 = EDGE_CURVE('',#262,#234,#264,.T.);
#262 = VERTEX_POINT('',#263);
#263 = CARTESIAN_POINT('',(-7.62,2.,11.399999999978));
#264 = SURFACE_CURVE('',#265,(#269,#276),.PCURVE_S1.);
#265 = LINE('',#266,#267);
#266 = CARTESIAN_POINT('',(-7.62,2.,11.399999999978));
#267 = VECTOR('',#268,1.);
#268 = DIRECTION('',(1.,-9.992007221626E-16,-3.330669073875E-16));
#269 = PCURVE('',#141,#270);
#270 = DEFINITIONAL_REPRESENTATION('',(#271),#275);
#271 = LINE('',#272,#273);
#272 = CARTESIAN_POINT('',(-11.39999999997,8.748557434041E-15));
#273 = VECTOR('',#274,1.);
#274 = DIRECTION('',(6.661338147751E-16,-1.));
#275 = ( GEOMETRIC_REPRESENTATION_CONTEXT(2) 
PARAMETRIC_REPRESENTATION_CONTEXT() REPRESENTATION_CONTEXT('2D SPACE',''
  ) );
#276 = PCURVE('',#277,#282);
#277 = CYLINDRICAL_SURFACE('',#278,1.);
#278 = AXIS2_PLACEMENT_3D('',#279,#280,#281);
#279 = CARTESIAN_POINT('',(-7.62,1.,11.399999999978));
#280 = DIRECTION('',(-1.,1.221245327088E-15,5.551115123126E-16));
#281 = DIRECTION('',(-1.110223024625E-16,1.,-1.33226762955E-15));
#282 = DEFINITIONAL_REPRESENTATION('',(#283),#287);
#283 = LINE('',#284,#285);
#284 = CARTESIAN_POINT('',(-0.,0.));
#285 = VECTOR('',#286,1.);
#286 = DIRECTION('',(-0.,-1.));
#287 = ( GEOMETRIC_REPRESENTATION_CONTEXT(2) 
PARAMETRIC_REPRESENTATION_CONTEXT() REPRESENTATION_CONTEXT('2D SPACE',''
  ) );
#288 = ORIENTED_EDGE('',*,*,#289,.F.);
#289 = EDGE_CURVE('',#39,#262,#290,.T.);
#290 = SURFACE_CURVE('',#291,(#295,#302),.PCURVE_S1.);
#291 = LINE('',#292,#293);
#292 = CARTESIAN_POINT('',(-7.62,2.,-6.217248937901E-15));
#293 = VECTOR('',#294,1.);
#294 = DIRECTION('',(-1.221245327088E-15,-1.110223024625E-15,1.));
#295 = PCURVE('',#141,#296);
#296 = DEFINITIONAL_REPRESENTATION('',(#297),#301);
#297 = LINE('',#298,#299);
#298 = CARTESIAN_POINT('',(4.927169783286E-15,7.993605777301E-15));
#299 = VECTOR('',#300,1.);
#300 = DIRECTION('',(-1.,1.33226762955E-15));
#301 = ( GEOMETRIC_REPRESENTATION_CONTEXT(2) 
PARAMETRIC_REPRESENTATION_CONTEXT() REPRESENTATION_CONTEXT('2D SPACE',''
  ) );
#302 = PCURVE('',#173,#303);
#303 = DEFINITIONAL_REPRESENTATION('',(#304),#308);
#304 = LINE('',#305,#306);
#305 = CARTESIAN_POINT('',(6.080644169871,-6.));
#306 = VECTOR('',#307,1.);
#307 = DIRECTION('',(-1.,2.22044604925E-15));
#308 = ( GEOMETRIC_REPRESENTATION_CONTEXT(2) 
PARAMETRIC_REPRESENTATION_CONTEXT() REPRESENTATION_CONTEXT('2D SPACE',''
  ) );
#309 = ADVANCED_FACE('',(#310),#115,.F.);
#310 = FACE_BOUND('',#311,.F.);
#311 = EDGE_LOOP('',(#312,#313,#341,#369));
#312 = ORIENTED_EDGE('',*,*,#99,.F.);
#313 = ORIENTED_EDGE('',*,*,#314,.T.);
#314 = EDGE_CURVE('',#72,#315,#317,.T.);
#315 = VERTEX_POINT('',#316);
#316 = CARTESIAN_POINT('',(-0.5,-10.,2.207123372955E-15));
#317 = SURFACE_CURVE('',#318,(#322,#329),.PCURVE_S1.);
#318 = LINE('',#319,#320);
#319 = CARTESIAN_POINT('',(-7.62,-10.,1.538436045223E-14));
#320 = VECTOR('',#321,1.);
#321 = DIRECTION('',(1.,-1.33226762955E-15,1.665334536938E-16));
#322 = PCURVE('',#115,#323);
#323 = DEFINITIONAL_REPRESENTATION('',(#324),#328);
#324 = LINE('',#325,#326);
#325 = CARTESIAN_POINT('',(0.,0.));
#326 = VECTOR('',#327,1.);
#327 = DIRECTION('',(-1.110223024625E-15,-1.));
#328 = ( GEOMETRIC_REPRESENTATION_CONTEXT(2) 
PARAMETRIC_REPRESENTATION_CONTEXT() REPRESENTATION_CONTEXT('2D SPACE',''
  ) );
#329 = PCURVE('',#330,#335);
#330 = PLANE('',#331);
#331 = AXIS2_PLACEMENT_3D('',#332,#333,#334);
#332 = CARTESIAN_POINT('',(-7.62,-9.264199,6.5));
#333 = DIRECTION('',(1.685877864815E-16,0.993653789433,-0.112481761834)
  );
#334 = DIRECTION('',(1.67974194167E-15,-0.112481761834,-0.993653789433)
  );
#335 = DEFINITIONAL_REPRESENTATION('',(#336),#340);
#336 = LINE('',#337,#338);
#337 = CARTESIAN_POINT('',(6.541513824154,-7.043610583679E-15));
#338 = VECTOR('',#339,1.);
#339 = DIRECTION('',(1.172898291596E-15,-1.));
#340 = ( GEOMETRIC_REPRESENTATION_CONTEXT(2) 
PARAMETRIC_REPRESENTATION_CONTEXT() REPRESENTATION_CONTEXT('2D SPACE',''
  ) );
#341 = ORIENTED_EDGE('',*,*,#342,.T.);
#342 = EDGE_CURVE('',#315,#343,#345,.T.);
#343 = VERTEX_POINT('',#344);
#344 = CARTESIAN_POINT('',(-0.5,2.,-1.789679515696E-15));
#345 = SURFACE_CURVE('',#346,(#350,#357),.PCURVE_S1.);
#346 = LINE('',#347,#348);
#347 = CARTESIAN_POINT('',(-0.5,-10.,4.773959005888E-15));
#348 = VECTOR('',#349,1.);
#349 = DIRECTION('',(2.22044604925E-16,1.,-5.551115123126E-16));
#350 = PCURVE('',#115,#351);
#351 = DEFINITIONAL_REPRESENTATION('',(#352),#356);
#352 = LINE('',#353,#354);
#353 = CARTESIAN_POINT('',(-6.714628852933E-15,-7.12));
#354 = VECTOR('',#355,1.);
#355 = DIRECTION('',(1.,8.881784197001E-16));
#356 = ( GEOMETRIC_REPRESENTATION_CONTEXT(2) 
PARAMETRIC_REPRESENTATION_CONTEXT() REPRESENTATION_CONTEXT('2D SPACE',''
  ) );
#357 = PCURVE('',#358,#363);
#358 = PLANE('',#359);
#359 = AXIS2_PLACEMENT_3D('',#360,#361,#362);
#360 = CARTESIAN_POINT('',(-0.5,-10.,2.207123372955E-15));
#361 = DIRECTION('',(-5.551115123126E-16,3.330669073875E-16,1.));
#362 = DIRECTION('',(4.440892098501E-16,1.,-3.330669073875E-16));
#363 = DEFINITIONAL_REPRESENTATION('',(#364),#368);
#364 = LINE('',#365,#366);
#365 = CARTESIAN_POINT('',(-3.552713678801E-15,-1.887379141863E-15));
#366 = VECTOR('',#367,1.);
#367 = DIRECTION('',(1.,2.22044604925E-16));
#368 = ( GEOMETRIC_REPRESENTATION_CONTEXT(2) 
PARAMETRIC_REPRESENTATION_CONTEXT() REPRESENTATION_CONTEXT('2D SPACE',''
  ) );
#369 = ORIENTED_EDGE('',*,*,#370,.F.);
#370 = EDGE_CURVE('',#100,#343,#371,.T.);
#371 = SURFACE_CURVE('',#372,(#376,#383),.PCURVE_S1.);
#372 = LINE('',#373,#374);
#373 = CARTESIAN_POINT('',(-7.62,2.,-4.599653991022E-15));
#374 = VECTOR('',#375,1.);
#375 = DIRECTION('',(1.,-1.33226762955E-15,1.665334536938E-16));
#376 = PCURVE('',#115,#377);
#377 = DEFINITIONAL_REPRESENTATION('',(#378),#382);
#378 = LINE('',#379,#380);
#379 = CARTESIAN_POINT('',(12.,1.06581410364E-14));
#380 = VECTOR('',#381,1.);
#381 = DIRECTION('',(-1.110223024625E-15,-1.));
#382 = ( GEOMETRIC_REPRESENTATION_CONTEXT(2) 
PARAMETRIC_REPRESENTATION_CONTEXT() REPRESENTATION_CONTEXT('2D SPACE',''
  ) );
#383 = PCURVE('',#384,#389);
#384 = PLANE('',#385);
#385 = AXIS2_PLACEMENT_3D('',#386,#387,#388);
#386 = CARTESIAN_POINT('',(-7.62,2.,-4.599653991022E-15));
#387 = DIRECTION('',(1.685877864815E-16,-0.993653789433,-0.112481761834)
  );
#388 = DIRECTION('',(-1.629790004934E-15,-0.112481761834,0.993653789433)
  );
#389 = DEFINITIONAL_REPRESENTATION('',(#390),#394);
#390 = LINE('',#391,#392);
#391 = CARTESIAN_POINT('',(0.,0.));
#392 = VECTOR('',#393,1.);
#393 = DIRECTION('',(-9.231386079198E-16,-1.));
#394 = ( GEOMETRIC_REPRESENTATION_CONTEXT(2) 
PARAMETRIC_REPRESENTATION_CONTEXT() REPRESENTATION_CONTEXT('2D SPACE',''
  ) );
#395 = ADVANCED_FACE('',(#396),#87,.T.);
#396 = FACE_BOUND('',#397,.F.);
#397 = EDGE_LOOP('',(#398,#428,#449,#450));
#398 = ORIENTED_EDGE('',*,*,#399,.T.);
#399 = EDGE_CURVE('',#400,#402,#404,.T.);
#400 = VERTEX_POINT('',#401);
#401 = CARTESIAN_POINT('',(-7.62,-10.,11.399999999978));
#402 = VERTEX_POINT('',#403);
#403 = CARTESIAN_POINT('',(-7.12,-10.,11.399999999978));
#404 = SURFACE_CURVE('',#405,(#409,#416),.PCURVE_S1.);
#405 = LINE('',#406,#407);
#406 = CARTESIAN_POINT('',(-7.62,-10.,11.399999999978));
#407 = VECTOR('',#408,1.);
#408 = DIRECTION('',(1.,-9.992007221626E-16,-3.330669073875E-16));
#409 = PCURVE('',#87,#410);
#410 = DEFINITIONAL_REPRESENTATION('',(#411),#415);
#411 = LINE('',#412,#413);
#412 = CARTESIAN_POINT('',(-0.,0.));
#413 = VECTOR('',#414,1.);
#414 = DIRECTION('',(-6.661338147751E-16,-1.));
#415 = ( GEOMETRIC_REPRESENTATION_CONTEXT(2) 
PARAMETRIC_REPRESENTATION_CONTEXT() REPRESENTATION_CONTEXT('2D SPACE',''
  ) );
#416 = PCURVE('',#417,#422);
#417 = CYLINDRICAL_SURFACE('',#418,1.);
#418 = AXIS2_PLACEMENT_3D('',#419,#420,#421);
#419 = CARTESIAN_POINT('',(-7.62,-9.,11.399999999978));
#420 = DIRECTION('',(-1.,1.221245327088E-15,5.551115123126E-16));
#421 = DIRECTION('',(-1.110223024625E-16,1.,-1.33226762955E-15));
#422 = DEFINITIONAL_REPRESENTATION('',(#423),#427);
#423 = LINE('',#424,#425);
#424 = CARTESIAN_POINT('',(-3.14159265359,0.));
#425 = VECTOR('',#426,1.);
#426 = DIRECTION('',(-0.,-1.));
#427 = ( GEOMETRIC_REPRESENTATION_CONTEXT(2) 
PARAMETRIC_REPRESENTATION_CONTEXT() REPRESENTATION_CONTEXT('2D SPACE',''
  ) );
#428 = ORIENTED_EDGE('',*,*,#429,.T.);
#429 = EDGE_CURVE('',#402,#72,#430,.T.);
#430 = SURFACE_CURVE('',#431,(#435,#442),.PCURVE_S1.);
#431 = LINE('',#432,#433);
#432 = CARTESIAN_POINT('',(-7.12,-10.,11.399999999978));
#433 = VECTOR('',#434,1.);
#434 = DIRECTION('',(1.221245327088E-15,1.110223024625E-15,-1.));
#435 = PCURVE('',#87,#436);
#436 = DEFINITIONAL_REPRESENTATION('',(#437),#441);
#437 = LINE('',#438,#439);
#438 = CARTESIAN_POINT('',(1.743050148661E-14,-0.5));
#439 = VECTOR('',#440,1.);
#440 = DIRECTION('',(-1.,-1.33226762955E-15));
#441 = ( GEOMETRIC_REPRESENTATION_CONTEXT(2) 
PARAMETRIC_REPRESENTATION_CONTEXT() REPRESENTATION_CONTEXT('2D SPACE',''
  ) );
#442 = PCURVE('',#249,#443);
#443 = DEFINITIONAL_REPRESENTATION('',(#444),#448);
#444 = LINE('',#445,#446);
#445 = CARTESIAN_POINT('',(-5.319355830107,6.));
#446 = VECTOR('',#447,1.);
#447 = DIRECTION('',(1.,-2.22044604925E-15));
#448 = ( GEOMETRIC_REPRESENTATION_CONTEXT(2) 
PARAMETRIC_REPRESENTATION_CONTEXT() REPRESENTATION_CONTEXT('2D SPACE',''
  ) );
#449 = ORIENTED_EDGE('',*,*,#71,.F.);
#450 = ORIENTED_EDGE('',*,*,#451,.F.);
#451 = EDGE_CURVE('',#400,#37,#452,.T.);
#452 = SURFACE_CURVE('',#453,(#457,#464),.PCURVE_S1.);
#453 = LINE('',#454,#455);
#454 = CARTESIAN_POINT('',(-7.62,-10.,11.399999999978));
#455 = VECTOR('',#456,1.);
#456 = DIRECTION('',(1.221245327088E-15,1.110223024625E-15,-1.));
#457 = PCURVE('',#87,#458);
#458 = DEFINITIONAL_REPRESENTATION('',(#459),#463);
#459 = LINE('',#460,#461);
#460 = CARTESIAN_POINT('',(1.59872115546E-14,7.993605777301E-15));
#461 = VECTOR('',#462,1.);
#462 = DIRECTION('',(-1.,-1.33226762955E-15));
#463 = ( GEOMETRIC_REPRESENTATION_CONTEXT(2) 
PARAMETRIC_REPRESENTATION_CONTEXT() REPRESENTATION_CONTEXT('2D SPACE',''
  ) );
#464 = PCURVE('',#173,#465);
#465 = DEFINITIONAL_REPRESENTATION('',(#466),#470);
#466 = LINE('',#467,#468);
#467 = CARTESIAN_POINT('',(-5.319355830107,6.));
#468 = VECTOR('',#469,1.);
#469 = DIRECTION('',(1.,-2.22044604925E-15));
#470 = ( GEOMETRIC_REPRESENTATION_CONTEXT(2) 
PARAMETRIC_REPRESENTATION_CONTEXT() REPRESENTATION_CONTEXT('2D SPACE',''
  ) );
#471 = ADVANCED_FACE('',(#472),#173,.T.);
#472 = FACE_BOUND('',#473,.F.);
#473 = EDGE_LOOP('',(#474,#475,#476,#477,#478,#479,#507,#535));
#474 = ORIENTED_EDGE('',*,*,#451,.T.);
#475 = ORIENTED_EDGE('',*,*,#208,.F.);
#476 = ORIENTED_EDGE('',*,*,#185,.F.);
#477 = ORIENTED_EDGE('',*,*,#157,.F.);
#478 = ORIENTED_EDGE('',*,*,#289,.T.);
#479 = ORIENTED_EDGE('',*,*,#480,.T.);
#480 = EDGE_CURVE('',#262,#481,#483,.T.);
#481 = VERTEX_POINT('',#482);
#482 = CARTESIAN_POINT('',(-7.62,1.,12.399999999978));
#483 = SURFACE_CURVE('',#484,(#489,#500),.PCURVE_S1.);
#484 = CIRCLE('',#485,1.);
#485 = AXIS2_PLACEMENT_3D('',#486,#487,#488);
#486 = CARTESIAN_POINT('',(-7.62,1.,11.399999999978));
#487 = DIRECTION('',(1.,5.551115123126E-16,1.221245327088E-15));
#488 = DIRECTION('',(-5.551115123126E-16,1.,-1.7763568394E-15));
#489 = PCURVE('',#173,#490);
#490 = DEFINITIONAL_REPRESENTATION('',(#491),#499);
#491 = ( BOUNDED_CURVE() B_SPLINE_CURVE(2,(#492,#493,#494,#495,#496,#497
,#498),.UNSPECIFIED.,.T.,.F.) B_SPLINE_CURVE_WITH_KNOTS((1,2,2,2,2,1),(
    -2.094395102393,0.,2.094395102393,4.188790204786,6.28318530718,
8.377580409573),.UNSPECIFIED.) CURVE() GEOMETRIC_REPRESENTATION_ITEM() 
RATIONAL_B_SPLINE_CURVE((1.,0.5,1.,0.5,1.,0.5,1.)) REPRESENTATION_ITEM(
  '') );
#492 = CARTESIAN_POINT('',(-5.319355830107,-6.));
#493 = CARTESIAN_POINT('',(-7.051406637675,-6.));
#494 = CARTESIAN_POINT('',(-6.185381233891,-4.5));
#495 = CARTESIAN_POINT('',(-5.319355830107,-3.));
#496 = CARTESIAN_POINT('',(-4.453330426322,-4.5));
#497 = CARTESIAN_POINT('',(-3.587305022538,-6.));
#498 = CARTESIAN_POINT('',(-5.319355830107,-6.));
#499 = ( GEOMETRIC_REPRESENTATION_CONTEXT(2) 
PARAMETRIC_REPRESENTATION_CONTEXT() REPRESENTATION_CONTEXT('2D SPACE',''
  ) );
#500 = PCURVE('',#277,#501);
#501 = DEFINITIONAL_REPRESENTATION('',(#502),#506);
#502 = LINE('',#503,#504);
#503 = CARTESIAN_POINT('',(-0.,0.));
#504 = VECTOR('',#505,1.);
#505 = DIRECTION('',(-1.,0.));
#506 = ( GEOMETRIC_REPRESENTATION_CONTEXT(2) 
PARAMETRIC_REPRESENTATION_CONTEXT() REPRESENTATION_CONTEXT('2D SPACE',''
  ) );
#507 = ORIENTED_EDGE('',*,*,#508,.T.);
#508 = EDGE_CURVE('',#481,#509,#511,.T.);
#509 = VERTEX_POINT('',#510);
#510 = CARTESIAN_POINT('',(-7.62,-9.,12.399999999978));
#511 = SURFACE_CURVE('',#512,(#516,#523),.PCURVE_S1.);
#512 = LINE('',#513,#514);
#513 = CARTESIAN_POINT('',(-7.62,1.,12.399999999978));
#514 = VECTOR('',#515,1.);
#515 = DIRECTION('',(5.551115123126E-16,-1.,1.7763568394E-15));
#516 = PCURVE('',#173,#517);
#517 = DEFINITIONAL_REPRESENTATION('',(#518),#522);
#518 = LINE('',#519,#520);
#519 = CARTESIAN_POINT('',(-6.319355830107,-5.));
#520 = VECTOR('',#521,1.);
#521 = DIRECTION('',(-2.22044604925E-15,1.));
#522 = ( GEOMETRIC_REPRESENTATION_CONTEXT(2) 
PARAMETRIC_REPRESENTATION_CONTEXT() REPRESENTATION_CONTEXT('2D SPACE',''
  ) );
#523 = PCURVE('',#524,#529);
#524 = PLANE('',#525);
#525 = AXIS2_PLACEMENT_3D('',#526,#527,#528);
#526 = CARTESIAN_POINT('',(-7.62,1.,12.399999999978));
#527 = DIRECTION('',(-9.992007221626E-16,-4.440892098501E-16,1.));
#528 = DIRECTION('',(-1.110223024625E-16,1.,-1.33226762955E-15));
#529 = DEFINITIONAL_REPRESENTATION('',(#530),#534);
#530 = LINE('',#531,#532);
#531 = CARTESIAN_POINT('',(7.105427357601E-15,1.33226762955E-14));
#532 = VECTOR('',#533,1.);
#533 = DIRECTION('',(-1.,-1.33226762955E-15));
#534 = ( GEOMETRIC_REPRESENTATION_CONTEXT(2) 
PARAMETRIC_REPRESENTATION_CONTEXT() REPRESENTATION_CONTEXT('2D SPACE',''
  ) );
#535 = ORIENTED_EDGE('',*,*,#536,.T.);
#536 = EDGE_CURVE('',#509,#400,#537,.T.);
#537 = SURFACE_CURVE('',#538,(#543,#554),.PCURVE_S1.);
#538 = CIRCLE('',#539,1.);
#539 = AXIS2_PLACEMENT_3D('',#540,#541,#542);
#540 = CARTESIAN_POINT('',(-7.62,-9.,11.399999999978));
#541 = DIRECTION('',(1.,5.551115123126E-16,1.221245327088E-15));
#542 = DIRECTION('',(-5.551115123126E-16,1.,-1.7763568394E-15));
#543 = PCURVE('',#173,#544);
#544 = DEFINITIONAL_REPRESENTATION('',(#545),#553);
#545 = ( BOUNDED_CURVE() B_SPLINE_CURVE(2,(#546,#547,#548,#549,#550,#551
,#552),.UNSPECIFIED.,.T.,.F.) B_SPLINE_CURVE_WITH_KNOTS((1,2,2,2,2,1),(
    -2.094395102393,0.,2.094395102393,4.188790204786,6.28318530718,
8.377580409573),.UNSPECIFIED.) CURVE() GEOMETRIC_REPRESENTATION_ITEM() 
RATIONAL_B_SPLINE_CURVE((1.,0.5,1.,0.5,1.,0.5,1.)) REPRESENTATION_ITEM(
  '') );
#546 = CARTESIAN_POINT('',(-5.319355830107,4.));
#547 = CARTESIAN_POINT('',(-7.051406637676,4.));
#548 = CARTESIAN_POINT('',(-6.185381233891,5.5));
#549 = CARTESIAN_POINT('',(-5.319355830107,7.));
#550 = CARTESIAN_POINT('',(-4.453330426322,5.5));
#551 = CARTESIAN_POINT('',(-3.587305022538,4.));
#552 = CARTESIAN_POINT('',(-5.319355830107,4.));
#553 = ( GEOMETRIC_REPRESENTATION_CONTEXT(2) 
PARAMETRIC_REPRESENTATION_CONTEXT() REPRESENTATION_CONTEXT('2D SPACE',''
  ) );
#554 = PCURVE('',#417,#555);
#555 = DEFINITIONAL_REPRESENTATION('',(#556),#560);
#556 = LINE('',#557,#558);
#557 = CARTESIAN_POINT('',(-0.,0.));
#558 = VECTOR('',#559,1.);
#559 = DIRECTION('',(-1.,0.));
#560 = ( GEOMETRIC_REPRESENTATION_CONTEXT(2) 
PARAMETRIC_REPRESENTATION_CONTEXT() REPRESENTATION_CONTEXT('2D SPACE',''
  ) );
#561 = ADVANCED_FACE('',(#562),#277,.T.);
#562 = FACE_BOUND('',#563,.F.);
#563 = EDGE_LOOP('',(#564,#565,#593,#614));
#564 = ORIENTED_EDGE('',*,*,#261,.T.);
#565 = ORIENTED_EDGE('',*,*,#566,.T.);
#566 = EDGE_CURVE('',#234,#567,#569,.T.);
#567 = VERTEX_POINT('',#568);
#568 = CARTESIAN_POINT('',(-7.12,1.,12.399999999978));
#569 = SURFACE_CURVE('',#570,(#575,#582),.PCURVE_S1.);
#570 = CIRCLE('',#571,1.);
#571 = AXIS2_PLACEMENT_3D('',#572,#573,#574);
#572 = CARTESIAN_POINT('',(-7.12,1.,11.399999999978));
#573 = DIRECTION('',(1.,5.551115123126E-16,1.221245327088E-15));
#574 = DIRECTION('',(-5.551115123126E-16,1.,-1.7763568394E-15));
#575 = PCURVE('',#277,#576);
#576 = DEFINITIONAL_REPRESENTATION('',(#577),#581);
#577 = LINE('',#578,#579);
#578 = CARTESIAN_POINT('',(-0.,-0.5));
#579 = VECTOR('',#580,1.);
#580 = DIRECTION('',(-1.,0.));
#581 = ( GEOMETRIC_REPRESENTATION_CONTEXT(2) 
PARAMETRIC_REPRESENTATION_CONTEXT() REPRESENTATION_CONTEXT('2D SPACE',''
  ) );
#582 = PCURVE('',#249,#583);
#583 = DEFINITIONAL_REPRESENTATION('',(#584),#592);
#584 = ( BOUNDED_CURVE() B_SPLINE_CURVE(2,(#585,#586,#587,#588,#589,#590
,#591),.UNSPECIFIED.,.T.,.F.) B_SPLINE_CURVE_WITH_KNOTS((1,2,2,2,2,1),(
    -2.094395102393,0.,2.094395102393,4.188790204786,6.28318530718,
8.377580409573),.UNSPECIFIED.) CURVE() GEOMETRIC_REPRESENTATION_ITEM() 
RATIONAL_B_SPLINE_CURVE((1.,0.5,1.,0.5,1.,0.5,1.)) REPRESENTATION_ITEM(
  '') );
#585 = CARTESIAN_POINT('',(-5.319355830107,-6.));
#586 = CARTESIAN_POINT('',(-7.051406637675,-6.));
#587 = CARTESIAN_POINT('',(-6.185381233891,-4.5));
#588 = CARTESIAN_POINT('',(-5.319355830107,-3.));
#589 = CARTESIAN_POINT('',(-4.453330426322,-4.5));
#590 = CARTESIAN_POINT('',(-3.587305022538,-6.));
#591 = CARTESIAN_POINT('',(-5.319355830107,-6.));
#592 = ( GEOMETRIC_REPRESENTATION_CONTEXT(2) 
PARAMETRIC_REPRESENTATION_CONTEXT() REPRESENTATION_CONTEXT('2D SPACE',''
  ) );
#593 = ORIENTED_EDGE('',*,*,#594,.F.);
#594 = EDGE_CURVE('',#481,#567,#595,.T.);
#595 = SURFACE_CURVE('',#596,(#600,#607),.PCURVE_S1.);
#596 = LINE('',#597,#598);
#597 = CARTESIAN_POINT('',(-7.62,1.,12.399999999978));
#598 = VECTOR('',#599,1.);
#599 = DIRECTION('',(1.,-9.992007221626E-16,-3.330669073875E-16));
#600 = PCURVE('',#277,#601);
#601 = DEFINITIONAL_REPRESENTATION('',(#602),#606);
#602 = LINE('',#603,#604);
#603 = CARTESIAN_POINT('',(-1.570796326795,0.));
#604 = VECTOR('',#605,1.);
#605 = DIRECTION('',(-0.,-1.));
#606 = ( GEOMETRIC_REPRESENTATION_CONTEXT(2) 
PARAMETRIC_REPRESENTATION_CONTEXT() REPRESENTATION_CONTEXT('2D SPACE',''
  ) );
#607 = PCURVE('',#524,#608);
#608 = DEFINITIONAL_REPRESENTATION('',(#609),#613);
#609 = LINE('',#610,#611);
#610 = CARTESIAN_POINT('',(-0.,0.));
#611 = VECTOR('',#612,1.);
#612 = DIRECTION('',(-6.661338147751E-16,-1.));
#613 = ( GEOMETRIC_REPRESENTATION_CONTEXT(2) 
PARAMETRIC_REPRESENTATION_CONTEXT() REPRESENTATION_CONTEXT('2D SPACE',''
  ) );
#614 = ORIENTED_EDGE('',*,*,#480,.F.);
#615 = ADVANCED_FACE('',(#616),#249,.F.);
#616 = FACE_BOUND('',#617,.T.);
#617 = EDGE_LOOP('',(#618,#619,#642,#670,#691,#692,#693,#716));
#618 = ORIENTED_EDGE('',*,*,#429,.T.);
#619 = ORIENTED_EDGE('',*,*,#620,.F.);
#620 = EDGE_CURVE('',#621,#72,#623,.T.);
#621 = VERTEX_POINT('',#622);
#622 = CARTESIAN_POINT('',(-7.12,-9.264199,6.5));
#623 = SURFACE_CURVE('',#624,(#628,#635),.PCURVE_S1.);
#624 = LINE('',#625,#626);
#625 = CARTESIAN_POINT('',(-7.12,-9.254332557178,6.587159270429));
#626 = VECTOR('',#627,1.);
#627 = DIRECTION('',(2.73630541224E-16,-0.112481761834,-0.993653789433)
  );
#628 = PCURVE('',#249,#629);
#629 = DEFINITIONAL_REPRESENTATION('',(#630),#634);
#630 = LINE('',#631,#632);
#631 = CARTESIAN_POINT('',(-0.506515100558,5.254332557178));
#632 = VECTOR('',#633,1.);
#633 = DIRECTION('',(0.993653789433,0.112481761834));
#634 = ( GEOMETRIC_REPRESENTATION_CONTEXT(2) 
PARAMETRIC_REPRESENTATION_CONTEXT() REPRESENTATION_CONTEXT('2D SPACE',''
  ) );
#635 = PCURVE('',#330,#636);
#636 = DEFINITIONAL_REPRESENTATION('',(#637),#641);
#637 = LINE('',#638,#639);
#638 = CARTESIAN_POINT('',(-8.771593421718E-02,-0.5));
#639 = VECTOR('',#640,1.);
#640 = DIRECTION('',(1.,1.780542430728E-16));
#641 = ( GEOMETRIC_REPRESENTATION_CONTEXT(2) 
PARAMETRIC_REPRESENTATION_CONTEXT() REPRESENTATION_CONTEXT('2D SPACE',''
  ) );
#642 = ORIENTED_EDGE('',*,*,#643,.F.);
#643 = EDGE_CURVE('',#644,#621,#646,.T.);
#644 = VERTEX_POINT('',#645);
#645 = CARTESIAN_POINT('',(-7.12,1.264199,6.5));
#646 = SURFACE_CURVE('',#647,(#651,#658),.PCURVE_S1.);
#647 = LINE('',#648,#649);
#648 = CARTESIAN_POINT('',(-7.12,-1.3679005,6.5));
#649 = VECTOR('',#650,1.);
#650 = DIRECTION('',(-3.320517138013E-16,-1.,1.221245327088E-15));
#651 = PCURVE('',#249,#652);
#652 = DEFINITIONAL_REPRESENTATION('',(#653),#657);
#653 = LINE('',#654,#655);
#654 = CARTESIAN_POINT('',(-0.419355830129,-2.6320995));
#655 = VECTOR('',#656,1.);
#656 = DIRECTION('',(-2.109423746788E-15,1.));
#657 = ( GEOMETRIC_REPRESENTATION_CONTEXT(2) 
PARAMETRIC_REPRESENTATION_CONTEXT() REPRESENTATION_CONTEXT('2D SPACE',''
  ) );
#658 = PCURVE('',#659,#664);
#659 = PLANE('',#660);
#660 = AXIS2_PLACEMENT_3D('',#661,#662,#663);
#661 = CARTESIAN_POINT('',(-7.62,1.264199,6.5));
#662 = DIRECTION('',(1.498801083244E-15,-3.330669073875E-16,-1.));
#663 = DIRECTION('',(2.22044604925E-16,-1.,1.665334536938E-15));
#664 = DEFINITIONAL_REPRESENTATION('',(#665),#669);
#665 = LINE('',#666,#667);
#666 = CARTESIAN_POINT('',(2.6320995,-0.5));
#667 = VECTOR('',#668,1.);
#668 = DIRECTION('',(1.,-5.561267058989E-16));
#669 = ( GEOMETRIC_REPRESENTATION_CONTEXT(2) 
PARAMETRIC_REPRESENTATION_CONTEXT() REPRESENTATION_CONTEXT('2D SPACE',''
  ) );
#670 = ORIENTED_EDGE('',*,*,#671,.F.);
#671 = EDGE_CURVE('',#100,#644,#672,.T.);
#672 = SURFACE_CURVE('',#673,(#677,#684),.PCURVE_S1.);
#673 = LINE('',#674,#675);
#674 = CARTESIAN_POINT('',(-7.12,1.622233057178,3.337159270429));
#675 = VECTOR('',#676,1.);
#676 = DIRECTION('',(-3.483300648005E-16,-0.112481761834,0.993653789433)
  );
#677 = PCURVE('',#249,#678);
#678 = DEFINITIONAL_REPRESENTATION('',(#679),#683);
#679 = LINE('',#680,#681);
#680 = CARTESIAN_POINT('',(2.743484899442,-5.622233057178));
#681 = VECTOR('',#682,1.);
#682 = DIRECTION('',(-0.993653789433,0.112481761834));
#683 = ( GEOMETRIC_REPRESENTATION_CONTEXT(2) 
PARAMETRIC_REPRESENTATION_CONTEXT() REPRESENTATION_CONTEXT('2D SPACE',''
  ) );
#684 = PCURVE('',#384,#685);
#685 = DEFINITIONAL_REPRESENTATION('',(#686),#690);
#686 = LINE('',#687,#688);
#687 = CARTESIAN_POINT('',(3.358472846294,-0.5));
#688 = VECTOR('',#689,1.);
#689 = DIRECTION('',(1.,-3.031624664373E-16));
#690 = ( GEOMETRIC_REPRESENTATION_CONTEXT(2) 
PARAMETRIC_REPRESENTATION_CONTEXT() REPRESENTATION_CONTEXT('2D SPACE',''
  ) );
#691 = ORIENTED_EDGE('',*,*,#233,.T.);
#692 = ORIENTED_EDGE('',*,*,#566,.T.);
#693 = ORIENTED_EDGE('',*,*,#694,.T.);
#694 = EDGE_CURVE('',#567,#695,#697,.T.);
#695 = VERTEX_POINT('',#696);
#696 = CARTESIAN_POINT('',(-7.12,-9.,12.399999999978));
#697 = SURFACE_CURVE('',#698,(#702,#709),.PCURVE_S1.);
#698 = LINE('',#699,#700);
#699 = CARTESIAN_POINT('',(-7.12,1.,12.399999999978));
#700 = VECTOR('',#701,1.);
#701 = DIRECTION('',(5.551115123126E-16,-1.,1.7763568394E-15));
#702 = PCURVE('',#249,#703);
#703 = DEFINITIONAL_REPRESENTATION('',(#704),#708);
#704 = LINE('',#705,#706);
#705 = CARTESIAN_POINT('',(-6.319355830107,-5.));
#706 = VECTOR('',#707,1.);
#707 = DIRECTION('',(-2.22044604925E-15,1.));
#708 = ( GEOMETRIC_REPRESENTATION_CONTEXT(2) 
PARAMETRIC_REPRESENTATION_CONTEXT() REPRESENTATION_CONTEXT('2D SPACE',''
  ) );
#709 = PCURVE('',#524,#710);
#710 = DEFINITIONAL_REPRESENTATION('',(#711),#715);
#711 = LINE('',#712,#713);
#712 = CARTESIAN_POINT('',(5.995204332976E-15,-0.5));
#713 = VECTOR('',#714,1.);
#714 = DIRECTION('',(-1.,-1.33226762955E-15));
#715 = ( GEOMETRIC_REPRESENTATION_CONTEXT(2) 
PARAMETRIC_REPRESENTATION_CONTEXT() REPRESENTATION_CONTEXT('2D SPACE',''
  ) );
#716 = ORIENTED_EDGE('',*,*,#717,.T.);
#717 = EDGE_CURVE('',#695,#402,#718,.T.);
#718 = SURFACE_CURVE('',#719,(#724,#735),.PCURVE_S1.);
#719 = CIRCLE('',#720,1.);
#720 = AXIS2_PLACEMENT_3D('',#721,#722,#723);
#721 = CARTESIAN_POINT('',(-7.12,-9.,11.399999999978));
#722 = DIRECTION('',(1.,5.551115123126E-16,1.221245327088E-15));
#723 = DIRECTION('',(-5.551115123126E-16,1.,-1.7763568394E-15));
#724 = PCURVE('',#249,#725);
#725 = DEFINITIONAL_REPRESENTATION('',(#726),#734);
#726 = ( BOUNDED_CURVE() B_SPLINE_CURVE(2,(#727,#728,#729,#730,#731,#732
,#733),.UNSPECIFIED.,.T.,.F.) B_SPLINE_CURVE_WITH_KNOTS((1,2,2,2,2,1),(
    -2.094395102393,0.,2.094395102393,4.188790204786,6.28318530718,
8.377580409573),.UNSPECIFIED.) CURVE() GEOMETRIC_REPRESENTATION_ITEM() 
RATIONAL_B_SPLINE_CURVE((1.,0.5,1.,0.5,1.,0.5,1.)) REPRESENTATION_ITEM(
  '') );
#727 = CARTESIAN_POINT('',(-5.319355830107,4.));
#728 = CARTESIAN_POINT('',(-7.051406637676,4.));
#729 = CARTESIAN_POINT('',(-6.185381233891,5.5));
#730 = CARTESIAN_POINT('',(-5.319355830107,7.));
#731 = CARTESIAN_POINT('',(-4.453330426322,5.5));
#732 = CARTESIAN_POINT('',(-3.587305022538,4.));
#733 = CARTESIAN_POINT('',(-5.319355830107,4.));
#734 = ( GEOMETRIC_REPRESENTATION_CONTEXT(2) 
PARAMETRIC_REPRESENTATION_CONTEXT() REPRESENTATION_CONTEXT('2D SPACE',''
  ) );
#735 = PCURVE('',#417,#736);
#736 = DEFINITIONAL_REPRESENTATION('',(#737),#741);
#737 = LINE('',#738,#739);
#738 = CARTESIAN_POINT('',(-0.,-0.5));
#739 = VECTOR('',#740,1.);
#740 = DIRECTION('',(-1.,0.));
#741 = ( GEOMETRIC_REPRESENTATION_CONTEXT(2) 
PARAMETRIC_REPRESENTATION_CONTEXT() REPRESENTATION_CONTEXT('2D SPACE',''
  ) );
#742 = ADVANCED_FACE('',(#743),#384,.F.);
#743 = FACE_BOUND('',#744,.F.);
#744 = EDGE_LOOP('',(#745,#746,#747,#775));
#745 = ORIENTED_EDGE('',*,*,#671,.F.);
#746 = ORIENTED_EDGE('',*,*,#370,.T.);
#747 = ORIENTED_EDGE('',*,*,#748,.T.);
#748 = EDGE_CURVE('',#343,#749,#751,.T.);
#749 = VERTEX_POINT('',#750);
#750 = CARTESIAN_POINT('',(-0.5,1.264199,6.5));
#751 = SURFACE_CURVE('',#752,(#756,#763),.PCURVE_S1.);
#752 = LINE('',#753,#754);
#753 = CARTESIAN_POINT('',(-0.5,1.622233057178,3.337159270429));
#754 = VECTOR('',#755,1.);
#755 = DIRECTION('',(-6.265165628702E-16,-0.112481761834,0.993653789433)
  );
#756 = PCURVE('',#384,#757);
#757 = DEFINITIONAL_REPRESENTATION('',(#758),#762);
#758 = LINE('',#759,#760);
#759 = CARTESIAN_POINT('',(3.358472846294,-7.12));
#760 = VECTOR('',#761,1.);
#761 = DIRECTION('',(1.,1.706835263717E-16));
#762 = ( GEOMETRIC_REPRESENTATION_CONTEXT(2) 
PARAMETRIC_REPRESENTATION_CONTEXT() REPRESENTATION_CONTEXT('2D SPACE',''
  ) );
#763 = PCURVE('',#764,#769);
#764 = PLANE('',#765);
#765 = AXIS2_PLACEMENT_3D('',#766,#767,#768);
#766 = CARTESIAN_POINT('',(-0.5,-4.,6.080644169871));
#767 = DIRECTION('',(1.,-8.881784197001E-16,3.330669073875E-16));
#768 = DIRECTION('',(-9.992007221626E-16,-1.110223024625E-16,1.));
#769 = DEFINITIONAL_REPRESENTATION('',(#770),#774);
#770 = LINE('',#771,#772);
#771 = CARTESIAN_POINT('',(-2.743484899442,-5.622233057178));
#772 = VECTOR('',#773,1.);
#773 = DIRECTION('',(0.993653789433,0.112481761834));
#774 = ( GEOMETRIC_REPRESENTATION_CONTEXT(2) 
PARAMETRIC_REPRESENTATION_CONTEXT() REPRESENTATION_CONTEXT('2D SPACE',''
  ) );
#775 = ORIENTED_EDGE('',*,*,#776,.F.);
#776 = EDGE_CURVE('',#644,#749,#777,.T.);
#777 = SURFACE_CURVE('',#778,(#782,#789),.PCURVE_S1.);
#778 = LINE('',#779,#780);
#779 = CARTESIAN_POINT('',(-7.62,1.264199,6.5));
#780 = VECTOR('',#781,1.);
#781 = DIRECTION('',(1.,-1.33226762955E-15,1.665334536938E-16));
#782 = PCURVE('',#384,#783);
#783 = DEFINITIONAL_REPRESENTATION('',(#784),#788);
#784 = LINE('',#785,#786);
#785 = CARTESIAN_POINT('',(6.541513824154,5.501909594585E-15));
#786 = VECTOR('',#787,1.);
#787 = DIRECTION('',(-9.231386079198E-16,-1.));
#788 = ( GEOMETRIC_REPRESENTATION_CONTEXT(2) 
PARAMETRIC_REPRESENTATION_CONTEXT() REPRESENTATION_CONTEXT('2D SPACE',''
  ) );
#789 = PCURVE('',#659,#790);
#790 = DEFINITIONAL_REPRESENTATION('',(#791),#795);
#791 = LINE('',#792,#793);
#792 = CARTESIAN_POINT('',(0.,0.));
#793 = VECTOR('',#794,1.);
#794 = DIRECTION('',(1.110223024625E-15,-1.));
#795 = ( GEOMETRIC_REPRESENTATION_CONTEXT(2) 
PARAMETRIC_REPRESENTATION_CONTEXT() REPRESENTATION_CONTEXT('2D SPACE',''
  ) );
#796 = ADVANCED_FACE('',(#797),#358,.F.);
#797 = FACE_BOUND('',#798,.F.);
#798 = EDGE_LOOP('',(#799,#827,#855,#881));
#799 = ORIENTED_EDGE('',*,*,#800,.T.);
#800 = EDGE_CURVE('',#315,#801,#803,.T.);
#801 = VERTEX_POINT('',#802);
#802 = CARTESIAN_POINT('',(0.5,-10.,2.762234885267E-15));
#803 = SURFACE_CURVE('',#804,(#808,#815),.PCURVE_S1.);
#804 = LINE('',#805,#806);
#805 = CARTESIAN_POINT('',(-0.5,-10.,2.207123372955E-15));
#806 = VECTOR('',#807,1.);
#807 = DIRECTION('',(1.,-6.661338147751E-16,5.551115123126E-16));
#808 = PCURVE('',#358,#809);
#809 = DEFINITIONAL_REPRESENTATION('',(#810),#814);
#810 = LINE('',#811,#812);
#811 = CARTESIAN_POINT('',(0.,0.));
#812 = VECTOR('',#813,1.);
#813 = DIRECTION('',(-2.22044604925E-16,-1.));
#814 = ( GEOMETRIC_REPRESENTATION_CONTEXT(2) 
PARAMETRIC_REPRESENTATION_CONTEXT() REPRESENTATION_CONTEXT('2D SPACE',''
  ) );
#815 = PCURVE('',#816,#821);
#816 = PLANE('',#817);
#817 = AXIS2_PLACEMENT_3D('',#818,#819,#820);
#818 = CARTESIAN_POINT('',(-0.5,-10.,11.399999999978));
#819 = DIRECTION('',(6.661338147751E-16,1.,-1.110223024625E-16));
#820 = DIRECTION('',(7.771561172376E-16,-1.110223024625E-16,-1.));
#821 = DEFINITIONAL_REPRESENTATION('',(#822),#826);
#822 = LINE('',#823,#824);
#823 = CARTESIAN_POINT('',(11.399999999978,8.881784195261E-17));
#824 = VECTOR('',#825,1.);
#825 = DIRECTION('',(2.22044604925E-16,-1.));
#826 = ( GEOMETRIC_REPRESENTATION_CONTEXT(2) 
PARAMETRIC_REPRESENTATION_CONTEXT() REPRESENTATION_CONTEXT('2D SPACE',''
  ) );
#827 = ORIENTED_EDGE('',*,*,#828,.T.);
#828 = EDGE_CURVE('',#801,#829,#831,.T.);
#829 = VERTEX_POINT('',#830);
#830 = CARTESIAN_POINT('',(0.5,2.,-1.234568003383E-15));
#831 = SURFACE_CURVE('',#832,(#836,#843),.PCURVE_S1.);
#832 = LINE('',#833,#834);
#833 = CARTESIAN_POINT('',(0.5,-10.,4.662936703426E-15));
#834 = VECTOR('',#835,1.);
#835 = DIRECTION('',(2.22044604925E-16,1.,-5.551115123126E-16));
#836 = PCURVE('',#358,#837);
#837 = DEFINITIONAL_REPRESENTATION('',(#838),#842);
#838 = LINE('',#839,#840);
#839 = CARTESIAN_POINT('',(-3.10862446895E-15,-1.));
#840 = VECTOR('',#841,1.);
#841 = DIRECTION('',(1.,2.22044604925E-16));
#842 = ( GEOMETRIC_REPRESENTATION_CONTEXT(2) 
PARAMETRIC_REPRESENTATION_CONTEXT() REPRESENTATION_CONTEXT('2D SPACE',''
  ) );
#843 = PCURVE('',#844,#849);
#844 = PLANE('',#845);
#845 = AXIS2_PLACEMENT_3D('',#846,#847,#848);
#846 = CARTESIAN_POINT('',(-7.62,-10.,1.538436045223E-14));
#847 = DIRECTION('',(-1.498801083244E-15,3.330669073875E-16,1.));
#848 = DIRECTION('',(-2.22044604925E-16,1.,-1.665334536938E-15));
#849 = DEFINITIONAL_REPRESENTATION('',(#850),#854);
#850 = LINE('',#851,#852);
#851 = CARTESIAN_POINT('',(-1.071143174158E-14,-8.12));
#852 = VECTOR('',#853,1.);
#853 = DIRECTION('',(1.,8.881784197001E-16));
#854 = ( GEOMETRIC_REPRESENTATION_CONTEXT(2) 
PARAMETRIC_REPRESENTATION_CONTEXT() REPRESENTATION_CONTEXT('2D SPACE',''
  ) );
#855 = ORIENTED_EDGE('',*,*,#856,.F.);
#856 = EDGE_CURVE('',#343,#829,#857,.T.);
#857 = SURFACE_CURVE('',#858,(#862,#869),.PCURVE_S1.);
#858 = LINE('',#859,#860);
#859 = CARTESIAN_POINT('',(-0.5,2.,-1.789679515696E-15));
#860 = VECTOR('',#861,1.);
#861 = DIRECTION('',(1.,-6.661338147751E-16,5.551115123126E-16));
#862 = PCURVE('',#358,#863);
#863 = DEFINITIONAL_REPRESENTATION('',(#864),#868);
#864 = LINE('',#865,#866);
#865 = CARTESIAN_POINT('',(12.,2.218671295934E-30));
#866 = VECTOR('',#867,1.);
#867 = DIRECTION('',(-2.22044604925E-16,-1.));
#868 = ( GEOMETRIC_REPRESENTATION_CONTEXT(2) 
PARAMETRIC_REPRESENTATION_CONTEXT() REPRESENTATION_CONTEXT('2D SPACE',''
  ) );
#869 = PCURVE('',#870,#875);
#870 = PLANE('',#871);
#871 = AXIS2_PLACEMENT_3D('',#872,#873,#874);
#872 = CARTESIAN_POINT('',(-0.5,2.,-1.789679515696E-15));
#873 = DIRECTION('',(-6.661338147751E-16,-1.,1.110223024625E-16));
#874 = DIRECTION('',(-7.771561172376E-16,1.110223024625E-16,1.));
#875 = DEFINITIONAL_REPRESENTATION('',(#876),#880);
#876 = LINE('',#877,#878);
#877 = CARTESIAN_POINT('',(0.,0.));
#878 = VECTOR('',#879,1.);
#879 = DIRECTION('',(-2.22044604925E-16,-1.));
#880 = ( GEOMETRIC_REPRESENTATION_CONTEXT(2) 
PARAMETRIC_REPRESENTATION_CONTEXT() REPRESENTATION_CONTEXT('2D SPACE',''
  ) );
#881 = ORIENTED_EDGE('',*,*,#342,.F.);
#882 = ADVANCED_FACE('',(#883),#330,.F.);
#883 = FACE_BOUND('',#884,.F.);
#884 = EDGE_LOOP('',(#885,#886,#909,#930));
#885 = ORIENTED_EDGE('',*,*,#620,.F.);
#886 = ORIENTED_EDGE('',*,*,#887,.T.);
#887 = EDGE_CURVE('',#621,#888,#890,.T.);
#888 = VERTEX_POINT('',#889);
#889 = CARTESIAN_POINT('',(-0.5,-9.264199,6.5));
#890 = SURFACE_CURVE('',#891,(#895,#902),.PCURVE_S1.);
#891 = LINE('',#892,#893);
#892 = CARTESIAN_POINT('',(-7.62,-9.264199,6.5));
#893 = VECTOR('',#894,1.);
#894 = DIRECTION('',(1.,-1.33226762955E-15,1.665334536938E-16));
#895 = PCURVE('',#330,#896);
#896 = DEFINITIONAL_REPRESENTATION('',(#897),#901);
#897 = LINE('',#898,#899);
#898 = CARTESIAN_POINT('',(0.,0.));
#899 = VECTOR('',#900,1.);
#900 = DIRECTION('',(1.172898291596E-15,-1.));
#901 = ( GEOMETRIC_REPRESENTATION_CONTEXT(2) 
PARAMETRIC_REPRESENTATION_CONTEXT() REPRESENTATION_CONTEXT('2D SPACE',''
  ) );
#902 = PCURVE('',#659,#903);
#903 = DEFINITIONAL_REPRESENTATION('',(#904),#908);
#904 = LINE('',#905,#906);
#905 = CARTESIAN_POINT('',(10.528398,-9.116440047308E-15));
#906 = VECTOR('',#907,1.);
#907 = DIRECTION('',(1.110223024625E-15,-1.));
#908 = ( GEOMETRIC_REPRESENTATION_CONTEXT(2) 
PARAMETRIC_REPRESENTATION_CONTEXT() REPRESENTATION_CONTEXT('2D SPACE',''
  ) );
#909 = ORIENTED_EDGE('',*,*,#910,.T.);
#910 = EDGE_CURVE('',#888,#315,#911,.T.);
#911 = SURFACE_CURVE('',#912,(#916,#923),.PCURVE_S1.);
#912 = LINE('',#913,#914);
#913 = CARTESIAN_POINT('',(-0.5,-9.254332557178,6.587159270429));
#914 = VECTOR('',#915,1.);
#915 = DIRECTION('',(4.766607526645E-16,-0.112481761834,-0.993653789433)
  );
#916 = PCURVE('',#330,#917);
#917 = DEFINITIONAL_REPRESENTATION('',(#918),#922);
#918 = LINE('',#919,#920);
#919 = CARTESIAN_POINT('',(-8.771593421716E-02,-7.12));
#920 = VECTOR('',#921,1.);
#921 = DIRECTION('',(1.,-2.705873998422E-16));
#922 = ( GEOMETRIC_REPRESENTATION_CONTEXT(2) 
PARAMETRIC_REPRESENTATION_CONTEXT() REPRESENTATION_CONTEXT('2D SPACE',''
  ) );
#923 = PCURVE('',#764,#924);
#924 = DEFINITIONAL_REPRESENTATION('',(#925),#929);
#925 = LINE('',#926,#927);
#926 = CARTESIAN_POINT('',(0.506515100558,5.254332557178));
#927 = VECTOR('',#928,1.);
#928 = DIRECTION('',(-0.993653789433,0.112481761834));
#929 = ( GEOMETRIC_REPRESENTATION_CONTEXT(2) 
PARAMETRIC_REPRESENTATION_CONTEXT() REPRESENTATION_CONTEXT('2D SPACE',''
  ) );
#930 = ORIENTED_EDGE('',*,*,#314,.F.);
#931 = ADVANCED_FACE('',(#932),#417,.T.);
#932 = FACE_BOUND('',#933,.F.);
#933 = EDGE_LOOP('',(#934,#955,#956,#957));
#934 = ORIENTED_EDGE('',*,*,#935,.T.);
#935 = EDGE_CURVE('',#509,#695,#936,.T.);
#936 = SURFACE_CURVE('',#937,(#941,#948),.PCURVE_S1.);
#937 = LINE('',#938,#939);
#938 = CARTESIAN_POINT('',(-7.62,-9.,12.399999999978));
#939 = VECTOR('',#940,1.);
#940 = DIRECTION('',(1.,-9.992007221626E-16,-3.330669073875E-16));
#941 = PCURVE('',#417,#942);
#942 = DEFINITIONAL_REPRESENTATION('',(#943),#947);
#943 = LINE('',#944,#945);
#944 = CARTESIAN_POINT('',(-1.570796326795,0.));
#945 = VECTOR('',#946,1.);
#946 = DIRECTION('',(-0.,-1.));
#947 = ( GEOMETRIC_REPRESENTATION_CONTEXT(2) 
PARAMETRIC_REPRESENTATION_CONTEXT() REPRESENTATION_CONTEXT('2D SPACE',''
  ) );
#948 = PCURVE('',#524,#949);
#949 = DEFINITIONAL_REPRESENTATION('',(#950),#954);
#950 = LINE('',#951,#952);
#951 = CARTESIAN_POINT('',(-10.,-7.993605777301E-15));
#952 = VECTOR('',#953,1.);
#953 = DIRECTION('',(-6.661338147751E-16,-1.));
#954 = ( GEOMETRIC_REPRESENTATION_CONTEXT(2) 
PARAMETRIC_REPRESENTATION_CONTEXT() REPRESENTATION_CONTEXT('2D SPACE',''
  ) );
#955 = ORIENTED_EDGE('',*,*,#717,.T.);
#956 = ORIENTED_EDGE('',*,*,#399,.F.);
#957 = ORIENTED_EDGE('',*,*,#536,.F.);
#958 = ADVANCED_FACE('',(#959),#524,.T.);
#959 = FACE_BOUND('',#960,.F.);
#960 = EDGE_LOOP('',(#961,#962,#963,#964));
#961 = ORIENTED_EDGE('',*,*,#594,.T.);
#962 = ORIENTED_EDGE('',*,*,#694,.T.);
#963 = ORIENTED_EDGE('',*,*,#935,.F.);
#964 = ORIENTED_EDGE('',*,*,#508,.F.);
#965 = ADVANCED_FACE('',(#966),#659,.F.);
#966 = FACE_BOUND('',#967,.F.);
#967 = EDGE_LOOP('',(#968,#969,#970,#991));
#968 = ORIENTED_EDGE('',*,*,#643,.F.);
#969 = ORIENTED_EDGE('',*,*,#776,.T.);
#970 = ORIENTED_EDGE('',*,*,#971,.T.);
#971 = EDGE_CURVE('',#749,#888,#972,.T.);
#972 = SURFACE_CURVE('',#973,(#977,#984),.PCURVE_S1.);
#973 = LINE('',#974,#975);
#974 = CARTESIAN_POINT('',(-0.5,-1.3679005,6.5));
#975 = VECTOR('',#976,1.);
#976 = DIRECTION('',(-6.661338147751E-16,-1.,7.771561172376E-16));
#977 = PCURVE('',#659,#978);
#978 = DEFINITIONAL_REPRESENTATION('',(#979),#983);
#979 = LINE('',#980,#981);
#980 = CARTESIAN_POINT('',(2.6320995,-7.12));
#981 = VECTOR('',#982,1.);
#982 = DIRECTION('',(1.,-4.440892098501E-16));
#983 = ( GEOMETRIC_REPRESENTATION_CONTEXT(2) 
PARAMETRIC_REPRESENTATION_CONTEXT() REPRESENTATION_CONTEXT('2D SPACE',''
  ) );
#984 = PCURVE('',#764,#985);
#985 = DEFINITIONAL_REPRESENTATION('',(#986),#990);
#986 = LINE('',#987,#988);
#987 = CARTESIAN_POINT('',(0.419355830129,-2.6320995));
#988 = VECTOR('',#989,1.);
#989 = DIRECTION('',(8.881784197001E-16,1.));
#990 = ( GEOMETRIC_REPRESENTATION_CONTEXT(2) 
PARAMETRIC_REPRESENTATION_CONTEXT() REPRESENTATION_CONTEXT('2D SPACE',''
  ) );
#991 = ORIENTED_EDGE('',*,*,#887,.F.);
#992 = ADVANCED_FACE('',(#993),#764,.F.);
#993 = FACE_BOUND('',#994,.F.);
#994 = EDGE_LOOP('',(#995,#1018,#1019,#1020,#1021,#1044,#1073,#1101));
#995 = ORIENTED_EDGE('',*,*,#996,.T.);
#996 = EDGE_CURVE('',#997,#315,#999,.T.);
#997 = VERTEX_POINT('',#998);
#998 = CARTESIAN_POINT('',(-0.5,-10.,11.399999999978));
#999 = SURFACE_CURVE('',#1000,(#1004,#1011),.PCURVE_S1.);
#1000 = LINE('',#1001,#1002);
#1001 = CARTESIAN_POINT('',(-0.5,-10.,11.399999999978));
#1002 = VECTOR('',#1003,1.);
#1003 = DIRECTION('',(9.992007221626E-16,1.110223024625E-16,-1.));
#1004 = PCURVE('',#764,#1005);
#1005 = DEFINITIONAL_REPRESENTATION('',(#1006),#1010);
#1006 = LINE('',#1007,#1008);
#1007 = CARTESIAN_POINT('',(5.319355830107,6.));
#1008 = VECTOR('',#1009,1.);
#1009 = DIRECTION('',(-1.,-4.440892098501E-16));
#1010 = ( GEOMETRIC_REPRESENTATION_CONTEXT(2) 
PARAMETRIC_REPRESENTATION_CONTEXT() REPRESENTATION_CONTEXT('2D SPACE',''
  ) );
#1011 = PCURVE('',#816,#1012);
#1012 = DEFINITIONAL_REPRESENTATION('',(#1013),#1017);
#1013 = LINE('',#1014,#1015);
#1014 = CARTESIAN_POINT('',(-8.881784197001E-15,6.661338147751E-16));
#1015 = VECTOR('',#1016,1.);
#1016 = DIRECTION('',(1.,-2.22044604925E-16));
#1017 = ( GEOMETRIC_REPRESENTATION_CONTEXT(2) 
PARAMETRIC_REPRESENTATION_CONTEXT() REPRESENTATION_CONTEXT('2D SPACE',''
  ) );
#1018 = ORIENTED_EDGE('',*,*,#910,.F.);
#1019 = ORIENTED_EDGE('',*,*,#971,.F.);
#1020 = ORIENTED_EDGE('',*,*,#748,.F.);
#1021 = ORIENTED_EDGE('',*,*,#1022,.T.);
#1022 = EDGE_CURVE('',#343,#1023,#1025,.T.);
#1023 = VERTEX_POINT('',#1024);
#1024 = CARTESIAN_POINT('',(-0.5,2.,11.399999999978));
#1025 = SURFACE_CURVE('',#1026,(#1030,#1037),.PCURVE_S1.);
#1026 = LINE('',#1027,#1028);
#1027 = CARTESIAN_POINT('',(-0.5,2.,-1.887379141863E-15));
#1028 = VECTOR('',#1029,1.);
#1029 = DIRECTION('',(-9.992007221626E-16,-1.110223024625E-16,1.));
#1030 = PCURVE('',#764,#1031);
#1031 = DEFINITIONAL_REPRESENTATION('',(#1032),#1036);
#1032 = LINE('',#1033,#1034);
#1033 = CARTESIAN_POINT('',(-6.080644169871,-6.));
#1034 = VECTOR('',#1035,1.);
#1035 = DIRECTION('',(1.,4.440892098501E-16));
#1036 = ( GEOMETRIC_REPRESENTATION_CONTEXT(2) 
PARAMETRIC_REPRESENTATION_CONTEXT() REPRESENTATION_CONTEXT('2D SPACE',''
  ) );
#1037 = PCURVE('',#870,#1038);
#1038 = DEFINITIONAL_REPRESENTATION('',(#1039),#1043);
#1039 = LINE('',#1040,#1041);
#1040 = CARTESIAN_POINT('',(-9.769962616701E-17,7.771561172376E-16));
#1041 = VECTOR('',#1042,1.);
#1042 = DIRECTION('',(1.,2.22044604925E-16));
#1043 = ( GEOMETRIC_REPRESENTATION_CONTEXT(2) 
PARAMETRIC_REPRESENTATION_CONTEXT() REPRESENTATION_CONTEXT('2D SPACE',''
  ) );
#1044 = ORIENTED_EDGE('',*,*,#1045,.T.);
#1045 = EDGE_CURVE('',#1023,#1046,#1048,.T.);
#1046 = VERTEX_POINT('',#1047);
#1047 = CARTESIAN_POINT('',(-0.5,1.,12.399999999978));
#1048 = SURFACE_CURVE('',#1049,(#1054,#1061),.PCURVE_S1.);
#1049 = CIRCLE('',#1050,1.);
#1050 = AXIS2_PLACEMENT_3D('',#1051,#1052,#1053);
#1051 = CARTESIAN_POINT('',(-0.5,1.,11.399999999978));
#1052 = DIRECTION('',(1.,-2.22044604925E-16,9.992007221626E-16));
#1053 = DIRECTION('',(2.22044604925E-16,1.,-5.551115123126E-16));
#1054 = PCURVE('',#764,#1055);
#1055 = DEFINITIONAL_REPRESENTATION('',(#1056),#1060);
#1056 = CIRCLE('',#1057,1.);
#1057 = AXIS2_PLACEMENT_2D('',#1058,#1059);
#1058 = CARTESIAN_POINT('',(5.319355830107,-5.));
#1059 = DIRECTION('',(-4.440892098501E-16,-1.));
#1060 = ( GEOMETRIC_REPRESENTATION_CONTEXT(2) 
PARAMETRIC_REPRESENTATION_CONTEXT() REPRESENTATION_CONTEXT('2D SPACE',''
  ) );
#1061 = PCURVE('',#1062,#1067);
#1062 = CYLINDRICAL_SURFACE('',#1063,1.);
#1063 = AXIS2_PLACEMENT_3D('',#1064,#1065,#1066);
#1064 = CARTESIAN_POINT('',(-0.5,1.,11.399999999978));
#1065 = DIRECTION('',(-1.,4.440892098501E-16,-7.771561172376E-16));
#1066 = DIRECTION('',(4.440892098501E-16,1.,-3.330669073875E-16));
#1067 = DEFINITIONAL_REPRESENTATION('',(#1068),#1072);
#1068 = LINE('',#1069,#1070);
#1069 = CARTESIAN_POINT('',(-0.,0.));
#1070 = VECTOR('',#1071,1.);
#1071 = DIRECTION('',(-1.,0.));
#1072 = ( GEOMETRIC_REPRESENTATION_CONTEXT(2) 
PARAMETRIC_REPRESENTATION_CONTEXT() REPRESENTATION_CONTEXT('2D SPACE',''
  ) );
#1073 = ORIENTED_EDGE('',*,*,#1074,.T.);
#1074 = EDGE_CURVE('',#1046,#1075,#1077,.T.);
#1075 = VERTEX_POINT('',#1076);
#1076 = CARTESIAN_POINT('',(-0.5,-9.,12.399999999978));
#1077 = SURFACE_CURVE('',#1078,(#1082,#1089),.PCURVE_S1.);
#1078 = LINE('',#1079,#1080);
#1079 = CARTESIAN_POINT('',(-0.5,1.,12.399999999978));
#1080 = VECTOR('',#1081,1.);
#1081 = DIRECTION('',(-2.22044604925E-16,-1.,5.551115123126E-16));
#1082 = PCURVE('',#764,#1083);
#1083 = DEFINITIONAL_REPRESENTATION('',(#1084),#1088);
#1084 = LINE('',#1085,#1086);
#1085 = CARTESIAN_POINT('',(6.319355830107,-5.));
#1086 = VECTOR('',#1087,1.);
#1087 = DIRECTION('',(4.440892098501E-16,1.));
#1088 = ( GEOMETRIC_REPRESENTATION_CONTEXT(2) 
PARAMETRIC_REPRESENTATION_CONTEXT() REPRESENTATION_CONTEXT('2D SPACE',''
  ) );
#1089 = PCURVE('',#1090,#1095);
#1090 = PLANE('',#1091);
#1091 = AXIS2_PLACEMENT_3D('',#1092,#1093,#1094);
#1092 = CARTESIAN_POINT('',(-0.5,1.,12.399999999978));
#1093 = DIRECTION('',(5.551115123126E-16,-3.330669073875E-16,-1.));
#1094 = DIRECTION('',(-4.440892098501E-16,-1.,3.330669073875E-16));
#1095 = DEFINITIONAL_REPRESENTATION('',(#1096),#1100);
#1096 = LINE('',#1097,#1098);
#1097 = CARTESIAN_POINT('',(2.442490654175E-15,3.330669073875E-15));
#1098 = VECTOR('',#1099,1.);
#1099 = DIRECTION('',(1.,-2.22044604925E-16));
#1100 = ( GEOMETRIC_REPRESENTATION_CONTEXT(2) 
PARAMETRIC_REPRESENTATION_CONTEXT() REPRESENTATION_CONTEXT('2D SPACE',''
  ) );
#1101 = ORIENTED_EDGE('',*,*,#1102,.T.);
#1102 = EDGE_CURVE('',#1075,#997,#1103,.T.);
#1103 = SURFACE_CURVE('',#1104,(#1109,#1116),.PCURVE_S1.);
#1104 = CIRCLE('',#1105,1.);
#1105 = AXIS2_PLACEMENT_3D('',#1106,#1107,#1108);
#1106 = CARTESIAN_POINT('',(-0.5,-9.,11.399999999978));
#1107 = DIRECTION('',(1.,-2.22044604925E-16,9.992007221626E-16));
#1108 = DIRECTION('',(2.22044604925E-16,1.,-5.551115123126E-16));
#1109 = PCURVE('',#764,#1110);
#1110 = DEFINITIONAL_REPRESENTATION('',(#1111),#1115);
#1111 = CIRCLE('',#1112,1.);
#1112 = AXIS2_PLACEMENT_2D('',#1113,#1114);
#1113 = CARTESIAN_POINT('',(5.319355830107,5.));
#1114 = DIRECTION('',(-4.440892098501E-16,-1.));
#1115 = ( GEOMETRIC_REPRESENTATION_CONTEXT(2) 
PARAMETRIC_REPRESENTATION_CONTEXT() REPRESENTATION_CONTEXT('2D SPACE',''
  ) );
#1116 = PCURVE('',#1117,#1122);
#1117 = CYLINDRICAL_SURFACE('',#1118,1.);
#1118 = AXIS2_PLACEMENT_3D('',#1119,#1120,#1121);
#1119 = CARTESIAN_POINT('',(-0.5,-9.,11.399999999978));
#1120 = DIRECTION('',(-1.,4.440892098501E-16,-7.771561172376E-16));
#1121 = DIRECTION('',(4.440892098501E-16,1.,-3.330669073875E-16));
#1122 = DEFINITIONAL_REPRESENTATION('',(#1123),#1127);
#1123 = LINE('',#1124,#1125);
#1124 = CARTESIAN_POINT('',(-0.,0.));
#1125 = VECTOR('',#1126,1.);
#1126 = DIRECTION('',(-1.,0.));
#1127 = ( GEOMETRIC_REPRESENTATION_CONTEXT(2) 
PARAMETRIC_REPRESENTATION_CONTEXT() REPRESENTATION_CONTEXT('2D SPACE',''
  ) );
#1128 = ADVANCED_FACE('',(#1129),#816,.F.);
#1129 = FACE_BOUND('',#1130,.F.);
#1130 = EDGE_LOOP('',(#1131,#1154,#1180,#1181));
#1131 = ORIENTED_EDGE('',*,*,#1132,.T.);
#1132 = EDGE_CURVE('',#997,#1133,#1135,.T.);
#1133 = VERTEX_POINT('',#1134);
#1134 = CARTESIAN_POINT('',(0.5,-10.,11.399999999978));
#1135 = SURFACE_CURVE('',#1136,(#1140,#1147),.PCURVE_S1.);
#1136 = LINE('',#1137,#1138);
#1137 = CARTESIAN_POINT('',(-0.5,-10.,11.399999999978));
#1138 = VECTOR('',#1139,1.);
#1139 = DIRECTION('',(1.,-6.661338147751E-16,5.551115123126E-16));
#1140 = PCURVE('',#816,#1141);
#1141 = DEFINITIONAL_REPRESENTATION('',(#1142),#1146);
#1142 = LINE('',#1143,#1144);
#1143 = CARTESIAN_POINT('',(0.,0.));
#1144 = VECTOR('',#1145,1.);
#1145 = DIRECTION('',(2.22044604925E-16,-1.));
#1146 = ( GEOMETRIC_REPRESENTATION_CONTEXT(2) 
PARAMETRIC_REPRESENTATION_CONTEXT() REPRESENTATION_CONTEXT('2D SPACE',''
  ) );
#1147 = PCURVE('',#1117,#1148);
#1148 = DEFINITIONAL_REPRESENTATION('',(#1149),#1153);
#1149 = LINE('',#1150,#1151);
#1150 = CARTESIAN_POINT('',(-3.14159265359,0.));
#1151 = VECTOR('',#1152,1.);
#1152 = DIRECTION('',(-0.,-1.));
#1153 = ( GEOMETRIC_REPRESENTATION_CONTEXT(2) 
PARAMETRIC_REPRESENTATION_CONTEXT() REPRESENTATION_CONTEXT('2D SPACE',''
  ) );
#1154 = ORIENTED_EDGE('',*,*,#1155,.T.);
#1155 = EDGE_CURVE('',#1133,#801,#1156,.T.);
#1156 = SURFACE_CURVE('',#1157,(#1161,#1168),.PCURVE_S1.);
#1157 = LINE('',#1158,#1159);
#1158 = CARTESIAN_POINT('',(0.5,-10.,11.399999999978));
#1159 = VECTOR('',#1160,1.);
#1160 = DIRECTION('',(9.992007221626E-16,1.110223024625E-16,-1.));
#1161 = PCURVE('',#816,#1162);
#1162 = DEFINITIONAL_REPRESENTATION('',(#1163),#1167);
#1163 = LINE('',#1164,#1165);
#1164 = CARTESIAN_POINT('',(-6.328271240363E-15,-1.));
#1165 = VECTOR('',#1166,1.);
#1166 = DIRECTION('',(1.,-2.22044604925E-16));
#1167 = ( GEOMETRIC_REPRESENTATION_CONTEXT(2) 
PARAMETRIC_REPRESENTATION_CONTEXT() REPRESENTATION_CONTEXT('2D SPACE',''
  ) );
#1168 = PCURVE('',#1169,#1174);
#1169 = PLANE('',#1170);
#1170 = AXIS2_PLACEMENT_3D('',#1171,#1172,#1173);
#1171 = CARTESIAN_POINT('',(0.5,-4.,6.080644169871));
#1172 = DIRECTION('',(1.,-8.881784197001E-16,3.330669073875E-16));
#1173 = DIRECTION('',(-9.992007221626E-16,-1.110223024625E-16,1.));
#1174 = DEFINITIONAL_REPRESENTATION('',(#1175),#1179);
#1175 = LINE('',#1176,#1177);
#1176 = CARTESIAN_POINT('',(5.319355830107,6.));
#1177 = VECTOR('',#1178,1.);
#1178 = DIRECTION('',(-1.,-4.440892098501E-16));
#1179 = ( GEOMETRIC_REPRESENTATION_CONTEXT(2) 
PARAMETRIC_REPRESENTATION_CONTEXT() REPRESENTATION_CONTEXT('2D SPACE',''
  ) );
#1180 = ORIENTED_EDGE('',*,*,#800,.F.);
#1181 = ORIENTED_EDGE('',*,*,#996,.F.);
#1182 = ADVANCED_FACE('',(#1183),#870,.F.);
#1183 = FACE_BOUND('',#1184,.F.);
#1184 = EDGE_LOOP('',(#1185,#1186,#1209,#1230));
#1185 = ORIENTED_EDGE('',*,*,#856,.T.);
#1186 = ORIENTED_EDGE('',*,*,#1187,.T.);
#1187 = EDGE_CURVE('',#829,#1188,#1190,.T.);
#1188 = VERTEX_POINT('',#1189);
#1189 = CARTESIAN_POINT('',(0.5,2.,11.399999999978));
#1190 = SURFACE_CURVE('',#1191,(#1195,#1202),.PCURVE_S1.);
#1191 = LINE('',#1192,#1193);
#1192 = CARTESIAN_POINT('',(0.5,2.,-1.998401444325E-15));
#1193 = VECTOR('',#1194,1.);
#1194 = DIRECTION('',(-9.992007221626E-16,-1.110223024625E-16,1.));
#1195 = PCURVE('',#870,#1196);
#1196 = DEFINITIONAL_REPRESENTATION('',(#1197),#1201);
#1197 = LINE('',#1198,#1199);
#1198 = CARTESIAN_POINT('',(-9.858780458671E-16,-1.));
#1199 = VECTOR('',#1200,1.);
#1200 = DIRECTION('',(1.,2.22044604925E-16));
#1201 = ( GEOMETRIC_REPRESENTATION_CONTEXT(2) 
PARAMETRIC_REPRESENTATION_CONTEXT() REPRESENTATION_CONTEXT('2D SPACE',''
  ) );
#1202 = PCURVE('',#1169,#1203);
#1203 = DEFINITIONAL_REPRESENTATION('',(#1204),#1208);
#1204 = LINE('',#1205,#1206);
#1205 = CARTESIAN_POINT('',(-6.080644169871,-6.));
#1206 = VECTOR('',#1207,1.);
#1207 = DIRECTION('',(1.,4.440892098501E-16));
#1208 = ( GEOMETRIC_REPRESENTATION_CONTEXT(2) 
PARAMETRIC_REPRESENTATION_CONTEXT() REPRESENTATION_CONTEXT('2D SPACE',''
  ) );
#1209 = ORIENTED_EDGE('',*,*,#1210,.F.);
#1210 = EDGE_CURVE('',#1023,#1188,#1211,.T.);
#1211 = SURFACE_CURVE('',#1212,(#1216,#1223),.PCURVE_S1.);
#1212 = LINE('',#1213,#1214);
#1213 = CARTESIAN_POINT('',(-0.5,2.,11.399999999978));
#1214 = VECTOR('',#1215,1.);
#1215 = DIRECTION('',(1.,-6.661338147751E-16,5.551115123126E-16));
#1216 = PCURVE('',#870,#1217);
#1217 = DEFINITIONAL_REPRESENTATION('',(#1218),#1222);
#1218 = LINE('',#1219,#1220);
#1219 = CARTESIAN_POINT('',(11.399999999978,-8.881784195261E-17));
#1220 = VECTOR('',#1221,1.);
#1221 = DIRECTION('',(-2.22044604925E-16,-1.));
#1222 = ( GEOMETRIC_REPRESENTATION_CONTEXT(2) 
PARAMETRIC_REPRESENTATION_CONTEXT() REPRESENTATION_CONTEXT('2D SPACE',''
  ) );
#1223 = PCURVE('',#1062,#1224);
#1224 = DEFINITIONAL_REPRESENTATION('',(#1225),#1229);
#1225 = LINE('',#1226,#1227);
#1226 = CARTESIAN_POINT('',(-0.,0.));
#1227 = VECTOR('',#1228,1.);
#1228 = DIRECTION('',(-0.,-1.));
#1229 = ( GEOMETRIC_REPRESENTATION_CONTEXT(2) 
PARAMETRIC_REPRESENTATION_CONTEXT() REPRESENTATION_CONTEXT('2D SPACE',''
  ) );
#1230 = ORIENTED_EDGE('',*,*,#1022,.F.);
#1231 = ADVANCED_FACE('',(#1232),#844,.F.);
#1232 = FACE_BOUND('',#1233,.F.);
#1233 = EDGE_LOOP('',(#1234,#1235,#1263,#1291));
#1234 = ORIENTED_EDGE('',*,*,#828,.F.);
#1235 = ORIENTED_EDGE('',*,*,#1236,.T.);
#1236 = EDGE_CURVE('',#801,#1237,#1239,.T.);
#1237 = VERTEX_POINT('',#1238);
#1238 = CARTESIAN_POINT('',(7.12,-10.,1.055822096419E-14));
#1239 = SURFACE_CURVE('',#1240,(#1244,#1251),.PCURVE_S1.);
#1240 = LINE('',#1241,#1242);
#1241 = CARTESIAN_POINT('',(-7.62,-10.,1.538436045223E-14));
#1242 = VECTOR('',#1243,1.);
#1243 = DIRECTION('',(1.,-1.33226762955E-15,1.665334536938E-16));
#1244 = PCURVE('',#844,#1245);
#1245 = DEFINITIONAL_REPRESENTATION('',(#1246),#1250);
#1246 = LINE('',#1247,#1248);
#1247 = CARTESIAN_POINT('',(0.,0.));
#1248 = VECTOR('',#1249,1.);
#1249 = DIRECTION('',(-1.110223024625E-15,-1.));
#1250 = ( GEOMETRIC_REPRESENTATION_CONTEXT(2) 
PARAMETRIC_REPRESENTATION_CONTEXT() REPRESENTATION_CONTEXT('2D SPACE',''
  ) );
#1251 = PCURVE('',#1252,#1257);
#1252 = PLANE('',#1253);
#1253 = AXIS2_PLACEMENT_3D('',#1254,#1255,#1256);
#1254 = CARTESIAN_POINT('',(-7.62,-9.264199,6.5));
#1255 = DIRECTION('',(1.685877864815E-16,0.993653789433,-0.112481761834)
  );
#1256 = DIRECTION('',(1.67974194167E-15,-0.112481761834,-0.993653789433)
  );
#1257 = DEFINITIONAL_REPRESENTATION('',(#1258),#1262);
#1258 = LINE('',#1259,#1260);
#1259 = CARTESIAN_POINT('',(6.541513824154,-7.043610583679E-15));
#1260 = VECTOR('',#1261,1.);
#1261 = DIRECTION('',(1.172898291596E-15,-1.));
#1262 = ( GEOMETRIC_REPRESENTATION_CONTEXT(2) 
PARAMETRIC_REPRESENTATION_CONTEXT() REPRESENTATION_CONTEXT('2D SPACE',''
  ) );
#1263 = ORIENTED_EDGE('',*,*,#1264,.T.);
#1264 = EDGE_CURVE('',#1237,#1265,#1267,.T.);
#1265 = VERTEX_POINT('',#1266);
#1266 = CARTESIAN_POINT('',(7.12,2.,2.564615186884E-15));
#1267 = SURFACE_CURVE('',#1268,(#1272,#1279),.PCURVE_S1.);
#1268 = LINE('',#1269,#1270);
#1269 = CARTESIAN_POINT('',(7.12,-10.,4.440892098501E-15));
#1270 = VECTOR('',#1271,1.);
#1271 = DIRECTION('',(5.669937756276E-31,1.,-1.110223024625E-15));
#1272 = PCURVE('',#844,#1273);
#1273 = DEFINITIONAL_REPRESENTATION('',(#1274),#1278);
#1274 = LINE('',#1275,#1276);
#1275 = CARTESIAN_POINT('',(-1.720401598959E-14,-14.74));
#1276 = VECTOR('',#1277,1.);
#1277 = DIRECTION('',(1.,8.881784197001E-16));
#1278 = ( GEOMETRIC_REPRESENTATION_CONTEXT(2) 
PARAMETRIC_REPRESENTATION_CONTEXT() REPRESENTATION_CONTEXT('2D SPACE',''
  ) );
#1279 = PCURVE('',#1280,#1285);
#1280 = PLANE('',#1281);
#1281 = AXIS2_PLACEMENT_3D('',#1282,#1283,#1284);
#1282 = CARTESIAN_POINT('',(-7.62,-10.,1.538436045223E-14));
#1283 = DIRECTION('',(-1.498801083244E-15,3.330669073875E-16,1.));
#1284 = DIRECTION('',(-2.22044604925E-16,1.,-1.665334536938E-15));
#1285 = DEFINITIONAL_REPRESENTATION('',(#1286),#1290);
#1286 = LINE('',#1287,#1288);
#1287 = CARTESIAN_POINT('',(-1.720401598959E-14,-14.74));
#1288 = VECTOR('',#1289,1.);
#1289 = DIRECTION('',(1.,8.881784197001E-16));
#1290 = ( GEOMETRIC_REPRESENTATION_CONTEXT(2) 
PARAMETRIC_REPRESENTATION_CONTEXT() REPRESENTATION_CONTEXT('2D SPACE',''
  ) );
#1291 = ORIENTED_EDGE('',*,*,#1292,.F.);
#1292 = EDGE_CURVE('',#829,#1265,#1293,.T.);
#1293 = SURFACE_CURVE('',#1294,(#1298,#1305),.PCURVE_S1.);
#1294 = LINE('',#1295,#1296);
#1295 = CARTESIAN_POINT('',(-7.62,2.,-4.599653991022E-15));
#1296 = VECTOR('',#1297,1.);
#1297 = DIRECTION('',(1.,-1.33226762955E-15,1.665334536938E-16));
#1298 = PCURVE('',#844,#1299);
#1299 = DEFINITIONAL_REPRESENTATION('',(#1300),#1304);
#1300 = LINE('',#1301,#1302);
#1301 = CARTESIAN_POINT('',(12.,1.06581410364E-14));
#1302 = VECTOR('',#1303,1.);
#1303 = DIRECTION('',(-1.110223024625E-15,-1.));
#1304 = ( GEOMETRIC_REPRESENTATION_CONTEXT(2) 
PARAMETRIC_REPRESENTATION_CONTEXT() REPRESENTATION_CONTEXT('2D SPACE',''
  ) );
#1305 = PCURVE('',#1306,#1311);
#1306 = PLANE('',#1307);
#1307 = AXIS2_PLACEMENT_3D('',#1308,#1309,#1310);
#1308 = CARTESIAN_POINT('',(-7.62,2.,-4.599653991022E-15));
#1309 = DIRECTION('',(1.685877864815E-16,-0.993653789433,-0.112481761834
    ));
#1310 = DIRECTION('',(-1.629790004934E-15,-0.112481761834,0.993653789433
    ));
#1311 = DEFINITIONAL_REPRESENTATION('',(#1312),#1316);
#1312 = LINE('',#1313,#1314);
#1313 = CARTESIAN_POINT('',(0.,0.));
#1314 = VECTOR('',#1315,1.);
#1315 = DIRECTION('',(-9.231386079198E-16,-1.));
#1316 = ( GEOMETRIC_REPRESENTATION_CONTEXT(2) 
PARAMETRIC_REPRESENTATION_CONTEXT() REPRESENTATION_CONTEXT('2D SPACE',''
  ) );
#1317 = ADVANCED_FACE('',(#1318),#1117,.T.);
#1318 = FACE_BOUND('',#1319,.F.);
#1319 = EDGE_LOOP('',(#1320,#1343,#1365,#1366));
#1320 = ORIENTED_EDGE('',*,*,#1321,.T.);
#1321 = EDGE_CURVE('',#1075,#1322,#1324,.T.);
#1322 = VERTEX_POINT('',#1323);
#1323 = CARTESIAN_POINT('',(0.5,-9.,12.399999999978));
#1324 = SURFACE_CURVE('',#1325,(#1329,#1336),.PCURVE_S1.);
#1325 = LINE('',#1326,#1327);
#1326 = CARTESIAN_POINT('',(-0.5,-9.,12.399999999978));
#1327 = VECTOR('',#1328,1.);
#1328 = DIRECTION('',(1.,-6.661338147751E-16,5.551115123126E-16));
#1329 = PCURVE('',#1117,#1330);
#1330 = DEFINITIONAL_REPRESENTATION('',(#1331),#1335);
#1331 = LINE('',#1332,#1333);
#1332 = CARTESIAN_POINT('',(-1.570796326795,0.));
#1333 = VECTOR('',#1334,1.);
#1334 = DIRECTION('',(-0.,-1.));
#1335 = ( GEOMETRIC_REPRESENTATION_CONTEXT(2) 
PARAMETRIC_REPRESENTATION_CONTEXT() REPRESENTATION_CONTEXT('2D SPACE',''
  ) );
#1336 = PCURVE('',#1090,#1337);
#1337 = DEFINITIONAL_REPRESENTATION('',(#1338),#1342);
#1338 = LINE('',#1339,#1340);
#1339 = CARTESIAN_POINT('',(10.,-1.183291357832E-30));
#1340 = VECTOR('',#1341,1.);
#1341 = DIRECTION('',(2.22044604925E-16,-1.));
#1342 = ( GEOMETRIC_REPRESENTATION_CONTEXT(2) 
PARAMETRIC_REPRESENTATION_CONTEXT() REPRESENTATION_CONTEXT('2D SPACE',''
  ) );
#1343 = ORIENTED_EDGE('',*,*,#1344,.T.);
#1344 = EDGE_CURVE('',#1322,#1133,#1345,.T.);
#1345 = SURFACE_CURVE('',#1346,(#1351,#1358),.PCURVE_S1.);
#1346 = CIRCLE('',#1347,1.);
#1347 = AXIS2_PLACEMENT_3D('',#1348,#1349,#1350);
#1348 = CARTESIAN_POINT('',(0.5,-9.,11.399999999978));
#1349 = DIRECTION('',(1.,-2.22044604925E-16,9.992007221626E-16));
#1350 = DIRECTION('',(2.22044604925E-16,1.,-5.551115123126E-16));
#1351 = PCURVE('',#1117,#1352);
#1352 = DEFINITIONAL_REPRESENTATION('',(#1353),#1357);
#1353 = LINE('',#1354,#1355);
#1354 = CARTESIAN_POINT('',(-0.,-1.));
#1355 = VECTOR('',#1356,1.);
#1356 = DIRECTION('',(-1.,0.));
#1357 = ( GEOMETRIC_REPRESENTATION_CONTEXT(2) 
PARAMETRIC_REPRESENTATION_CONTEXT() REPRESENTATION_CONTEXT('2D SPACE',''
  ) );
#1358 = PCURVE('',#1169,#1359);
#1359 = DEFINITIONAL_REPRESENTATION('',(#1360),#1364);
#1360 = CIRCLE('',#1361,1.);
#1361 = AXIS2_PLACEMENT_2D('',#1362,#1363);
#1362 = CARTESIAN_POINT('',(5.319355830107,5.));
#1363 = DIRECTION('',(-4.440892098501E-16,-1.));
#1364 = ( GEOMETRIC_REPRESENTATION_CONTEXT(2) 
PARAMETRIC_REPRESENTATION_CONTEXT() REPRESENTATION_CONTEXT('2D SPACE',''
  ) );
#1365 = ORIENTED_EDGE('',*,*,#1132,.F.);
#1366 = ORIENTED_EDGE('',*,*,#1102,.F.);
#1367 = ADVANCED_FACE('',(#1368),#1090,.F.);
#1368 = FACE_BOUND('',#1369,.F.);
#1369 = EDGE_LOOP('',(#1370,#1393,#1414,#1415));
#1370 = ORIENTED_EDGE('',*,*,#1371,.T.);
#1371 = EDGE_CURVE('',#1046,#1372,#1374,.T.);
#1372 = VERTEX_POINT('',#1373);
#1373 = CARTESIAN_POINT('',(0.5,1.,12.399999999978));
#1374 = SURFACE_CURVE('',#1375,(#1379,#1386),.PCURVE_S1.);
#1375 = LINE('',#1376,#1377);
#1376 = CARTESIAN_POINT('',(-0.5,1.,12.399999999978));
#1377 = VECTOR('',#1378,1.);
#1378 = DIRECTION('',(1.,-6.661338147751E-16,5.551115123126E-16));
#1379 = PCURVE('',#1090,#1380);
#1380 = DEFINITIONAL_REPRESENTATION('',(#1381),#1385);
#1381 = LINE('',#1382,#1383);
#1382 = CARTESIAN_POINT('',(0.,0.));
#1383 = VECTOR('',#1384,1.);
#1384 = DIRECTION('',(2.22044604925E-16,-1.));
#1385 = ( GEOMETRIC_REPRESENTATION_CONTEXT(2) 
PARAMETRIC_REPRESENTATION_CONTEXT() REPRESENTATION_CONTEXT('2D SPACE',''
  ) );
#1386 = PCURVE('',#1062,#1387);
#1387 = DEFINITIONAL_REPRESENTATION('',(#1388),#1392);
#1388 = LINE('',#1389,#1390);
#1389 = CARTESIAN_POINT('',(-1.570796326795,0.));
#1390 = VECTOR('',#1391,1.);
#1391 = DIRECTION('',(-0.,-1.));
#1392 = ( GEOMETRIC_REPRESENTATION_CONTEXT(2) 
PARAMETRIC_REPRESENTATION_CONTEXT() REPRESENTATION_CONTEXT('2D SPACE',''
  ) );
#1393 = ORIENTED_EDGE('',*,*,#1394,.T.);
#1394 = EDGE_CURVE('',#1372,#1322,#1395,.T.);
#1395 = SURFACE_CURVE('',#1396,(#1400,#1407),.PCURVE_S1.);
#1396 = LINE('',#1397,#1398);
#1397 = CARTESIAN_POINT('',(0.5,1.,12.399999999978));
#1398 = VECTOR('',#1399,1.);
#1399 = DIRECTION('',(-2.22044604925E-16,-1.,5.551115123126E-16));
#1400 = PCURVE('',#1090,#1401);
#1401 = DEFINITIONAL_REPRESENTATION('',(#1402),#1406);
#1402 = LINE('',#1403,#1404);
#1403 = CARTESIAN_POINT('',(2.553512956638E-15,-1.));
#1404 = VECTOR('',#1405,1.);
#1405 = DIRECTION('',(1.,-2.22044604925E-16));
#1406 = ( GEOMETRIC_REPRESENTATION_CONTEXT(2) 
PARAMETRIC_REPRESENTATION_CONTEXT() REPRESENTATION_CONTEXT('2D SPACE',''
  ) );
#1407 = PCURVE('',#1169,#1408);
#1408 = DEFINITIONAL_REPRESENTATION('',(#1409),#1413);
#1409 = LINE('',#1410,#1411);
#1410 = CARTESIAN_POINT('',(6.319355830107,-5.));
#1411 = VECTOR('',#1412,1.);
#1412 = DIRECTION('',(4.440892098501E-16,1.));
#1413 = ( GEOMETRIC_REPRESENTATION_CONTEXT(2) 
PARAMETRIC_REPRESENTATION_CONTEXT() REPRESENTATION_CONTEXT('2D SPACE',''
  ) );
#1414 = ORIENTED_EDGE('',*,*,#1321,.F.);
#1415 = ORIENTED_EDGE('',*,*,#1074,.F.);
#1416 = ADVANCED_FACE('',(#1417),#1062,.T.);
#1417 = FACE_BOUND('',#1418,.F.);
#1418 = EDGE_LOOP('',(#1419,#1420,#1442,#1443));
#1419 = ORIENTED_EDGE('',*,*,#1210,.T.);
#1420 = ORIENTED_EDGE('',*,*,#1421,.T.);
#1421 = EDGE_CURVE('',#1188,#1372,#1422,.T.);
#1422 = SURFACE_CURVE('',#1423,(#1428,#1435),.PCURVE_S1.);
#1423 = CIRCLE('',#1424,1.);
#1424 = AXIS2_PLACEMENT_3D('',#1425,#1426,#1427);
#1425 = CARTESIAN_POINT('',(0.5,1.,11.399999999978));
#1426 = DIRECTION('',(1.,-2.22044604925E-16,9.992007221626E-16));
#1427 = DIRECTION('',(2.22044604925E-16,1.,-5.551115123126E-16));
#1428 = PCURVE('',#1062,#1429);
#1429 = DEFINITIONAL_REPRESENTATION('',(#1430),#1434);
#1430 = LINE('',#1431,#1432);
#1431 = CARTESIAN_POINT('',(-0.,-1.));
#1432 = VECTOR('',#1433,1.);
#1433 = DIRECTION('',(-1.,0.));
#1434 = ( GEOMETRIC_REPRESENTATION_CONTEXT(2) 
PARAMETRIC_REPRESENTATION_CONTEXT() REPRESENTATION_CONTEXT('2D SPACE',''
  ) );
#1435 = PCURVE('',#1169,#1436);
#1436 = DEFINITIONAL_REPRESENTATION('',(#1437),#1441);
#1437 = CIRCLE('',#1438,1.);
#1438 = AXIS2_PLACEMENT_2D('',#1439,#1440);
#1439 = CARTESIAN_POINT('',(5.319355830107,-5.));
#1440 = DIRECTION('',(-4.440892098501E-16,-1.));
#1441 = ( GEOMETRIC_REPRESENTATION_CONTEXT(2) 
PARAMETRIC_REPRESENTATION_CONTEXT() REPRESENTATION_CONTEXT('2D SPACE',''
  ) );
#1442 = ORIENTED_EDGE('',*,*,#1371,.F.);
#1443 = ORIENTED_EDGE('',*,*,#1045,.F.);
#1444 = ADVANCED_FACE('',(#1445),#1169,.T.);
#1445 = FACE_BOUND('',#1446,.T.);
#1446 = EDGE_LOOP('',(#1447,#1448,#1471,#1499,#1520,#1521,#1522,#1523));
#1447 = ORIENTED_EDGE('',*,*,#1155,.T.);
#1448 = ORIENTED_EDGE('',*,*,#1449,.F.);
#1449 = EDGE_CURVE('',#1450,#801,#1452,.T.);
#1450 = VERTEX_POINT('',#1451);
#1451 = CARTESIAN_POINT('',(0.5,-9.264199,6.5));
#1452 = SURFACE_CURVE('',#1453,(#1457,#1464),.PCURVE_S1.);
#1453 = LINE('',#1454,#1455);
#1454 = CARTESIAN_POINT('',(0.5,-9.254332557178,6.587159270429));
#1455 = VECTOR('',#1456,1.);
#1456 = DIRECTION('',(4.766607526645E-16,-0.112481761834,-0.993653789433
    ));
#1457 = PCURVE('',#1169,#1458);
#1458 = DEFINITIONAL_REPRESENTATION('',(#1459),#1463);
#1459 = LINE('',#1460,#1461);
#1460 = CARTESIAN_POINT('',(0.506515100558,5.254332557178));
#1461 = VECTOR('',#1462,1.);
#1462 = DIRECTION('',(-0.993653789433,0.112481761834));
#1463 = ( GEOMETRIC_REPRESENTATION_CONTEXT(2) 
PARAMETRIC_REPRESENTATION_CONTEXT() REPRESENTATION_CONTEXT('2D SPACE',''
  ) );
#1464 = PCURVE('',#1252,#1465);
#1465 = DEFINITIONAL_REPRESENTATION('',(#1466),#1470);
#1466 = LINE('',#1467,#1468);
#1467 = CARTESIAN_POINT('',(-8.771593421716E-02,-8.12));
#1468 = VECTOR('',#1469,1.);
#1469 = DIRECTION('',(1.,-2.705873998422E-16));
#1470 = ( GEOMETRIC_REPRESENTATION_CONTEXT(2) 
PARAMETRIC_REPRESENTATION_CONTEXT() REPRESENTATION_CONTEXT('2D SPACE',''
  ) );
#1471 = ORIENTED_EDGE('',*,*,#1472,.F.);
#1472 = EDGE_CURVE('',#1473,#1450,#1475,.T.);
#1473 = VERTEX_POINT('',#1474);
#1474 = CARTESIAN_POINT('',(0.5,1.264199,6.5));
#1475 = SURFACE_CURVE('',#1476,(#1480,#1487),.PCURVE_S1.);
#1476 = LINE('',#1477,#1478);
#1477 = CARTESIAN_POINT('',(0.5,-1.3679005,6.5));
#1478 = VECTOR('',#1479,1.);
#1479 = DIRECTION('',(-6.661338147751E-16,-1.,7.771561172376E-16));
#1480 = PCURVE('',#1169,#1481);
#1481 = DEFINITIONAL_REPRESENTATION('',(#1482),#1486);
#1482 = LINE('',#1483,#1484);
#1483 = CARTESIAN_POINT('',(0.419355830129,-2.6320995));
#1484 = VECTOR('',#1485,1.);
#1485 = DIRECTION('',(8.881784197001E-16,1.));
#1486 = ( GEOMETRIC_REPRESENTATION_CONTEXT(2) 
PARAMETRIC_REPRESENTATION_CONTEXT() REPRESENTATION_CONTEXT('2D SPACE',''
  ) );
#1487 = PCURVE('',#1488,#1493);
#1488 = PLANE('',#1489);
#1489 = AXIS2_PLACEMENT_3D('',#1490,#1491,#1492);
#1490 = CARTESIAN_POINT('',(-7.62,1.264199,6.5));
#1491 = DIRECTION('',(1.498801083244E-15,-3.330669073875E-16,-1.));
#1492 = DIRECTION('',(2.22044604925E-16,-1.,1.665334536938E-15));
#1493 = DEFINITIONAL_REPRESENTATION('',(#1494),#1498);
#1494 = LINE('',#1495,#1496);
#1495 = CARTESIAN_POINT('',(2.6320995,-8.12));
#1496 = VECTOR('',#1497,1.);
#1497 = DIRECTION('',(1.,-4.440892098501E-16));
#1498 = ( GEOMETRIC_REPRESENTATION_CONTEXT(2) 
PARAMETRIC_REPRESENTATION_CONTEXT() REPRESENTATION_CONTEXT('2D SPACE',''
  ) );
#1499 = ORIENTED_EDGE('',*,*,#1500,.F.);
#1500 = EDGE_CURVE('',#829,#1473,#1501,.T.);
#1501 = SURFACE_CURVE('',#1502,(#1506,#1513),.PCURVE_S1.);
#1502 = LINE('',#1503,#1504);
#1503 = CARTESIAN_POINT('',(0.5,1.622233057178,3.337159270429));
#1504 = VECTOR('',#1505,1.);
#1505 = DIRECTION('',(-6.265165628702E-16,-0.112481761834,0.993653789433
    ));
#1506 = PCURVE('',#1169,#1507);
#1507 = DEFINITIONAL_REPRESENTATION('',(#1508),#1512);
#1508 = LINE('',#1509,#1510);
#1509 = CARTESIAN_POINT('',(-2.743484899442,-5.622233057178));
#1510 = VECTOR('',#1511,1.);
#1511 = DIRECTION('',(0.993653789433,0.112481761834));
#1512 = ( GEOMETRIC_REPRESENTATION_CONTEXT(2) 
PARAMETRIC_REPRESENTATION_CONTEXT() REPRESENTATION_CONTEXT('2D SPACE',''
  ) );
#1513 = PCURVE('',#1306,#1514);
#1514 = DEFINITIONAL_REPRESENTATION('',(#1515),#1519);
#1515 = LINE('',#1516,#1517);
#1516 = CARTESIAN_POINT('',(3.358472846294,-8.12));
#1517 = VECTOR('',#1518,1.);
#1518 = DIRECTION('',(1.,1.706835263717E-16));
#1519 = ( GEOMETRIC_REPRESENTATION_CONTEXT(2) 
PARAMETRIC_REPRESENTATION_CONTEXT() REPRESENTATION_CONTEXT('2D SPACE',''
  ) );
#1520 = ORIENTED_EDGE('',*,*,#1187,.T.);
#1521 = ORIENTED_EDGE('',*,*,#1421,.T.);
#1522 = ORIENTED_EDGE('',*,*,#1394,.T.);
#1523 = ORIENTED_EDGE('',*,*,#1344,.T.);
#1524 = ADVANCED_FACE('',(#1525),#1306,.F.);
#1525 = FACE_BOUND('',#1526,.F.);
#1526 = EDGE_LOOP('',(#1527,#1528,#1529,#1557));
#1527 = ORIENTED_EDGE('',*,*,#1500,.F.);
#1528 = ORIENTED_EDGE('',*,*,#1292,.T.);
#1529 = ORIENTED_EDGE('',*,*,#1530,.T.);
#1530 = EDGE_CURVE('',#1265,#1531,#1533,.T.);
#1531 = VERTEX_POINT('',#1532);
#1532 = CARTESIAN_POINT('',(7.12,1.264199,6.5));
#1533 = SURFACE_CURVE('',#1534,(#1538,#1545),.PCURVE_S1.);
#1534 = LINE('',#1535,#1536);
#1535 = CARTESIAN_POINT('',(7.12,1.622233057178,3.337159270429));
#1536 = VECTOR('',#1537,1.);
#1537 = DIRECTION('',(-1.173216334681E-15,-0.112481761834,0.993653789433
    ));
#1538 = PCURVE('',#1306,#1539);
#1539 = DEFINITIONAL_REPRESENTATION('',(#1540),#1544);
#1540 = LINE('',#1541,#1542);
#1541 = CARTESIAN_POINT('',(3.358472846294,-14.74));
#1542 = VECTOR('',#1543,1.);
#1543 = DIRECTION('',(1.,5.217238034434E-16));
#1544 = ( GEOMETRIC_REPRESENTATION_CONTEXT(2) 
PARAMETRIC_REPRESENTATION_CONTEXT() REPRESENTATION_CONTEXT('2D SPACE',''
  ) );
#1545 = PCURVE('',#1546,#1551);
#1546 = PLANE('',#1547);
#1547 = AXIS2_PLACEMENT_3D('',#1548,#1549,#1550);
#1548 = CARTESIAN_POINT('',(7.12,-4.,6.080644169871));
#1549 = DIRECTION('',(1.,-1.333282823136E-15,2.421450582827E-16));
#1550 = DIRECTION('',(-1.574412687833E-15,-2.22044604925E-16,1.));
#1551 = DEFINITIONAL_REPRESENTATION('',(#1552),#1556);
#1552 = LINE('',#1553,#1554);
#1553 = CARTESIAN_POINT('',(-2.743484899442,-5.622233057178));
#1554 = VECTOR('',#1555,1.);
#1555 = DIRECTION('',(0.993653789433,0.112481761834));
#1556 = ( GEOMETRIC_REPRESENTATION_CONTEXT(2) 
PARAMETRIC_REPRESENTATION_CONTEXT() REPRESENTATION_CONTEXT('2D SPACE',''
  ) );
#1557 = ORIENTED_EDGE('',*,*,#1558,.F.);
#1558 = EDGE_CURVE('',#1473,#1531,#1559,.T.);
#1559 = SURFACE_CURVE('',#1560,(#1564,#1571),.PCURVE_S1.);
#1560 = LINE('',#1561,#1562);
#1561 = CARTESIAN_POINT('',(-7.62,1.264199,6.5));
#1562 = VECTOR('',#1563,1.);
#1563 = DIRECTION('',(1.,-1.33226762955E-15,1.665334536938E-16));
#1564 = PCURVE('',#1306,#1565);
#1565 = DEFINITIONAL_REPRESENTATION('',(#1566),#1570);
#1566 = LINE('',#1567,#1568);
#1567 = CARTESIAN_POINT('',(6.541513824154,5.501909594585E-15));
#1568 = VECTOR('',#1569,1.);
#1569 = DIRECTION('',(-9.231386079198E-16,-1.));
#1570 = ( GEOMETRIC_REPRESENTATION_CONTEXT(2) 
PARAMETRIC_REPRESENTATION_CONTEXT() REPRESENTATION_CONTEXT('2D SPACE',''
  ) );
#1571 = PCURVE('',#1488,#1572);
#1572 = DEFINITIONAL_REPRESENTATION('',(#1573),#1577);
#1573 = LINE('',#1574,#1575);
#1574 = CARTESIAN_POINT('',(0.,0.));
#1575 = VECTOR('',#1576,1.);
#1576 = DIRECTION('',(1.110223024625E-15,-1.));
#1577 = ( GEOMETRIC_REPRESENTATION_CONTEXT(2) 
PARAMETRIC_REPRESENTATION_CONTEXT() REPRESENTATION_CONTEXT('2D SPACE',''
  ) );
#1578 = ADVANCED_FACE('',(#1579),#1280,.F.);
#1579 = FACE_BOUND('',#1580,.F.);
#1580 = EDGE_LOOP('',(#1581,#1582,#1610,#1638));
#1581 = ORIENTED_EDGE('',*,*,#1264,.F.);
#1582 = ORIENTED_EDGE('',*,*,#1583,.T.);
#1583 = EDGE_CURVE('',#1237,#1584,#1586,.T.);
#1584 = VERTEX_POINT('',#1585);
#1585 = CARTESIAN_POINT('',(7.62,-10.,1.686539796708E-14));
#1586 = SURFACE_CURVE('',#1587,(#1591,#1598),.PCURVE_S1.);
#1587 = LINE('',#1588,#1589);
#1588 = CARTESIAN_POINT('',(-7.62,-10.,1.538436045223E-14));
#1589 = VECTOR('',#1590,1.);
#1590 = DIRECTION('',(1.,-1.33226762955E-15,1.665334536938E-16));
#1591 = PCURVE('',#1280,#1592);
#1592 = DEFINITIONAL_REPRESENTATION('',(#1593),#1597);
#1593 = LINE('',#1594,#1595);
#1594 = CARTESIAN_POINT('',(0.,0.));
#1595 = VECTOR('',#1596,1.);
#1596 = DIRECTION('',(-1.110223024625E-15,-1.));
#1597 = ( GEOMETRIC_REPRESENTATION_CONTEXT(2) 
PARAMETRIC_REPRESENTATION_CONTEXT() REPRESENTATION_CONTEXT('2D SPACE',''
  ) );
#1598 = PCURVE('',#1599,#1604);
#1599 = PLANE('',#1600);
#1600 = AXIS2_PLACEMENT_3D('',#1601,#1602,#1603);
#1601 = CARTESIAN_POINT('',(7.62,-10.,11.399999999978));
#1602 = DIRECTION('',(-4.440892098501E-16,-1.,6.661338147751E-16));
#1603 = DIRECTION('',(1.33226762955E-15,-7.88860905221E-31,-1.));
#1604 = DEFINITIONAL_REPRESENTATION('',(#1605),#1609);
#1605 = LINE('',#1606,#1607);
#1606 = CARTESIAN_POINT('',(11.399999999978,-15.24));
#1607 = VECTOR('',#1608,1.);
#1608 = DIRECTION('',(9.436895709314E-16,1.));
#1609 = ( GEOMETRIC_REPRESENTATION_CONTEXT(2) 
PARAMETRIC_REPRESENTATION_CONTEXT() REPRESENTATION_CONTEXT('2D SPACE',''
  ) );
#1610 = ORIENTED_EDGE('',*,*,#1611,.T.);
#1611 = EDGE_CURVE('',#1584,#1612,#1614,.T.);
#1612 = VERTEX_POINT('',#1613);
#1613 = CARTESIAN_POINT('',(7.62,2.,2.210454042029E-15));
#1614 = SURFACE_CURVE('',#1615,(#1619,#1626),.PCURVE_S1.);
#1615 = LINE('',#1616,#1617);
#1616 = CARTESIAN_POINT('',(7.62,-10.,7.993605777301E-15));
#1617 = VECTOR('',#1618,1.);
#1618 = DIRECTION('',(-4.440892098501E-16,1.,-1.887379141863E-15));
#1619 = PCURVE('',#1280,#1620);
#1620 = DEFINITIONAL_REPRESENTATION('',(#1621),#1625);
#1621 = LINE('',#1622,#1623);
#1622 = CARTESIAN_POINT('',(-1.920241743392E-14,-15.24));
#1623 = VECTOR('',#1624,1.);
#1624 = DIRECTION('',(1.,1.110223024625E-15));
#1625 = ( GEOMETRIC_REPRESENTATION_CONTEXT(2) 
PARAMETRIC_REPRESENTATION_CONTEXT() REPRESENTATION_CONTEXT('2D SPACE',''
  ) );
#1626 = PCURVE('',#1627,#1632);
#1627 = PLANE('',#1628);
#1628 = AXIS2_PLACEMENT_3D('',#1629,#1630,#1631);
#1629 = CARTESIAN_POINT('',(7.62,-4.,3.115697415565));
#1630 = DIRECTION('',(1.,-1.554312234475E-15,-1.110223024625E-16));
#1631 = DIRECTION('',(-1.887379141863E-15,-3.330669073875E-16,1.));
#1632 = DEFINITIONAL_REPRESENTATION('',(#1633),#1637);
#1633 = LINE('',#1634,#1635);
#1634 = CARTESIAN_POINT('',(-3.115697415565,6.));
#1635 = VECTOR('',#1636,1.);
#1636 = DIRECTION('',(-1.554312234475E-15,-1.));
#1637 = ( GEOMETRIC_REPRESENTATION_CONTEXT(2) 
PARAMETRIC_REPRESENTATION_CONTEXT() REPRESENTATION_CONTEXT('2D SPACE',''
  ) );
#1638 = ORIENTED_EDGE('',*,*,#1639,.F.);
#1639 = EDGE_CURVE('',#1265,#1612,#1640,.T.);
#1640 = SURFACE_CURVE('',#1641,(#1645,#1652),.PCURVE_S1.);
#1641 = LINE('',#1642,#1643);
#1642 = CARTESIAN_POINT('',(-7.62,2.,-4.599653991022E-15));
#1643 = VECTOR('',#1644,1.);
#1644 = DIRECTION('',(1.,-1.33226762955E-15,1.665334536938E-16));
#1645 = PCURVE('',#1280,#1646);
#1646 = DEFINITIONAL_REPRESENTATION('',(#1647),#1651);
#1647 = LINE('',#1648,#1649);
#1648 = CARTESIAN_POINT('',(12.,1.06581410364E-14));
#1649 = VECTOR('',#1650,1.);
#1650 = DIRECTION('',(-1.110223024625E-15,-1.));
#1651 = ( GEOMETRIC_REPRESENTATION_CONTEXT(2) 
PARAMETRIC_REPRESENTATION_CONTEXT() REPRESENTATION_CONTEXT('2D SPACE',''
  ) );
#1652 = PCURVE('',#1653,#1658);
#1653 = PLANE('',#1654);
#1654 = AXIS2_PLACEMENT_3D('',#1655,#1656,#1657);
#1655 = CARTESIAN_POINT('',(7.62,2.,7.616129948929E-16));
#1656 = DIRECTION('',(4.440892098501E-16,1.,-6.661338147751E-16));
#1657 = DIRECTION('',(-1.33226762955E-15,7.88860905221E-31,1.));
#1658 = DEFINITIONAL_REPRESENTATION('',(#1659),#1663);
#1659 = LINE('',#1660,#1661);
#1660 = CARTESIAN_POINT('',(1.155853190937E-14,-15.24));
#1661 = VECTOR('',#1662,1.);
#1662 = DIRECTION('',(-9.436895709314E-16,1.));
#1663 = ( GEOMETRIC_REPRESENTATION_CONTEXT(2) 
PARAMETRIC_REPRESENTATION_CONTEXT() REPRESENTATION_CONTEXT('2D SPACE',''
  ) );
#1664 = ADVANCED_FACE('',(#1665),#1252,.F.);
#1665 = FACE_BOUND('',#1666,.F.);
#1666 = EDGE_LOOP('',(#1667,#1668,#1691,#1712));
#1667 = ORIENTED_EDGE('',*,*,#1449,.F.);
#1668 = ORIENTED_EDGE('',*,*,#1669,.T.);
#1669 = EDGE_CURVE('',#1450,#1670,#1672,.T.);
#1670 = VERTEX_POINT('',#1671);
#1671 = CARTESIAN_POINT('',(7.12,-9.264199,6.5));
#1672 = SURFACE_CURVE('',#1673,(#1677,#1684),.PCURVE_S1.);
#1673 = LINE('',#1674,#1675);
#1674 = CARTESIAN_POINT('',(-7.62,-9.264199,6.5));
#1675 = VECTOR('',#1676,1.);
#1676 = DIRECTION('',(1.,-1.33226762955E-15,1.665334536938E-16));
#1677 = PCURVE('',#1252,#1678);
#1678 = DEFINITIONAL_REPRESENTATION('',(#1679),#1683);
#1679 = LINE('',#1680,#1681);
#1680 = CARTESIAN_POINT('',(0.,0.));
#1681 = VECTOR('',#1682,1.);
#1682 = DIRECTION('',(1.172898291596E-15,-1.));
#1683 = ( GEOMETRIC_REPRESENTATION_CONTEXT(2) 
PARAMETRIC_REPRESENTATION_CONTEXT() REPRESENTATION_CONTEXT('2D SPACE',''
  ) );
#1684 = PCURVE('',#1488,#1685);
#1685 = DEFINITIONAL_REPRESENTATION('',(#1686),#1690);
#1686 = LINE('',#1687,#1688);
#1687 = CARTESIAN_POINT('',(10.528398,-9.116440047308E-15));
#1688 = VECTOR('',#1689,1.);
#1689 = DIRECTION('',(1.110223024625E-15,-1.));
#1690 = ( GEOMETRIC_REPRESENTATION_CONTEXT(2) 
PARAMETRIC_REPRESENTATION_CONTEXT() REPRESENTATION_CONTEXT('2D SPACE',''
  ) );
#1691 = ORIENTED_EDGE('',*,*,#1692,.T.);
#1692 = EDGE_CURVE('',#1670,#1237,#1693,.T.);
#1693 = SURFACE_CURVE('',#1694,(#1698,#1705),.PCURVE_S1.);
#1694 = LINE('',#1695,#1696);
#1695 = CARTESIAN_POINT('',(7.12,-9.254332557178,6.587159270429));
#1696 = VECTOR('',#1697,1.);
#1697 = DIRECTION('',(1.073084079684E-15,-0.112481761834,-0.993653789433
    ));
#1698 = PCURVE('',#1252,#1699);
#1699 = DEFINITIONAL_REPRESENTATION('',(#1700),#1704);
#1700 = LINE('',#1701,#1702);
#1701 = CARTESIAN_POINT('',(-8.771593421715E-02,-14.74));
#1702 = VECTOR('',#1703,1.);
#1703 = DIRECTION('',(1.,-6.213992953875E-16));
#1704 = ( GEOMETRIC_REPRESENTATION_CONTEXT(2) 
PARAMETRIC_REPRESENTATION_CONTEXT() REPRESENTATION_CONTEXT('2D SPACE',''
  ) );
#1705 = PCURVE('',#1546,#1706);
#1706 = DEFINITIONAL_REPRESENTATION('',(#1707),#1711);
#1707 = LINE('',#1708,#1709);
#1708 = CARTESIAN_POINT('',(0.506515100558,5.254332557178));
#1709 = VECTOR('',#1710,1.);
#1710 = DIRECTION('',(-0.993653789433,0.112481761834));
#1711 = ( GEOMETRIC_REPRESENTATION_CONTEXT(2) 
PARAMETRIC_REPRESENTATION_CONTEXT() REPRESENTATION_CONTEXT('2D SPACE',''
  ) );
#1712 = ORIENTED_EDGE('',*,*,#1236,.F.);
#1713 = ADVANCED_FACE('',(#1714),#1488,.F.);
#1714 = FACE_BOUND('',#1715,.F.);
#1715 = EDGE_LOOP('',(#1716,#1717,#1718,#1739));
#1716 = ORIENTED_EDGE('',*,*,#1472,.F.);
#1717 = ORIENTED_EDGE('',*,*,#1558,.T.);
#1718 = ORIENTED_EDGE('',*,*,#1719,.T.);
#1719 = EDGE_CURVE('',#1531,#1670,#1720,.T.);
#1720 = SURFACE_CURVE('',#1721,(#1725,#1732),.PCURVE_S1.);
#1721 = LINE('',#1722,#1723);
#1722 = CARTESIAN_POINT('',(7.12,-1.3679005,6.5));
#1723 = VECTOR('',#1724,1.);
#1724 = DIRECTION('',(-4.451044034363E-16,-1.,1.221245327088E-15));
#1725 = PCURVE('',#1488,#1726);
#1726 = DEFINITIONAL_REPRESENTATION('',(#1727),#1731);
#1727 = LINE('',#1728,#1729);
#1728 = CARTESIAN_POINT('',(2.6320995,-14.74));
#1729 = VECTOR('',#1730,1.);
#1730 = DIRECTION('',(1.,-4.430740162638E-16));
#1731 = ( GEOMETRIC_REPRESENTATION_CONTEXT(2) 
PARAMETRIC_REPRESENTATION_CONTEXT() REPRESENTATION_CONTEXT('2D SPACE',''
  ) );
#1732 = PCURVE('',#1546,#1733);
#1733 = DEFINITIONAL_REPRESENTATION('',(#1734),#1738);
#1734 = LINE('',#1735,#1736);
#1735 = CARTESIAN_POINT('',(0.419355830129,-2.6320995));
#1736 = VECTOR('',#1737,1.);
#1737 = DIRECTION('',(1.221245327088E-15,1.));
#1738 = ( GEOMETRIC_REPRESENTATION_CONTEXT(2) 
PARAMETRIC_REPRESENTATION_CONTEXT() REPRESENTATION_CONTEXT('2D SPACE',''
  ) );
#1739 = ORIENTED_EDGE('',*,*,#1669,.F.);
#1740 = ADVANCED_FACE('',(#1741),#1546,.F.);
#1741 = FACE_BOUND('',#1742,.F.);
#1742 = EDGE_LOOP('',(#1743,#1766,#1767,#1768,#1769,#1792,#1821,#1849));
#1743 = ORIENTED_EDGE('',*,*,#1744,.T.);
#1744 = EDGE_CURVE('',#1745,#1237,#1747,.T.);
#1745 = VERTEX_POINT('',#1746);
#1746 = CARTESIAN_POINT('',(7.12,-10.,11.399999999978));
#1747 = SURFACE_CURVE('',#1748,(#1752,#1759),.PCURVE_S1.);
#1748 = LINE('',#1749,#1750);
#1749 = CARTESIAN_POINT('',(7.12,-10.,11.399999999978));
#1750 = VECTOR('',#1751,1.);
#1751 = DIRECTION('',(1.554312234475E-15,2.22044604925E-16,-1.));
#1752 = PCURVE('',#1546,#1753);
#1753 = DEFINITIONAL_REPRESENTATION('',(#1754),#1758);
#1754 = LINE('',#1755,#1756);
#1755 = CARTESIAN_POINT('',(5.319355830107,6.));
#1756 = VECTOR('',#1757,1.);
#1757 = DIRECTION('',(-1.,-8.881784197001E-16));
#1758 = ( GEOMETRIC_REPRESENTATION_CONTEXT(2) 
PARAMETRIC_REPRESENTATION_CONTEXT() REPRESENTATION_CONTEXT('2D SPACE',''
  ) );
#1759 = PCURVE('',#1599,#1760);
#1760 = DEFINITIONAL_REPRESENTATION('',(#1761),#1765);
#1761 = LINE('',#1762,#1763);
#1762 = CARTESIAN_POINT('',(-2.331468351713E-15,-0.5));
#1763 = VECTOR('',#1764,1.);
#1764 = DIRECTION('',(1.,6.661338147751E-16));
#1765 = ( GEOMETRIC_REPRESENTATION_CONTEXT(2) 
PARAMETRIC_REPRESENTATION_CONTEXT() REPRESENTATION_CONTEXT('2D SPACE',''
  ) );
#1766 = ORIENTED_EDGE('',*,*,#1692,.F.);
#1767 = ORIENTED_EDGE('',*,*,#1719,.F.);
#1768 = ORIENTED_EDGE('',*,*,#1530,.F.);
#1769 = ORIENTED_EDGE('',*,*,#1770,.T.);
#1770 = EDGE_CURVE('',#1265,#1771,#1773,.T.);
#1771 = VERTEX_POINT('',#1772);
#1772 = CARTESIAN_POINT('',(7.12,2.,11.399999999978));
#1773 = SURFACE_CURVE('',#1774,(#1778,#1785),.PCURVE_S1.);
#1774 = LINE('',#1775,#1776);
#1775 = CARTESIAN_POINT('',(7.12,2.,-8.881784197001E-15));
#1776 = VECTOR('',#1777,1.);
#1777 = DIRECTION('',(-1.554312234475E-15,-2.22044604925E-16,1.));
#1778 = PCURVE('',#1546,#1779);
#1779 = DEFINITIONAL_REPRESENTATION('',(#1780),#1784);
#1780 = LINE('',#1781,#1782);
#1781 = CARTESIAN_POINT('',(-6.080644169871,-6.));
#1782 = VECTOR('',#1783,1.);
#1783 = DIRECTION('',(1.,8.881784197001E-16));
#1784 = ( GEOMETRIC_REPRESENTATION_CONTEXT(2) 
PARAMETRIC_REPRESENTATION_CONTEXT() REPRESENTATION_CONTEXT('2D SPACE',''
  ) );
#1785 = PCURVE('',#1653,#1786);
#1786 = DEFINITIONAL_REPRESENTATION('',(#1787),#1791);
#1787 = LINE('',#1788,#1789);
#1788 = CARTESIAN_POINT('',(-8.866241074657E-15,-0.5));
#1789 = VECTOR('',#1790,1.);
#1790 = DIRECTION('',(1.,-6.661338147751E-16));
#1791 = ( GEOMETRIC_REPRESENTATION_CONTEXT(2) 
PARAMETRIC_REPRESENTATION_CONTEXT() REPRESENTATION_CONTEXT('2D SPACE',''
  ) );
#1792 = ORIENTED_EDGE('',*,*,#1793,.T.);
#1793 = EDGE_CURVE('',#1771,#1794,#1796,.T.);
#1794 = VERTEX_POINT('',#1795);
#1795 = CARTESIAN_POINT('',(7.12,1.,12.399999999978));
#1796 = SURFACE_CURVE('',#1797,(#1802,#1809),.PCURVE_S1.);
#1797 = CIRCLE('',#1798,1.);
#1798 = AXIS2_PLACEMENT_3D('',#1799,#1800,#1801);
#1799 = CARTESIAN_POINT('',(7.12,1.,11.399999999978));
#1800 = DIRECTION('',(1.,1.158639454543E-30,1.554312234475E-15));
#1801 = DIRECTION('',(5.669937756276E-31,1.,-1.110223024625E-15));
#1802 = PCURVE('',#1546,#1803);
#1803 = DEFINITIONAL_REPRESENTATION('',(#1804),#1808);
#1804 = CIRCLE('',#1805,1.);
#1805 = AXIS2_PLACEMENT_2D('',#1806,#1807);
#1806 = CARTESIAN_POINT('',(5.319355830107,-5.));
#1807 = DIRECTION('',(-8.881784197001E-16,-1.));
#1808 = ( GEOMETRIC_REPRESENTATION_CONTEXT(2) 
PARAMETRIC_REPRESENTATION_CONTEXT() REPRESENTATION_CONTEXT('2D SPACE',''
  ) );
#1809 = PCURVE('',#1810,#1815);
#1810 = CYLINDRICAL_SURFACE('',#1811,1.);
#1811 = AXIS2_PLACEMENT_3D('',#1812,#1813,#1814);
#1812 = CARTESIAN_POINT('',(7.62,1.,11.399999999978));
#1813 = DIRECTION('',(1.,-8.881784197001E-16,6.661338147751E-16));
#1814 = DIRECTION('',(2.22044604925E-16,1.,-8.881784197001E-16));
#1815 = DEFINITIONAL_REPRESENTATION('',(#1816),#1820);
#1816 = LINE('',#1817,#1818);
#1817 = CARTESIAN_POINT('',(0.,-0.5));
#1818 = VECTOR('',#1819,1.);
#1819 = DIRECTION('',(1.,0.));
#1820 = ( GEOMETRIC_REPRESENTATION_CONTEXT(2) 
PARAMETRIC_REPRESENTATION_CONTEXT() REPRESENTATION_CONTEXT('2D SPACE',''
  ) );
#1821 = ORIENTED_EDGE('',*,*,#1822,.T.);
#1822 = EDGE_CURVE('',#1794,#1823,#1825,.T.);
#1823 = VERTEX_POINT('',#1824);
#1824 = CARTESIAN_POINT('',(7.12,-9.,12.399999999978));
#1825 = SURFACE_CURVE('',#1826,(#1830,#1837),.PCURVE_S1.);
#1826 = LINE('',#1827,#1828);
#1827 = CARTESIAN_POINT('',(7.12,1.,12.399999999978));
#1828 = VECTOR('',#1829,1.);
#1829 = DIRECTION('',(-5.669937756276E-31,-1.,1.110223024625E-15));
#1830 = PCURVE('',#1546,#1831);
#1831 = DEFINITIONAL_REPRESENTATION('',(#1832),#1836);
#1832 = LINE('',#1833,#1834);
#1833 = CARTESIAN_POINT('',(6.319355830107,-5.));
#1834 = VECTOR('',#1835,1.);
#1835 = DIRECTION('',(8.881784197001E-16,1.));
#1836 = ( GEOMETRIC_REPRESENTATION_CONTEXT(2) 
PARAMETRIC_REPRESENTATION_CONTEXT() REPRESENTATION_CONTEXT('2D SPACE',''
  ) );
#1837 = PCURVE('',#1838,#1843);
#1838 = PLANE('',#1839);
#1839 = AXIS2_PLACEMENT_3D('',#1840,#1841,#1842);
#1840 = CARTESIAN_POINT('',(7.62,1.,12.399999999978));
#1841 = DIRECTION('',(-1.110223024625E-15,2.22044604925E-16,1.));
#1842 = DIRECTION('',(-2.22044604925E-16,-1.,8.881784197001E-16));
#1843 = DEFINITIONAL_REPRESENTATION('',(#1844),#1848);
#1844 = LINE('',#1845,#1846);
#1845 = CARTESIAN_POINT('',(3.885780586188E-16,-0.5));
#1846 = VECTOR('',#1847,1.);
#1847 = DIRECTION('',(1.,6.661338147751E-16));
#1848 = ( GEOMETRIC_REPRESENTATION_CONTEXT(2) 
PARAMETRIC_REPRESENTATION_CONTEXT() REPRESENTATION_CONTEXT('2D SPACE',''
  ) );
#1849 = ORIENTED_EDGE('',*,*,#1850,.T.);
#1850 = EDGE_CURVE('',#1823,#1745,#1851,.T.);
#1851 = SURFACE_CURVE('',#1852,(#1857,#1864),.PCURVE_S1.);
#1852 = CIRCLE('',#1853,1.);
#1853 = AXIS2_PLACEMENT_3D('',#1854,#1855,#1856);
#1854 = CARTESIAN_POINT('',(7.12,-9.,11.399999999978));
#1855 = DIRECTION('',(1.,1.158639454543E-30,1.554312234475E-15));
#1856 = DIRECTION('',(5.669937756276E-31,1.,-1.110223024625E-15));
#1857 = PCURVE('',#1546,#1858);
#1858 = DEFINITIONAL_REPRESENTATION('',(#1859),#1863);
#1859 = CIRCLE('',#1860,1.);
#1860 = AXIS2_PLACEMENT_2D('',#1861,#1862);
#1861 = CARTESIAN_POINT('',(5.319355830107,5.));
#1862 = DIRECTION('',(-8.881784197001E-16,-1.));
#1863 = ( GEOMETRIC_REPRESENTATION_CONTEXT(2) 
PARAMETRIC_REPRESENTATION_CONTEXT() REPRESENTATION_CONTEXT('2D SPACE',''
  ) );
#1864 = PCURVE('',#1865,#1870);
#1865 = CYLINDRICAL_SURFACE('',#1866,1.);
#1866 = AXIS2_PLACEMENT_3D('',#1867,#1868,#1869);
#1867 = CARTESIAN_POINT('',(7.62,-9.,11.399999999978));
#1868 = DIRECTION('',(1.,-8.881784197001E-16,6.661338147751E-16));
#1869 = DIRECTION('',(2.22044604925E-16,1.,-8.881784197001E-16));
#1870 = DEFINITIONAL_REPRESENTATION('',(#1871),#1875);
#1871 = LINE('',#1872,#1873);
#1872 = CARTESIAN_POINT('',(0.,-0.5));
#1873 = VECTOR('',#1874,1.);
#1874 = DIRECTION('',(1.,0.));
#1875 = ( GEOMETRIC_REPRESENTATION_CONTEXT(2) 
PARAMETRIC_REPRESENTATION_CONTEXT() REPRESENTATION_CONTEXT('2D SPACE',''
  ) );
#1876 = ADVANCED_FACE('',(#1877),#1653,.T.);
#1877 = FACE_BOUND('',#1878,.T.);
#1878 = EDGE_LOOP('',(#1879,#1880,#1881,#1904));
#1879 = ORIENTED_EDGE('',*,*,#1639,.F.);
#1880 = ORIENTED_EDGE('',*,*,#1770,.T.);
#1881 = ORIENTED_EDGE('',*,*,#1882,.F.);
#1882 = EDGE_CURVE('',#1883,#1771,#1885,.T.);
#1883 = VERTEX_POINT('',#1884);
#1884 = CARTESIAN_POINT('',(7.62,2.,11.399999999978));
#1885 = SURFACE_CURVE('',#1886,(#1890,#1897),.PCURVE_S1.);
#1886 = LINE('',#1887,#1888);
#1887 = CARTESIAN_POINT('',(7.62,2.,11.399999999978));
#1888 = VECTOR('',#1889,1.);
#1889 = DIRECTION('',(-1.,1.110223024625E-15,-4.440892098501E-16));
#1890 = PCURVE('',#1653,#1891);
#1891 = DEFINITIONAL_REPRESENTATION('',(#1892),#1896);
#1892 = LINE('',#1893,#1894);
#1893 = CARTESIAN_POINT('',(11.399999999978,-4.840572387381E-15));
#1894 = VECTOR('',#1895,1.);
#1895 = DIRECTION('',(6.661338147751E-16,-1.));
#1896 = ( GEOMETRIC_REPRESENTATION_CONTEXT(2) 
PARAMETRIC_REPRESENTATION_CONTEXT() REPRESENTATION_CONTEXT('2D SPACE',''
  ) );
#1897 = PCURVE('',#1810,#1898);
#1898 = DEFINITIONAL_REPRESENTATION('',(#1899),#1903);
#1899 = LINE('',#1900,#1901);
#1900 = CARTESIAN_POINT('',(0.,0.));
#1901 = VECTOR('',#1902,1.);
#1902 = DIRECTION('',(0.,-1.));
#1903 = ( GEOMETRIC_REPRESENTATION_CONTEXT(2) 
PARAMETRIC_REPRESENTATION_CONTEXT() REPRESENTATION_CONTEXT('2D SPACE',''
  ) );
#1904 = ORIENTED_EDGE('',*,*,#1905,.F.);
#1905 = EDGE_CURVE('',#1612,#1883,#1906,.T.);
#1906 = SURFACE_CURVE('',#1907,(#1911,#1918),.PCURVE_S1.);
#1907 = LINE('',#1908,#1909);
#1908 = CARTESIAN_POINT('',(7.62,2.,-7.993605777301E-15));
#1909 = VECTOR('',#1910,1.);
#1910 = DIRECTION('',(-1.554312234475E-15,-2.22044604925E-16,1.));
#1911 = PCURVE('',#1653,#1912);
#1912 = DEFINITIONAL_REPRESENTATION('',(#1913),#1917);
#1913 = LINE('',#1914,#1915);
#1914 = CARTESIAN_POINT('',(-9.421352586969E-15,7.105427357601E-15));
#1915 = VECTOR('',#1916,1.);
#1916 = DIRECTION('',(1.,-6.661338147751E-16));
#1917 = ( GEOMETRIC_REPRESENTATION_CONTEXT(2) 
PARAMETRIC_REPRESENTATION_CONTEXT() REPRESENTATION_CONTEXT('2D SPACE',''
  ) );
#1918 = PCURVE('',#1919,#1924);
#1919 = PLANE('',#1920);
#1920 = AXIS2_PLACEMENT_3D('',#1921,#1922,#1923);
#1921 = CARTESIAN_POINT('',(7.62,-4.,6.080644169871));
#1922 = DIRECTION('',(1.,-1.333282823136E-15,2.421450582827E-16));
#1923 = DIRECTION('',(-1.574412687833E-15,-2.22044604925E-16,1.));
#1924 = DEFINITIONAL_REPRESENTATION('',(#1925),#1929);
#1925 = LINE('',#1926,#1927);
#1926 = CARTESIAN_POINT('',(-6.080644169871,-6.));
#1927 = VECTOR('',#1928,1.);
#1928 = DIRECTION('',(1.,8.881784197001E-16));
#1929 = ( GEOMETRIC_REPRESENTATION_CONTEXT(2) 
PARAMETRIC_REPRESENTATION_CONTEXT() REPRESENTATION_CONTEXT('2D SPACE',''
  ) );
#1930 = ADVANCED_FACE('',(#1931),#1627,.T.);
#1931 = FACE_BOUND('',#1932,.T.);
#1932 = EDGE_LOOP('',(#1933,#1934,#1957,#1980));
#1933 = ORIENTED_EDGE('',*,*,#1611,.T.);
#1934 = ORIENTED_EDGE('',*,*,#1935,.T.);
#1935 = EDGE_CURVE('',#1612,#1936,#1938,.T.);
#1936 = VERTEX_POINT('',#1937);
#1937 = CARTESIAN_POINT('',(7.62,1.264199,6.5));
#1938 = SURFACE_CURVE('',#1939,(#1943,#1950),.PCURVE_S1.);
#1939 = LINE('',#1940,#1941);
#1940 = CARTESIAN_POINT('',(7.62,2.,-1.50990331349E-14));
#1941 = VECTOR('',#1942,1.);
#1942 = DIRECTION('',(-1.825449499674E-15,-0.112481761834,0.993653789433
    ));
#1943 = PCURVE('',#1627,#1944);
#1944 = DEFINITIONAL_REPRESENTATION('',(#1945),#1949);
#1945 = LINE('',#1946,#1947);
#1946 = CARTESIAN_POINT('',(-3.115697415565,-6.));
#1947 = VECTOR('',#1948,1.);
#1948 = DIRECTION('',(0.993653789433,0.112481761834));
#1949 = ( GEOMETRIC_REPRESENTATION_CONTEXT(2) 
PARAMETRIC_REPRESENTATION_CONTEXT() REPRESENTATION_CONTEXT('2D SPACE',''
  ) );
#1950 = PCURVE('',#1919,#1951);
#1951 = DEFINITIONAL_REPRESENTATION('',(#1952),#1956);
#1952 = LINE('',#1953,#1954);
#1953 = CARTESIAN_POINT('',(-6.080644169871,-6.));
#1954 = VECTOR('',#1955,1.);
#1955 = DIRECTION('',(0.993653789433,0.112481761834));
#1956 = ( GEOMETRIC_REPRESENTATION_CONTEXT(2) 
PARAMETRIC_REPRESENTATION_CONTEXT() REPRESENTATION_CONTEXT('2D SPACE',''
  ) );
#1957 = ORIENTED_EDGE('',*,*,#1958,.T.);
#1958 = EDGE_CURVE('',#1936,#1959,#1961,.T.);
#1959 = VERTEX_POINT('',#1960);
#1960 = CARTESIAN_POINT('',(7.62,-9.264199,6.5));
#1961 = SURFACE_CURVE('',#1962,(#1966,#1973),.PCURVE_S1.);
#1962 = LINE('',#1963,#1964);
#1963 = CARTESIAN_POINT('',(7.62,1.264199,6.5));
#1964 = VECTOR('',#1965,1.);
#1965 = DIRECTION('',(4.440892098501E-16,-1.,1.887379141863E-15));
#1966 = PCURVE('',#1627,#1967);
#1967 = DEFINITIONAL_REPRESENTATION('',(#1968),#1972);
#1968 = LINE('',#1969,#1970);
#1969 = CARTESIAN_POINT('',(3.384302584435,-5.264199));
#1970 = VECTOR('',#1971,1.);
#1971 = DIRECTION('',(1.554312234475E-15,1.));
#1972 = ( GEOMETRIC_REPRESENTATION_CONTEXT(2) 
PARAMETRIC_REPRESENTATION_CONTEXT() REPRESENTATION_CONTEXT('2D SPACE',''
  ) );
#1973 = PCURVE('',#1919,#1974);
#1974 = DEFINITIONAL_REPRESENTATION('',(#1975),#1979);
#1975 = LINE('',#1976,#1977);
#1976 = CARTESIAN_POINT('',(0.419355830129,-5.264199));
#1977 = VECTOR('',#1978,1.);
#1978 = DIRECTION('',(1.665334536938E-15,1.));
#1979 = ( GEOMETRIC_REPRESENTATION_CONTEXT(2) 
PARAMETRIC_REPRESENTATION_CONTEXT() REPRESENTATION_CONTEXT('2D SPACE',''
  ) );
#1980 = ORIENTED_EDGE('',*,*,#1981,.T.);
#1981 = EDGE_CURVE('',#1959,#1584,#1982,.T.);
#1982 = SURFACE_CURVE('',#1983,(#1987,#1994),.PCURVE_S1.);
#1983 = LINE('',#1984,#1985);
#1984 = CARTESIAN_POINT('',(7.62,-9.264199,6.5));
#1985 = VECTOR('',#1986,1.);
#1986 = DIRECTION('',(1.925353373144E-15,-0.112481761834,-0.993653789433
    ));
#1987 = PCURVE('',#1627,#1988);
#1988 = DEFINITIONAL_REPRESENTATION('',(#1989),#1993);
#1989 = LINE('',#1990,#1991);
#1990 = CARTESIAN_POINT('',(3.384302584435,5.264199));
#1991 = VECTOR('',#1992,1.);
#1992 = DIRECTION('',(-0.993653789433,0.112481761834));
#1993 = ( GEOMETRIC_REPRESENTATION_CONTEXT(2) 
PARAMETRIC_REPRESENTATION_CONTEXT() REPRESENTATION_CONTEXT('2D SPACE',''
  ) );
#1994 = PCURVE('',#1919,#1995);
#1995 = DEFINITIONAL_REPRESENTATION('',(#1996),#2000);
#1996 = LINE('',#1997,#1998);
#1997 = CARTESIAN_POINT('',(0.419355830129,5.264199));
#1998 = VECTOR('',#1999,1.);
#1999 = DIRECTION('',(-0.993653789433,0.112481761834));
#2000 = ( GEOMETRIC_REPRESENTATION_CONTEXT(2) 
PARAMETRIC_REPRESENTATION_CONTEXT() REPRESENTATION_CONTEXT('2D SPACE',''
  ) );
#2001 = ADVANCED_FACE('',(#2002),#1599,.T.);
#2002 = FACE_BOUND('',#2003,.T.);
#2003 = EDGE_LOOP('',(#2004,#2027,#2028,#2029));
#2004 = ORIENTED_EDGE('',*,*,#2005,.T.);
#2005 = EDGE_CURVE('',#2006,#1745,#2008,.T.);
#2006 = VERTEX_POINT('',#2007);
#2007 = CARTESIAN_POINT('',(7.62,-10.,11.399999999978));
#2008 = SURFACE_CURVE('',#2009,(#2013,#2020),.PCURVE_S1.);
#2009 = LINE('',#2010,#2011);
#2010 = CARTESIAN_POINT('',(7.62,-10.,11.399999999978));
#2011 = VECTOR('',#2012,1.);
#2012 = DIRECTION('',(-1.,1.110223024625E-15,-4.440892098501E-16));
#2013 = PCURVE('',#1599,#2014);
#2014 = DEFINITIONAL_REPRESENTATION('',(#2015),#2019);
#2015 = LINE('',#2016,#2017);
#2016 = CARTESIAN_POINT('',(0.,0.));
#2017 = VECTOR('',#2018,1.);
#2018 = DIRECTION('',(-6.661338147751E-16,-1.));
#2019 = ( GEOMETRIC_REPRESENTATION_CONTEXT(2) 
PARAMETRIC_REPRESENTATION_CONTEXT() REPRESENTATION_CONTEXT('2D SPACE',''
  ) );
#2020 = PCURVE('',#1865,#2021);
#2021 = DEFINITIONAL_REPRESENTATION('',(#2022),#2026);
#2022 = LINE('',#2023,#2024);
#2023 = CARTESIAN_POINT('',(3.14159265359,0.));
#2024 = VECTOR('',#2025,1.);
#2025 = DIRECTION('',(0.,-1.));
#2026 = ( GEOMETRIC_REPRESENTATION_CONTEXT(2) 
PARAMETRIC_REPRESENTATION_CONTEXT() REPRESENTATION_CONTEXT('2D SPACE',''
  ) );
#2027 = ORIENTED_EDGE('',*,*,#1744,.T.);
#2028 = ORIENTED_EDGE('',*,*,#1583,.T.);
#2029 = ORIENTED_EDGE('',*,*,#2030,.F.);
#2030 = EDGE_CURVE('',#2006,#1584,#2031,.T.);
#2031 = SURFACE_CURVE('',#2032,(#2036,#2043),.PCURVE_S1.);
#2032 = LINE('',#2033,#2034);
#2033 = CARTESIAN_POINT('',(7.62,-10.,11.399999999978));
#2034 = VECTOR('',#2035,1.);
#2035 = DIRECTION('',(1.554312234475E-15,2.22044604925E-16,-1.));
#2036 = PCURVE('',#1599,#2037);
#2037 = DEFINITIONAL_REPRESENTATION('',(#2038),#2042);
#2038 = LINE('',#2039,#2040);
#2039 = CARTESIAN_POINT('',(-1.7763568394E-15,7.105427357601E-15));
#2040 = VECTOR('',#2041,1.);
#2041 = DIRECTION('',(1.,6.661338147751E-16));
#2042 = ( GEOMETRIC_REPRESENTATION_CONTEXT(2) 
PARAMETRIC_REPRESENTATION_CONTEXT() REPRESENTATION_CONTEXT('2D SPACE',''
  ) );
#2043 = PCURVE('',#1919,#2044);
#2044 = DEFINITIONAL_REPRESENTATION('',(#2045),#2049);
#2045 = LINE('',#2046,#2047);
#2046 = CARTESIAN_POINT('',(5.319355830107,6.));
#2047 = VECTOR('',#2048,1.);
#2048 = DIRECTION('',(-1.,-8.881784197001E-16));
#2049 = ( GEOMETRIC_REPRESENTATION_CONTEXT(2) 
PARAMETRIC_REPRESENTATION_CONTEXT() REPRESENTATION_CONTEXT('2D SPACE',''
  ) );
#2050 = ADVANCED_FACE('',(#2051),#1865,.T.);
#2051 = FACE_BOUND('',#2052,.T.);
#2052 = EDGE_LOOP('',(#2053,#2076,#2077,#2078));
#2053 = ORIENTED_EDGE('',*,*,#2054,.T.);
#2054 = EDGE_CURVE('',#2055,#1823,#2057,.T.);
#2055 = VERTEX_POINT('',#2056);
#2056 = CARTESIAN_POINT('',(7.62,-9.,12.399999999978));
#2057 = SURFACE_CURVE('',#2058,(#2062,#2069),.PCURVE_S1.);
#2058 = LINE('',#2059,#2060);
#2059 = CARTESIAN_POINT('',(7.62,-9.,12.399999999978));
#2060 = VECTOR('',#2061,1.);
#2061 = DIRECTION('',(-1.,1.110223024625E-15,-4.440892098501E-16));
#2062 = PCURVE('',#1865,#2063);
#2063 = DEFINITIONAL_REPRESENTATION('',(#2064),#2068);
#2064 = LINE('',#2065,#2066);
#2065 = CARTESIAN_POINT('',(1.570796326795,0.));
#2066 = VECTOR('',#2067,1.);
#2067 = DIRECTION('',(0.,-1.));
#2068 = ( GEOMETRIC_REPRESENTATION_CONTEXT(2) 
PARAMETRIC_REPRESENTATION_CONTEXT() REPRESENTATION_CONTEXT('2D SPACE',''
  ) );
#2069 = PCURVE('',#1838,#2070);
#2070 = DEFINITIONAL_REPRESENTATION('',(#2071),#2075);
#2071 = LINE('',#2072,#2073);
#2072 = CARTESIAN_POINT('',(10.,4.662936703426E-15));
#2073 = VECTOR('',#2074,1.);
#2074 = DIRECTION('',(-6.661338147751E-16,-1.));
#2075 = ( GEOMETRIC_REPRESENTATION_CONTEXT(2) 
PARAMETRIC_REPRESENTATION_CONTEXT() REPRESENTATION_CONTEXT('2D SPACE',''
  ) );
#2076 = ORIENTED_EDGE('',*,*,#1850,.T.);
#2077 = ORIENTED_EDGE('',*,*,#2005,.F.);
#2078 = ORIENTED_EDGE('',*,*,#2079,.F.);
#2079 = EDGE_CURVE('',#2055,#2006,#2080,.T.);
#2080 = SURFACE_CURVE('',#2081,(#2086,#2093),.PCURVE_S1.);
#2081 = CIRCLE('',#2082,1.);
#2082 = AXIS2_PLACEMENT_3D('',#2083,#2084,#2085);
#2083 = CARTESIAN_POINT('',(7.62,-9.,11.399999999978));
#2084 = DIRECTION('',(1.,1.158639454543E-30,1.554312234475E-15));
#2085 = DIRECTION('',(5.669937756276E-31,1.,-1.110223024625E-15));
#2086 = PCURVE('',#1865,#2087);
#2087 = DEFINITIONAL_REPRESENTATION('',(#2088),#2092);
#2088 = LINE('',#2089,#2090);
#2089 = CARTESIAN_POINT('',(0.,0.));
#2090 = VECTOR('',#2091,1.);
#2091 = DIRECTION('',(1.,0.));
#2092 = ( GEOMETRIC_REPRESENTATION_CONTEXT(2) 
PARAMETRIC_REPRESENTATION_CONTEXT() REPRESENTATION_CONTEXT('2D SPACE',''
  ) );
#2093 = PCURVE('',#1919,#2094);
#2094 = DEFINITIONAL_REPRESENTATION('',(#2095),#2099);
#2095 = CIRCLE('',#2096,1.);
#2096 = AXIS2_PLACEMENT_2D('',#2097,#2098);
#2097 = CARTESIAN_POINT('',(5.319355830107,5.));
#2098 = DIRECTION('',(-8.881784197001E-16,-1.));
#2099 = ( GEOMETRIC_REPRESENTATION_CONTEXT(2) 
PARAMETRIC_REPRESENTATION_CONTEXT() REPRESENTATION_CONTEXT('2D SPACE',''
  ) );
#2100 = ADVANCED_FACE('',(#2101),#1838,.T.);
#2101 = FACE_BOUND('',#2102,.T.);
#2102 = EDGE_LOOP('',(#2103,#2126,#2127,#2128));
#2103 = ORIENTED_EDGE('',*,*,#2104,.T.);
#2104 = EDGE_CURVE('',#2105,#1794,#2107,.T.);
#2105 = VERTEX_POINT('',#2106);
#2106 = CARTESIAN_POINT('',(7.62,1.,12.399999999978));
#2107 = SURFACE_CURVE('',#2108,(#2112,#2119),.PCURVE_S1.);
#2108 = LINE('',#2109,#2110);
#2109 = CARTESIAN_POINT('',(7.62,1.,12.399999999978));
#2110 = VECTOR('',#2111,1.);
#2111 = DIRECTION('',(-1.,1.110223024625E-15,-4.440892098501E-16));
#2112 = PCURVE('',#1838,#2113);
#2113 = DEFINITIONAL_REPRESENTATION('',(#2114),#2118);
#2114 = LINE('',#2115,#2116);
#2115 = CARTESIAN_POINT('',(0.,0.));
#2116 = VECTOR('',#2117,1.);
#2117 = DIRECTION('',(-6.661338147751E-16,-1.));
#2118 = ( GEOMETRIC_REPRESENTATION_CONTEXT(2) 
PARAMETRIC_REPRESENTATION_CONTEXT() REPRESENTATION_CONTEXT('2D SPACE',''
  ) );
#2119 = PCURVE('',#1810,#2120);
#2120 = DEFINITIONAL_REPRESENTATION('',(#2121),#2125);
#2121 = LINE('',#2122,#2123);
#2122 = CARTESIAN_POINT('',(1.570796326795,0.));
#2123 = VECTOR('',#2124,1.);
#2124 = DIRECTION('',(0.,-1.));
#2125 = ( GEOMETRIC_REPRESENTATION_CONTEXT(2) 
PARAMETRIC_REPRESENTATION_CONTEXT() REPRESENTATION_CONTEXT('2D SPACE',''
  ) );
#2126 = ORIENTED_EDGE('',*,*,#1822,.T.);
#2127 = ORIENTED_EDGE('',*,*,#2054,.F.);
#2128 = ORIENTED_EDGE('',*,*,#2129,.F.);
#2129 = EDGE_CURVE('',#2105,#2055,#2130,.T.);
#2130 = SURFACE_CURVE('',#2131,(#2135,#2142),.PCURVE_S1.);
#2131 = LINE('',#2132,#2133);
#2132 = CARTESIAN_POINT('',(7.62,1.,12.399999999978));
#2133 = VECTOR('',#2134,1.);
#2134 = DIRECTION('',(-5.669937756276E-31,-1.,1.110223024625E-15));
#2135 = PCURVE('',#1838,#2136);
#2136 = DEFINITIONAL_REPRESENTATION('',(#2137),#2141);
#2137 = LINE('',#2138,#2139);
#2138 = CARTESIAN_POINT('',(5.551115123126E-16,4.440892098501E-15));
#2139 = VECTOR('',#2140,1.);
#2140 = DIRECTION('',(1.,6.661338147751E-16));
#2141 = ( GEOMETRIC_REPRESENTATION_CONTEXT(2) 
PARAMETRIC_REPRESENTATION_CONTEXT() REPRESENTATION_CONTEXT('2D SPACE',''
  ) );
#2142 = PCURVE('',#1919,#2143);
#2143 = DEFINITIONAL_REPRESENTATION('',(#2144),#2148);
#2144 = LINE('',#2145,#2146);
#2145 = CARTESIAN_POINT('',(6.319355830107,-5.));
#2146 = VECTOR('',#2147,1.);
#2147 = DIRECTION('',(8.881784197001E-16,1.));
#2148 = ( GEOMETRIC_REPRESENTATION_CONTEXT(2) 
PARAMETRIC_REPRESENTATION_CONTEXT() REPRESENTATION_CONTEXT('2D SPACE',''
  ) );
#2149 = ADVANCED_FACE('',(#2150),#1810,.T.);
#2150 = FACE_BOUND('',#2151,.T.);
#2151 = EDGE_LOOP('',(#2152,#2153,#2154,#2155));
#2152 = ORIENTED_EDGE('',*,*,#1882,.T.);
#2153 = ORIENTED_EDGE('',*,*,#1793,.T.);
#2154 = ORIENTED_EDGE('',*,*,#2104,.F.);
#2155 = ORIENTED_EDGE('',*,*,#2156,.F.);
#2156 = EDGE_CURVE('',#1883,#2105,#2157,.T.);
#2157 = SURFACE_CURVE('',#2158,(#2163,#2170),.PCURVE_S1.);
#2158 = CIRCLE('',#2159,1.);
#2159 = AXIS2_PLACEMENT_3D('',#2160,#2161,#2162);
#2160 = CARTESIAN_POINT('',(7.62,1.,11.399999999978));
#2161 = DIRECTION('',(1.,1.158639454543E-30,1.554312234475E-15));
#2162 = DIRECTION('',(5.669937756276E-31,1.,-1.110223024625E-15));
#2163 = PCURVE('',#1810,#2164);
#2164 = DEFINITIONAL_REPRESENTATION('',(#2165),#2169);
#2165 = LINE('',#2166,#2167);
#2166 = CARTESIAN_POINT('',(0.,0.));
#2167 = VECTOR('',#2168,1.);
#2168 = DIRECTION('',(1.,0.));
#2169 = ( GEOMETRIC_REPRESENTATION_CONTEXT(2) 
PARAMETRIC_REPRESENTATION_CONTEXT() REPRESENTATION_CONTEXT('2D SPACE',''
  ) );
#2170 = PCURVE('',#1919,#2171);
#2171 = DEFINITIONAL_REPRESENTATION('',(#2172),#2176);
#2172 = CIRCLE('',#2173,1.);
#2173 = AXIS2_PLACEMENT_2D('',#2174,#2175);
#2174 = CARTESIAN_POINT('',(5.319355830107,-5.));
#2175 = DIRECTION('',(-8.881784197001E-16,-1.));
#2176 = ( GEOMETRIC_REPRESENTATION_CONTEXT(2) 
PARAMETRIC_REPRESENTATION_CONTEXT() REPRESENTATION_CONTEXT('2D SPACE',''
  ) );
#2177 = ADVANCED_FACE('',(#2178),#1919,.T.);
#2178 = FACE_BOUND('',#2179,.T.);
#2179 = EDGE_LOOP('',(#2180,#2181,#2182,#2183,#2184,#2185,#2186,#2187));
#2180 = ORIENTED_EDGE('',*,*,#2030,.T.);
#2181 = ORIENTED_EDGE('',*,*,#1981,.F.);
#2182 = ORIENTED_EDGE('',*,*,#1958,.F.);
#2183 = ORIENTED_EDGE('',*,*,#1935,.F.);
#2184 = ORIENTED_EDGE('',*,*,#1905,.T.);
#2185 = ORIENTED_EDGE('',*,*,#2156,.T.);
#2186 = ORIENTED_EDGE('',*,*,#2129,.T.);
#2187 = ORIENTED_EDGE('',*,*,#2079,.T.);
#2188 = ( GEOMETRIC_REPRESENTATION_CONTEXT(3) 
GLOBAL_UNCERTAINTY_ASSIGNED_CONTEXT((#2192)) 
GLOBAL_UNIT_ASSIGNED_CONTEXT((#2189,#2190,#2191)) REPRESENTATION_CONTEXT
('Context #1','3D Context with UNIT and UNCERTAINTY') );
#2189 = ( LENGTH_UNIT() NAMED_UNIT(*) SI_UNIT(.MILLI.,.METRE.) );
#2190 = ( NAMED_UNIT(*) PLANE_ANGLE_UNIT() SI_UNIT($,.RADIAN.) );
#2191 = ( NAMED_UNIT(*) SI_UNIT($,.STERADIAN.) SOLID_ANGLE_UNIT() );
#2192 = UNCERTAINTY_MEASURE_WITH_UNIT(LENGTH_MEASURE(1.E-07),#2189,
  'distance_accuracy_value','confusion accuracy');
#2193 = SHAPE_DEFINITION_REPRESENTATION(#2194,#29);
#2194 = PRODUCT_DEFINITION_SHAPE('','',#2195);
#2195 = PRODUCT_DEFINITION('design','',#2196,#2199);
#2196 = PRODUCT_DEFINITION_FORMATION('','',#2197);
#2197 = PRODUCT('Body','Body','',(#2198));
#2198 = PRODUCT_CONTEXT('',#2,'mechanical');
#2199 = PRODUCT_DEFINITION_CONTEXT('part definition',#2,'design');
#2200 = CONTEXT_DEPENDENT_SHAPE_REPRESENTATION(#2201,#2203);
#2201 = ( REPRESENTATION_RELATIONSHIP('','',#29,#10) 
REPRESENTATION_RELATIONSHIP_WITH_TRANSFORMATION(#2202) 
SHAPE_REPRESENTATION_RELATIONSHIP() );
#2202 = ITEM_DEFINED_TRANSFORMATION('','',#11,#15);
#2203 = PRODUCT_DEFINITION_SHAPE('Placement','Placement of an item',
  #2204);
#2204 = NEXT_ASSEMBLY_USAGE_OCCURRENCE('1','Body','',#5,#2195,$);
#2205 = PRODUCT_RELATED_PRODUCT_CATEGORY('part',$,(#2197));
#2206 = ADVANCED_BREP_SHAPE_REPRESENTATION('',(#11,#2207),#6253);
#2207 = MANIFOLD_SOLID_BREP('',#2208);
#2208 = CLOSED_SHELL('',(#2209,#2357,#2433,#2504,#2558,#2819,#2846,#2854
    ,#3061,#3165,#3214,#3286,#3335,#3384,#3411,#3438,#3611,#3687,#3763,
    #3790,#3797,#3846,#3895,#3922,#3971,#4020,#4047,#4089,#4131,#4186,
    #4241,#4297,#4353,#4695,#5037,#5113,#5162,#5211,#5260,#5309,#5358,
    #5407,#5456,#5505,#5554,#5603,#5630,#5706,#5755,#5804,#5853,#5902,
    #5951,#6000,#6049,#6098,#6147,#6196,#6223,#6238));
#2209 = ADVANCED_FACE('',(#2210),#2224,.T.);
#2210 = FACE_BOUND('',#2211,.T.);
#2211 = EDGE_LOOP('',(#2212,#2247,#2275,#2303,#2331));
#2212 = ORIENTED_EDGE('',*,*,#2213,.T.);
#2213 = EDGE_CURVE('',#2214,#2216,#2218,.T.);
#2214 = VERTEX_POINT('',#2215);
#2215 = CARTESIAN_POINT('',(3.21,0.45,6.));
#2216 = VERTEX_POINT('',#2217);
#2217 = CARTESIAN_POINT('',(3.21,0.45,-4.));
#2218 = SURFACE_CURVE('',#2219,(#2223,#2235),.PCURVE_S1.);
#2219 = LINE('',#2220,#2221);
#2220 = CARTESIAN_POINT('',(3.21,0.45,6.));
#2221 = VECTOR('',#2222,1.);
#2222 = DIRECTION('',(2.68331848852E-16,-4.358014109917E-16,-1.));
#2223 = PCURVE('',#2224,#2229);
#2224 = PLANE('',#2225);
#2225 = AXIS2_PLACEMENT_3D('',#2226,#2227,#2228);
#2226 = CARTESIAN_POINT('',(3.21,0.45,6.));
#2227 = DIRECTION('',(-1.,-2.22044604925E-16,-2.68331848852E-16));
#2228 = DIRECTION('',(2.22044604925E-16,-1.,4.358014109917E-16));
#2229 = DEFINITIONAL_REPRESENTATION('',(#2230),#2234);
#2230 = LINE('',#2231,#2232);
#2231 = CARTESIAN_POINT('',(0.,0.));
#2232 = VECTOR('',#2233,1.);
#2233 = DIRECTION('',(4.930380657631E-32,-1.));
#2234 = ( GEOMETRIC_REPRESENTATION_CONTEXT(2) 
PARAMETRIC_REPRESENTATION_CONTEXT() REPRESENTATION_CONTEXT('2D SPACE',''
  ) );
#2235 = PCURVE('',#2236,#2241);
#2236 = PLANE('',#2237);
#2237 = AXIS2_PLACEMENT_3D('',#2238,#2239,#2240);
#2238 = CARTESIAN_POINT('',(4.41,0.45,6.));
#2239 = DIRECTION('',(-2.22044604925E-16,1.,-4.358014109917E-16));
#2240 = DIRECTION('',(-1.,-2.22044604925E-16,-2.68331848852E-16));
#2241 = DEFINITIONAL_REPRESENTATION('',(#2242),#2246);
#2242 = LINE('',#2243,#2244);
#2243 = CARTESIAN_POINT('',(1.2,-5.661802010777E-16));
#2244 = VECTOR('',#2245,1.);
#2245 = DIRECTION('',(-4.930380657631E-32,-1.));
#2246 = ( GEOMETRIC_REPRESENTATION_CONTEXT(2) 
PARAMETRIC_REPRESENTATION_CONTEXT() REPRESENTATION_CONTEXT('2D SPACE',''
  ) );
#2247 = ORIENTED_EDGE('',*,*,#2248,.T.);
#2248 = EDGE_CURVE('',#2216,#2249,#2251,.T.);
#2249 = VERTEX_POINT('',#2250);
#2250 = CARTESIAN_POINT('',(3.21,-0.45,-4.));
#2251 = SURFACE_CURVE('',#2252,(#2256,#2263),.PCURVE_S1.);
#2252 = LINE('',#2253,#2254);
#2253 = CARTESIAN_POINT('',(3.21,0.45,-4.));
#2254 = VECTOR('',#2255,1.);
#2255 = DIRECTION('',(2.22044604925E-16,-1.,4.358014109917E-16));
#2256 = PCURVE('',#2224,#2257);
#2257 = DEFINITIONAL_REPRESENTATION('',(#2258),#2262);
#2258 = LINE('',#2259,#2260);
#2259 = CARTESIAN_POINT('',(8.287798858358E-17,-10.));
#2260 = VECTOR('',#2261,1.);
#2261 = DIRECTION('',(1.,-4.930380657631E-32));
#2262 = ( GEOMETRIC_REPRESENTATION_CONTEXT(2) 
PARAMETRIC_REPRESENTATION_CONTEXT() REPRESENTATION_CONTEXT('2D SPACE',''
  ) );
#2263 = PCURVE('',#2264,#2269);
#2264 = PLANE('',#2265);
#2265 = AXIS2_PLACEMENT_3D('',#2266,#2267,#2268);
#2266 = CARTESIAN_POINT('',(3.81,-1.7763568394E-15,-4.));
#2267 = DIRECTION('',(-3.700743415417E-16,4.93432455389E-16,1.));
#2268 = DIRECTION('',(2.739100365351E-32,1.,-4.93432455389E-16));
#2269 = DEFINITIONAL_REPRESENTATION('',(#2270),#2274);
#2270 = LINE('',#2271,#2272);
#2271 = CARTESIAN_POINT('',(0.45,0.6));
#2272 = VECTOR('',#2273,1.);
#2273 = DIRECTION('',(-1.,-2.22044604925E-16));
#2274 = ( GEOMETRIC_REPRESENTATION_CONTEXT(2) 
PARAMETRIC_REPRESENTATION_CONTEXT() REPRESENTATION_CONTEXT('2D SPACE',''
  ) );
#2275 = ORIENTED_EDGE('',*,*,#2276,.F.);
#2276 = EDGE_CURVE('',#2277,#2249,#2279,.T.);
#2277 = VERTEX_POINT('',#2278);
#2278 = CARTESIAN_POINT('',(3.21,-0.45,6.));
#2279 = SURFACE_CURVE('',#2280,(#2284,#2291),.PCURVE_S1.);
#2280 = LINE('',#2281,#2282);
#2281 = CARTESIAN_POINT('',(3.21,-0.45,6.));
#2282 = VECTOR('',#2283,1.);
#2283 = DIRECTION('',(2.68331848852E-16,-4.358014109917E-16,-1.));
#2284 = PCURVE('',#2224,#2285);
#2285 = DEFINITIONAL_REPRESENTATION('',(#2286),#2290);
#2286 = LINE('',#2287,#2288);
#2287 = CARTESIAN_POINT('',(0.9,4.959571498076E-16));
#2288 = VECTOR('',#2289,1.);
#2289 = DIRECTION('',(4.930380657631E-32,-1.));
#2290 = ( GEOMETRIC_REPRESENTATION_CONTEXT(2) 
PARAMETRIC_REPRESENTATION_CONTEXT() REPRESENTATION_CONTEXT('2D SPACE',''
  ) );
#2291 = PCURVE('',#2292,#2297);
#2292 = PLANE('',#2293);
#2293 = AXIS2_PLACEMENT_3D('',#2294,#2295,#2296);
#2294 = CARTESIAN_POINT('',(3.21,-0.45,6.));
#2295 = DIRECTION('',(2.22044604925E-16,-1.,4.358014109917E-16));
#2296 = DIRECTION('',(1.,2.22044604925E-16,2.68331848852E-16));
#2297 = DEFINITIONAL_REPRESENTATION('',(#2298),#2302);
#2298 = LINE('',#2299,#2300);
#2299 = CARTESIAN_POINT('',(0.,0.));
#2300 = VECTOR('',#2301,1.);
#2301 = DIRECTION('',(4.930380657631E-32,-1.));
#2302 = ( GEOMETRIC_REPRESENTATION_CONTEXT(2) 
PARAMETRIC_REPRESENTATION_CONTEXT() REPRESENTATION_CONTEXT('2D SPACE',''
  ) );
#2303 = ORIENTED_EDGE('',*,*,#2304,.F.);
#2304 = EDGE_CURVE('',#2305,#2277,#2307,.T.);
#2305 = VERTEX_POINT('',#2306);
#2306 = CARTESIAN_POINT('',(3.21,5.156430837872E-15,6.));
#2307 = SURFACE_CURVE('',#2308,(#2312,#2319),.PCURVE_S1.);
#2308 = LINE('',#2309,#2310);
#2309 = CARTESIAN_POINT('',(3.21,0.45,6.));
#2310 = VECTOR('',#2311,1.);
#2311 = DIRECTION('',(2.22044604925E-16,-1.,4.358014109917E-16));
#2312 = PCURVE('',#2224,#2313);
#2313 = DEFINITIONAL_REPRESENTATION('',(#2314),#2318);
#2314 = LINE('',#2315,#2316);
#2315 = CARTESIAN_POINT('',(8.881784197001E-16,-3.870694085177E-31));
#2316 = VECTOR('',#2317,1.);
#2317 = DIRECTION('',(1.,-4.930380657631E-32));
#2318 = ( GEOMETRIC_REPRESENTATION_CONTEXT(2) 
PARAMETRIC_REPRESENTATION_CONTEXT() REPRESENTATION_CONTEXT('2D SPACE',''
  ) );
#2319 = PCURVE('',#2320,#2325);
#2320 = PLANE('',#2321);
#2321 = AXIS2_PLACEMENT_3D('',#2322,#2323,#2324);
#2322 = CARTESIAN_POINT('',(9.340677961777E-16,-4.0760695,6.));
#2323 = DIRECTION('',(2.68331848852E-16,-4.358014109917E-16,-1.));
#2324 = DIRECTION('',(5.551115123126E-16,-1.,4.358014109917E-16));
#2325 = DEFINITIONAL_REPRESENTATION('',(#2326),#2330);
#2326 = LINE('',#2327,#2328);
#2327 = CARTESIAN_POINT('',(-4.5260695,-3.21));
#2328 = VECTOR('',#2329,1.);
#2329 = DIRECTION('',(1.,3.330669073875E-16));
#2330 = ( GEOMETRIC_REPRESENTATION_CONTEXT(2) 
PARAMETRIC_REPRESENTATION_CONTEXT() REPRESENTATION_CONTEXT('2D SPACE',''
  ) );
#2331 = ORIENTED_EDGE('',*,*,#2332,.F.);
#2332 = EDGE_CURVE('',#2214,#2305,#2333,.T.);
#2333 = SURFACE_CURVE('',#2334,(#2338,#2345),.PCURVE_S1.);
#2334 = LINE('',#2335,#2336);
#2335 = CARTESIAN_POINT('',(3.21,0.45,6.));
#2336 = VECTOR('',#2337,1.);
#2337 = DIRECTION('',(2.22044604925E-16,-1.,4.358014109917E-16));
#2338 = PCURVE('',#2224,#2339);
#2339 = DEFINITIONAL_REPRESENTATION('',(#2340),#2344);
#2340 = LINE('',#2341,#2342);
#2341 = CARTESIAN_POINT('',(8.881784197001E-16,-3.870694085177E-31));
#2342 = VECTOR('',#2343,1.);
#2343 = DIRECTION('',(1.,-4.930380657631E-32));
#2344 = ( GEOMETRIC_REPRESENTATION_CONTEXT(2) 
PARAMETRIC_REPRESENTATION_CONTEXT() REPRESENTATION_CONTEXT('2D SPACE',''
  ) );
#2345 = PCURVE('',#2346,#2351);
#2346 = PLANE('',#2347);
#2347 = AXIS2_PLACEMENT_3D('',#2348,#2349,#2350);
#2348 = CARTESIAN_POINT('',(3.81,2.6645352591E-15,6.));
#2349 = DIRECTION('',(-3.700743415417E-16,4.93432455389E-16,1.));
#2350 = DIRECTION('',(2.739100365351E-32,1.,-4.93432455389E-16));
#2351 = DEFINITIONAL_REPRESENTATION('',(#2352),#2356);
#2352 = LINE('',#2353,#2354);
#2353 = CARTESIAN_POINT('',(0.45,0.6));
#2354 = VECTOR('',#2355,1.);
#2355 = DIRECTION('',(-1.,-2.22044604925E-16));
#2356 = ( GEOMETRIC_REPRESENTATION_CONTEXT(2) 
PARAMETRIC_REPRESENTATION_CONTEXT() REPRESENTATION_CONTEXT('2D SPACE',''
  ) );
#2357 = ADVANCED_FACE('',(#2358),#2236,.T.);
#2358 = FACE_BOUND('',#2359,.T.);
#2359 = EDGE_LOOP('',(#2360,#2390,#2411,#2412));
#2360 = ORIENTED_EDGE('',*,*,#2361,.T.);
#2361 = EDGE_CURVE('',#2362,#2364,#2366,.T.);
#2362 = VERTEX_POINT('',#2363);
#2363 = CARTESIAN_POINT('',(4.41,0.45,6.));
#2364 = VERTEX_POINT('',#2365);
#2365 = CARTESIAN_POINT('',(4.41,0.45,-4.));
#2366 = SURFACE_CURVE('',#2367,(#2371,#2378),.PCURVE_S1.);
#2367 = LINE('',#2368,#2369);
#2368 = CARTESIAN_POINT('',(4.41,0.45,6.));
#2369 = VECTOR('',#2370,1.);
#2370 = DIRECTION('',(2.68331848852E-16,-4.358014109917E-16,-1.));
#2371 = PCURVE('',#2236,#2372);
#2372 = DEFINITIONAL_REPRESENTATION('',(#2373),#2377);
#2373 = LINE('',#2374,#2375);
#2374 = CARTESIAN_POINT('',(-0.,0.));
#2375 = VECTOR('',#2376,1.);
#2376 = DIRECTION('',(-4.930380657631E-32,-1.));
#2377 = ( GEOMETRIC_REPRESENTATION_CONTEXT(2) 
PARAMETRIC_REPRESENTATION_CONTEXT() REPRESENTATION_CONTEXT('2D SPACE',''
  ) );
#2378 = PCURVE('',#2379,#2384);
#2379 = PLANE('',#2380);
#2380 = AXIS2_PLACEMENT_3D('',#2381,#2382,#2383);
#2381 = CARTESIAN_POINT('',(4.41,-0.45,6.));
#2382 = DIRECTION('',(1.,2.22044604925E-16,2.68331848852E-16));
#2383 = DIRECTION('',(-2.22044604925E-16,1.,-4.358014109917E-16));
#2384 = DEFINITIONAL_REPRESENTATION('',(#2385),#2389);
#2385 = LINE('',#2386,#2387);
#2386 = CARTESIAN_POINT('',(0.9,3.922212698925E-16));
#2387 = VECTOR('',#2388,1.);
#2388 = DIRECTION('',(-4.930380657631E-32,-1.));
#2389 = ( GEOMETRIC_REPRESENTATION_CONTEXT(2) 
PARAMETRIC_REPRESENTATION_CONTEXT() REPRESENTATION_CONTEXT('2D SPACE',''
  ) );
#2390 = ORIENTED_EDGE('',*,*,#2391,.T.);
#2391 = EDGE_CURVE('',#2364,#2216,#2392,.T.);
#2392 = SURFACE_CURVE('',#2393,(#2397,#2404),.PCURVE_S1.);
#2393 = LINE('',#2394,#2395);
#2394 = CARTESIAN_POINT('',(4.41,0.45,-4.));
#2395 = VECTOR('',#2396,1.);
#2396 = DIRECTION('',(-1.,-2.22044604925E-16,-2.68331848852E-16));
#2397 = PCURVE('',#2236,#2398);
#2398 = DEFINITIONAL_REPRESENTATION('',(#2399),#2403);
#2399 = LINE('',#2400,#2401);
#2400 = CARTESIAN_POINT('',(1.878322941964E-17,-10.));
#2401 = VECTOR('',#2402,1.);
#2402 = DIRECTION('',(1.,4.930380657631E-32));
#2403 = ( GEOMETRIC_REPRESENTATION_CONTEXT(2) 
PARAMETRIC_REPRESENTATION_CONTEXT() REPRESENTATION_CONTEXT('2D SPACE',''
  ) );
#2404 = PCURVE('',#2264,#2405);
#2405 = DEFINITIONAL_REPRESENTATION('',(#2406),#2410);
#2406 = LINE('',#2407,#2408);
#2407 = CARTESIAN_POINT('',(0.45,-0.6));
#2408 = VECTOR('',#2409,1.);
#2409 = DIRECTION('',(-2.22044604925E-16,1.));
#2410 = ( GEOMETRIC_REPRESENTATION_CONTEXT(2) 
PARAMETRIC_REPRESENTATION_CONTEXT() REPRESENTATION_CONTEXT('2D SPACE',''
  ) );
#2411 = ORIENTED_EDGE('',*,*,#2213,.F.);
#2412 = ORIENTED_EDGE('',*,*,#2413,.F.);
#2413 = EDGE_CURVE('',#2362,#2214,#2414,.T.);
#2414 = SURFACE_CURVE('',#2415,(#2419,#2426),.PCURVE_S1.);
#2415 = LINE('',#2416,#2417);
#2416 = CARTESIAN_POINT('',(4.41,0.45,6.));
#2417 = VECTOR('',#2418,1.);
#2418 = DIRECTION('',(-1.,-2.22044604925E-16,-2.68331848852E-16));
#2419 = PCURVE('',#2236,#2420);
#2420 = DEFINITIONAL_REPRESENTATION('',(#2421),#2425);
#2421 = LINE('',#2422,#2423);
#2422 = CARTESIAN_POINT('',(8.881784197001E-16,2.383265574686E-31));
#2423 = VECTOR('',#2424,1.);
#2424 = DIRECTION('',(1.,4.930380657631E-32));
#2425 = ( GEOMETRIC_REPRESENTATION_CONTEXT(2) 
PARAMETRIC_REPRESENTATION_CONTEXT() REPRESENTATION_CONTEXT('2D SPACE',''
  ) );
#2426 = PCURVE('',#2346,#2427);
#2427 = DEFINITIONAL_REPRESENTATION('',(#2428),#2432);
#2428 = LINE('',#2429,#2430);
#2429 = CARTESIAN_POINT('',(0.45,-0.6));
#2430 = VECTOR('',#2431,1.);
#2431 = DIRECTION('',(-2.22044604925E-16,1.));
#2432 = ( GEOMETRIC_REPRESENTATION_CONTEXT(2) 
PARAMETRIC_REPRESENTATION_CONTEXT() REPRESENTATION_CONTEXT('2D SPACE',''
  ) );
#2433 = ADVANCED_FACE('',(#2434),#2292,.T.);
#2434 = FACE_BOUND('',#2435,.T.);
#2435 = EDGE_LOOP('',(#2436,#2437,#2460,#2483));
#2436 = ORIENTED_EDGE('',*,*,#2276,.T.);
#2437 = ORIENTED_EDGE('',*,*,#2438,.T.);
#2438 = EDGE_CURVE('',#2249,#2439,#2441,.T.);
#2439 = VERTEX_POINT('',#2440);
#2440 = CARTESIAN_POINT('',(4.41,-0.45,-4.));
#2441 = SURFACE_CURVE('',#2442,(#2446,#2453),.PCURVE_S1.);
#2442 = LINE('',#2443,#2444);
#2443 = CARTESIAN_POINT('',(3.21,-0.45,-4.));
#2444 = VECTOR('',#2445,1.);
#2445 = DIRECTION('',(1.,2.22044604925E-16,2.68331848852E-16));
#2446 = PCURVE('',#2292,#2447);
#2447 = DEFINITIONAL_REPRESENTATION('',(#2448),#2452);
#2448 = LINE('',#2449,#2450);
#2449 = CARTESIAN_POINT('',(-1.878322941964E-17,-10.));
#2450 = VECTOR('',#2451,1.);
#2451 = DIRECTION('',(1.,-4.930380657631E-32));
#2452 = ( GEOMETRIC_REPRESENTATION_CONTEXT(2) 
PARAMETRIC_REPRESENTATION_CONTEXT() REPRESENTATION_CONTEXT('2D SPACE',''
  ) );
#2453 = PCURVE('',#2264,#2454);
#2454 = DEFINITIONAL_REPRESENTATION('',(#2455),#2459);
#2455 = LINE('',#2456,#2457);
#2456 = CARTESIAN_POINT('',(-0.45,0.6));
#2457 = VECTOR('',#2458,1.);
#2458 = DIRECTION('',(2.22044604925E-16,-1.));
#2459 = ( GEOMETRIC_REPRESENTATION_CONTEXT(2) 
PARAMETRIC_REPRESENTATION_CONTEXT() REPRESENTATION_CONTEXT('2D SPACE',''
  ) );
#2460 = ORIENTED_EDGE('',*,*,#2461,.F.);
#2461 = EDGE_CURVE('',#2462,#2439,#2464,.T.);
#2462 = VERTEX_POINT('',#2463);
#2463 = CARTESIAN_POINT('',(4.41,-0.45,6.));
#2464 = SURFACE_CURVE('',#2465,(#2469,#2476),.PCURVE_S1.);
#2465 = LINE('',#2466,#2467);
#2466 = CARTESIAN_POINT('',(4.41,-0.45,6.));
#2467 = VECTOR('',#2468,1.);
#2468 = DIRECTION('',(2.68331848852E-16,-4.358014109917E-16,-1.));
#2469 = PCURVE('',#2292,#2470);
#2470 = DEFINITIONAL_REPRESENTATION('',(#2471),#2475);
#2471 = LINE('',#2472,#2473);
#2472 = CARTESIAN_POINT('',(1.2,-3.219982186224E-16));
#2473 = VECTOR('',#2474,1.);
#2474 = DIRECTION('',(4.930380657631E-32,-1.));
#2475 = ( GEOMETRIC_REPRESENTATION_CONTEXT(2) 
PARAMETRIC_REPRESENTATION_CONTEXT() REPRESENTATION_CONTEXT('2D SPACE',''
  ) );
#2476 = PCURVE('',#2379,#2477);
#2477 = DEFINITIONAL_REPRESENTATION('',(#2478),#2482);
#2478 = LINE('',#2479,#2480);
#2479 = CARTESIAN_POINT('',(0.,0.));
#2480 = VECTOR('',#2481,1.);
#2481 = DIRECTION('',(-4.930380657631E-32,-1.));
#2482 = ( GEOMETRIC_REPRESENTATION_CONTEXT(2) 
PARAMETRIC_REPRESENTATION_CONTEXT() REPRESENTATION_CONTEXT('2D SPACE',''
  ) );
#2483 = ORIENTED_EDGE('',*,*,#2484,.F.);
#2484 = EDGE_CURVE('',#2277,#2462,#2485,.T.);
#2485 = SURFACE_CURVE('',#2486,(#2490,#2497),.PCURVE_S1.);
#2486 = LINE('',#2487,#2488);
#2487 = CARTESIAN_POINT('',(3.21,-0.45,6.));
#2488 = VECTOR('',#2489,1.);
#2489 = DIRECTION('',(1.,2.22044604925E-16,2.68331848852E-16));
#2490 = PCURVE('',#2292,#2491);
#2491 = DEFINITIONAL_REPRESENTATION('',(#2492),#2496);
#2492 = LINE('',#2493,#2494);
#2493 = CARTESIAN_POINT('',(0.,0.));
#2494 = VECTOR('',#2495,1.);
#2495 = DIRECTION('',(1.,-4.930380657631E-32));
#2496 = ( GEOMETRIC_REPRESENTATION_CONTEXT(2) 
PARAMETRIC_REPRESENTATION_CONTEXT() REPRESENTATION_CONTEXT('2D SPACE',''
  ) );
#2497 = PCURVE('',#2320,#2498);
#2498 = DEFINITIONAL_REPRESENTATION('',(#2499),#2503);
#2499 = LINE('',#2500,#2501);
#2500 = CARTESIAN_POINT('',(-3.6260695,-3.21));
#2501 = VECTOR('',#2502,1.);
#2502 = DIRECTION('',(3.330669073875E-16,-1.));
#2503 = ( GEOMETRIC_REPRESENTATION_CONTEXT(2) 
PARAMETRIC_REPRESENTATION_CONTEXT() REPRESENTATION_CONTEXT('2D SPACE',''
  ) );
#2504 = ADVANCED_FACE('',(#2505),#2346,.T.);
#2505 = FACE_BOUND('',#2506,.T.);
#2506 = EDGE_LOOP('',(#2507,#2508,#2509,#2537));
#2507 = ORIENTED_EDGE('',*,*,#2413,.T.);
#2508 = ORIENTED_EDGE('',*,*,#2332,.T.);
#2509 = ORIENTED_EDGE('',*,*,#2510,.T.);
#2510 = EDGE_CURVE('',#2305,#2511,#2513,.T.);
#2511 = VERTEX_POINT('',#2512);
#2512 = CARTESIAN_POINT('',(4.41,6.089018178557E-15,6.));
#2513 = SURFACE_CURVE('',#2514,(#2518,#2525),.PCURVE_S1.);
#2514 = LINE('',#2515,#2516);
#2515 = CARTESIAN_POINT('',(-6.62,-2.480238237013E-15,6.));
#2516 = VECTOR('',#2517,1.);
#2517 = DIRECTION('',(1.,7.771561172376E-16,2.775557561563E-16));
#2518 = PCURVE('',#2346,#2519);
#2519 = DEFINITIONAL_REPRESENTATION('',(#2520),#2524);
#2520 = LINE('',#2521,#2522);
#2521 = CARTESIAN_POINT('',(-4.789502128233E-15,10.43));
#2522 = VECTOR('',#2523,1.);
#2523 = DIRECTION('',(7.771561172376E-16,-1.));
#2524 = ( GEOMETRIC_REPRESENTATION_CONTEXT(2) 
PARAMETRIC_REPRESENTATION_CONTEXT() REPRESENTATION_CONTEXT('2D SPACE',''
  ) );
#2525 = PCURVE('',#2526,#2531);
#2526 = PLANE('',#2527);
#2527 = AXIS2_PLACEMENT_3D('',#2528,#2529,#2530);
#2528 = CARTESIAN_POINT('',(-6.62,-2.480238237013E-15,6.));
#2529 = DIRECTION('',(-7.771561172376E-16,1.,-4.440892098501E-16));
#2530 = DIRECTION('',(1.,7.771561172376E-16,2.775557561563E-16));
#2531 = DEFINITIONAL_REPRESENTATION('',(#2532),#2536);
#2532 = LINE('',#2533,#2534);
#2533 = CARTESIAN_POINT('',(0.,0.));
#2534 = VECTOR('',#2535,1.);
#2535 = DIRECTION('',(1.,0.));
#2536 = ( GEOMETRIC_REPRESENTATION_CONTEXT(2) 
PARAMETRIC_REPRESENTATION_CONTEXT() REPRESENTATION_CONTEXT('2D SPACE',''
  ) );
#2537 = ORIENTED_EDGE('',*,*,#2538,.T.);
#2538 = EDGE_CURVE('',#2511,#2362,#2539,.T.);
#2539 = SURFACE_CURVE('',#2540,(#2544,#2551),.PCURVE_S1.);
#2540 = LINE('',#2541,#2542);
#2541 = CARTESIAN_POINT('',(4.41,-0.45,6.));
#2542 = VECTOR('',#2543,1.);
#2543 = DIRECTION('',(-2.22044604925E-16,1.,-4.358014109917E-16));
#2544 = PCURVE('',#2346,#2545);
#2545 = DEFINITIONAL_REPRESENTATION('',(#2546),#2550);
#2546 = LINE('',#2547,#2548);
#2547 = CARTESIAN_POINT('',(-0.45,-0.6));
#2548 = VECTOR('',#2549,1.);
#2549 = DIRECTION('',(1.,2.22044604925E-16));
#2550 = ( GEOMETRIC_REPRESENTATION_CONTEXT(2) 
PARAMETRIC_REPRESENTATION_CONTEXT() REPRESENTATION_CONTEXT('2D SPACE',''
  ) );
#2551 = PCURVE('',#2379,#2552);
#2552 = DEFINITIONAL_REPRESENTATION('',(#2553),#2557);
#2553 = LINE('',#2554,#2555);
#2554 = CARTESIAN_POINT('',(0.,0.));
#2555 = VECTOR('',#2556,1.);
#2556 = DIRECTION('',(1.,4.930380657631E-32));
#2557 = ( GEOMETRIC_REPRESENTATION_CONTEXT(2) 
PARAMETRIC_REPRESENTATION_CONTEXT() REPRESENTATION_CONTEXT('2D SPACE',''
  ) );
#2558 = ADVANCED_FACE('',(#2559),#2320,.T.);
#2559 = FACE_BOUND('',#2560,.T.);
#2560 = EDGE_LOOP('',(#2561,#2591,#2612,#2613,#2614,#2635,#2658,#2686,
    #2714,#2742,#2765,#2793));
#2561 = ORIENTED_EDGE('',*,*,#2562,.T.);
#2562 = EDGE_CURVE('',#2563,#2565,#2567,.T.);
#2563 = VERTEX_POINT('',#2564);
#2564 = CARTESIAN_POINT('',(-3.21,-0.45,6.));
#2565 = VERTEX_POINT('',#2566);
#2566 = CARTESIAN_POINT('',(-3.21,1.726396803292E-16,6.));
#2567 = SURFACE_CURVE('',#2568,(#2572,#2579),.PCURVE_S1.);
#2568 = LINE('',#2569,#2570);
#2569 = CARTESIAN_POINT('',(-3.21,-0.45,6.));
#2570 = VECTOR('',#2571,1.);
#2571 = DIRECTION('',(-3.330669073875E-16,1.,-4.358014109917E-16));
#2572 = PCURVE('',#2320,#2573);
#2573 = DEFINITIONAL_REPRESENTATION('',(#2574),#2578);
#2574 = LINE('',#2575,#2576);
#2575 = CARTESIAN_POINT('',(-3.6260695,3.21));
#2576 = VECTOR('',#2577,1.);
#2577 = DIRECTION('',(-1.,-2.22044604925E-16));
#2578 = ( GEOMETRIC_REPRESENTATION_CONTEXT(2) 
PARAMETRIC_REPRESENTATION_CONTEXT() REPRESENTATION_CONTEXT('2D SPACE',''
  ) );
#2579 = PCURVE('',#2580,#2585);
#2580 = PLANE('',#2581);
#2581 = AXIS2_PLACEMENT_3D('',#2582,#2583,#2584);
#2582 = CARTESIAN_POINT('',(-3.21,-0.45,6.));
#2583 = DIRECTION('',(1.,3.330669073875E-16,2.68331848852E-16));
#2584 = DIRECTION('',(-3.330669073875E-16,1.,-4.358014109917E-16));
#2585 = DEFINITIONAL_REPRESENTATION('',(#2586),#2590);
#2586 = LINE('',#2587,#2588);
#2587 = CARTESIAN_POINT('',(0.,0.));
#2588 = VECTOR('',#2589,1.);
#2589 = DIRECTION('',(1.,4.930380657631E-32));
#2590 = ( GEOMETRIC_REPRESENTATION_CONTEXT(2) 
PARAMETRIC_REPRESENTATION_CONTEXT() REPRESENTATION_CONTEXT('2D SPACE',''
  ) );
#2591 = ORIENTED_EDGE('',*,*,#2592,.T.);
#2592 = EDGE_CURVE('',#2565,#2305,#2593,.T.);
#2593 = SURFACE_CURVE('',#2594,(#2598,#2605),.PCURVE_S1.);
#2594 = LINE('',#2595,#2596);
#2595 = CARTESIAN_POINT('',(-6.62,-2.480238237013E-15,6.));
#2596 = VECTOR('',#2597,1.);
#2597 = DIRECTION('',(1.,7.771561172376E-16,2.775557561563E-16));
#2598 = PCURVE('',#2320,#2599);
#2599 = DEFINITIONAL_REPRESENTATION('',(#2600),#2604);
#2600 = LINE('',#2601,#2602);
#2601 = CARTESIAN_POINT('',(-4.0760695,6.62));
#2602 = VECTOR('',#2603,1.);
#2603 = DIRECTION('',(-2.22044604925E-16,-1.));
#2604 = ( GEOMETRIC_REPRESENTATION_CONTEXT(2) 
PARAMETRIC_REPRESENTATION_CONTEXT() REPRESENTATION_CONTEXT('2D SPACE',''
  ) );
#2605 = PCURVE('',#2526,#2606);
#2606 = DEFINITIONAL_REPRESENTATION('',(#2607),#2611);
#2607 = LINE('',#2608,#2609);
#2608 = CARTESIAN_POINT('',(0.,0.));
#2609 = VECTOR('',#2610,1.);
#2610 = DIRECTION('',(1.,0.));
#2611 = ( GEOMETRIC_REPRESENTATION_CONTEXT(2) 
PARAMETRIC_REPRESENTATION_CONTEXT() REPRESENTATION_CONTEXT('2D SPACE',''
  ) );
#2612 = ORIENTED_EDGE('',*,*,#2304,.T.);
#2613 = ORIENTED_EDGE('',*,*,#2484,.T.);
#2614 = ORIENTED_EDGE('',*,*,#2615,.T.);
#2615 = EDGE_CURVE('',#2462,#2511,#2616,.T.);
#2616 = SURFACE_CURVE('',#2617,(#2621,#2628),.PCURVE_S1.);
#2617 = LINE('',#2618,#2619);
#2618 = CARTESIAN_POINT('',(4.41,-0.45,6.));
#2619 = VECTOR('',#2620,1.);
#2620 = DIRECTION('',(-2.22044604925E-16,1.,-4.358014109917E-16));
#2621 = PCURVE('',#2320,#2622);
#2622 = DEFINITIONAL_REPRESENTATION('',(#2623),#2627);
#2623 = LINE('',#2624,#2625);
#2624 = CARTESIAN_POINT('',(-3.6260695,-4.41));
#2625 = VECTOR('',#2626,1.);
#2626 = DIRECTION('',(-1.,-3.330669073875E-16));
#2627 = ( GEOMETRIC_REPRESENTATION_CONTEXT(2) 
PARAMETRIC_REPRESENTATION_CONTEXT() REPRESENTATION_CONTEXT('2D SPACE',''
  ) );
#2628 = PCURVE('',#2379,#2629);
#2629 = DEFINITIONAL_REPRESENTATION('',(#2630),#2634);
#2630 = LINE('',#2631,#2632);
#2631 = CARTESIAN_POINT('',(0.,0.));
#2632 = VECTOR('',#2633,1.);
#2633 = DIRECTION('',(1.,4.930380657631E-32));
#2634 = ( GEOMETRIC_REPRESENTATION_CONTEXT(2) 
PARAMETRIC_REPRESENTATION_CONTEXT() REPRESENTATION_CONTEXT('2D SPACE',''
  ) );
#2635 = ORIENTED_EDGE('',*,*,#2636,.T.);
#2636 = EDGE_CURVE('',#2511,#2637,#2639,.T.);
#2637 = VERTEX_POINT('',#2638);
#2638 = CARTESIAN_POINT('',(6.62,7.809308755213E-15,6.));
#2639 = SURFACE_CURVE('',#2640,(#2644,#2651),.PCURVE_S1.);
#2640 = LINE('',#2641,#2642);
#2641 = CARTESIAN_POINT('',(-6.62,-2.480238237013E-15,6.));
#2642 = VECTOR('',#2643,1.);
#2643 = DIRECTION('',(1.,7.771561172376E-16,2.775557561563E-16));
#2644 = PCURVE('',#2320,#2645);
#2645 = DEFINITIONAL_REPRESENTATION('',(#2646),#2650);
#2646 = LINE('',#2647,#2648);
#2647 = CARTESIAN_POINT('',(-4.0760695,6.62));
#2648 = VECTOR('',#2649,1.);
#2649 = DIRECTION('',(-2.22044604925E-16,-1.));
#2650 = ( GEOMETRIC_REPRESENTATION_CONTEXT(2) 
PARAMETRIC_REPRESENTATION_CONTEXT() REPRESENTATION_CONTEXT('2D SPACE',''
  ) );
#2651 = PCURVE('',#2526,#2652);
#2652 = DEFINITIONAL_REPRESENTATION('',(#2653),#2657);
#2653 = LINE('',#2654,#2655);
#2654 = CARTESIAN_POINT('',(0.,0.));
#2655 = VECTOR('',#2656,1.);
#2656 = DIRECTION('',(1.,0.));
#2657 = ( GEOMETRIC_REPRESENTATION_CONTEXT(2) 
PARAMETRIC_REPRESENTATION_CONTEXT() REPRESENTATION_CONTEXT('2D SPACE',''
  ) );
#2658 = ORIENTED_EDGE('',*,*,#2659,.T.);
#2659 = EDGE_CURVE('',#2637,#2660,#2662,.T.);
#2660 = VERTEX_POINT('',#2661);
#2661 = CARTESIAN_POINT('',(6.62,-8.152139,6.));
#2662 = SURFACE_CURVE('',#2663,(#2667,#2674),.PCURVE_S1.);
#2663 = LINE('',#2664,#2665);
#2664 = CARTESIAN_POINT('',(6.62,7.809308755213E-15,6.));
#2665 = VECTOR('',#2666,1.);
#2666 = DIRECTION('',(7.771561172376E-16,-1.,4.440892098501E-16));
#2667 = PCURVE('',#2320,#2668);
#2668 = DEFINITIONAL_REPRESENTATION('',(#2669),#2673);
#2669 = LINE('',#2670,#2671);
#2670 = CARTESIAN_POINT('',(-4.0760695,-6.62));
#2671 = VECTOR('',#2672,1.);
#2672 = DIRECTION('',(1.,-2.22044604925E-16));
#2673 = ( GEOMETRIC_REPRESENTATION_CONTEXT(2) 
PARAMETRIC_REPRESENTATION_CONTEXT() REPRESENTATION_CONTEXT('2D SPACE',''
  ) );
#2674 = PCURVE('',#2675,#2680);
#2675 = PLANE('',#2676);
#2676 = AXIS2_PLACEMENT_3D('',#2677,#2678,#2679);
#2677 = CARTESIAN_POINT('',(6.62,7.809308755213E-15,6.));
#2678 = DIRECTION('',(1.,7.771561172376E-16,2.775557561563E-16));
#2679 = DIRECTION('',(7.771561172376E-16,-1.,4.440892098501E-16));
#2680 = DEFINITIONAL_REPRESENTATION('',(#2681),#2685);
#2681 = LINE('',#2682,#2683);
#2682 = CARTESIAN_POINT('',(-2.366582715663E-30,-1.050973848244E-45));
#2683 = VECTOR('',#2684,1.);
#2684 = DIRECTION('',(1.,0.));
#2685 = ( GEOMETRIC_REPRESENTATION_CONTEXT(2) 
PARAMETRIC_REPRESENTATION_CONTEXT() REPRESENTATION_CONTEXT('2D SPACE',''
  ) );
#2686 = ORIENTED_EDGE('',*,*,#2687,.T.);
#2687 = EDGE_CURVE('',#2660,#2688,#2690,.T.);
#2688 = VERTEX_POINT('',#2689);
#2689 = CARTESIAN_POINT('',(-6.62,-8.152139,6.));
#2690 = SURFACE_CURVE('',#2691,(#2695,#2702),.PCURVE_S1.);
#2691 = LINE('',#2692,#2693);
#2692 = CARTESIAN_POINT('',(6.62,-8.152139,6.));
#2693 = VECTOR('',#2694,1.);
#2694 = DIRECTION('',(-1.,-7.771561172376E-16,-2.775557561563E-16));
#2695 = PCURVE('',#2320,#2696);
#2696 = DEFINITIONAL_REPRESENTATION('',(#2697),#2701);
#2697 = LINE('',#2698,#2699);
#2698 = CARTESIAN_POINT('',(4.0760695,-6.62));
#2699 = VECTOR('',#2700,1.);
#2700 = DIRECTION('',(2.22044604925E-16,1.));
#2701 = ( GEOMETRIC_REPRESENTATION_CONTEXT(2) 
PARAMETRIC_REPRESENTATION_CONTEXT() REPRESENTATION_CONTEXT('2D SPACE',''
  ) );
#2702 = PCURVE('',#2703,#2708);
#2703 = PLANE('',#2704);
#2704 = AXIS2_PLACEMENT_3D('',#2705,#2706,#2707);
#2705 = CARTESIAN_POINT('',(6.62,-8.152139,6.));
#2706 = DIRECTION('',(7.771561172376E-16,-1.,4.440892098501E-16));
#2707 = DIRECTION('',(-1.,-7.771561172376E-16,-2.775557561563E-16));
#2708 = DEFINITIONAL_REPRESENTATION('',(#2709),#2713);
#2709 = LINE('',#2710,#2711);
#2710 = CARTESIAN_POINT('',(-0.,0.));
#2711 = VECTOR('',#2712,1.);
#2712 = DIRECTION('',(1.,0.));
#2713 = ( GEOMETRIC_REPRESENTATION_CONTEXT(2) 
PARAMETRIC_REPRESENTATION_CONTEXT() REPRESENTATION_CONTEXT('2D SPACE',''
  ) );
#2714 = ORIENTED_EDGE('',*,*,#2715,.T.);
#2715 = EDGE_CURVE('',#2688,#2716,#2718,.T.);
#2716 = VERTEX_POINT('',#2717);
#2717 = CARTESIAN_POINT('',(-6.62,-2.480238237013E-15,6.));
#2718 = SURFACE_CURVE('',#2719,(#2723,#2730),.PCURVE_S1.);
#2719 = LINE('',#2720,#2721);
#2720 = CARTESIAN_POINT('',(-6.62,-8.152139,6.));
#2721 = VECTOR('',#2722,1.);
#2722 = DIRECTION('',(-7.771561172376E-16,1.,-4.440892098501E-16));
#2723 = PCURVE('',#2320,#2724);
#2724 = DEFINITIONAL_REPRESENTATION('',(#2725),#2729);
#2725 = LINE('',#2726,#2727);
#2726 = CARTESIAN_POINT('',(4.0760695,6.62));
#2727 = VECTOR('',#2728,1.);
#2728 = DIRECTION('',(-1.,2.22044604925E-16));
#2729 = ( GEOMETRIC_REPRESENTATION_CONTEXT(2) 
PARAMETRIC_REPRESENTATION_CONTEXT() REPRESENTATION_CONTEXT('2D SPACE',''
  ) );
#2730 = PCURVE('',#2731,#2736);
#2731 = PLANE('',#2732);
#2732 = AXIS2_PLACEMENT_3D('',#2733,#2734,#2735);
#2733 = CARTESIAN_POINT('',(-6.62,-8.152139,6.));
#2734 = DIRECTION('',(-1.,-7.771561172376E-16,-2.775557561563E-16));
#2735 = DIRECTION('',(-7.771561172376E-16,1.,-4.440892098501E-16));
#2736 = DEFINITIONAL_REPRESENTATION('',(#2737),#2741);
#2737 = LINE('',#2738,#2739);
#2738 = CARTESIAN_POINT('',(0.,0.));
#2739 = VECTOR('',#2740,1.);
#2740 = DIRECTION('',(1.,0.));
#2741 = ( GEOMETRIC_REPRESENTATION_CONTEXT(2) 
PARAMETRIC_REPRESENTATION_CONTEXT() REPRESENTATION_CONTEXT('2D SPACE',''
  ) );
#2742 = ORIENTED_EDGE('',*,*,#2743,.T.);
#2743 = EDGE_CURVE('',#2716,#2744,#2746,.T.);
#2744 = VERTEX_POINT('',#2745);
#2745 = CARTESIAN_POINT('',(-4.41,-7.599476603559E-16,6.));
#2746 = SURFACE_CURVE('',#2747,(#2751,#2758),.PCURVE_S1.);
#2747 = LINE('',#2748,#2749);
#2748 = CARTESIAN_POINT('',(-6.62,-2.480238237013E-15,6.));
#2749 = VECTOR('',#2750,1.);
#2750 = DIRECTION('',(1.,7.771561172376E-16,2.775557561563E-16));
#2751 = PCURVE('',#2320,#2752);
#2752 = DEFINITIONAL_REPRESENTATION('',(#2753),#2757);
#2753 = LINE('',#2754,#2755);
#2754 = CARTESIAN_POINT('',(-4.0760695,6.62));
#2755 = VECTOR('',#2756,1.);
#2756 = DIRECTION('',(-2.22044604925E-16,-1.));
#2757 = ( GEOMETRIC_REPRESENTATION_CONTEXT(2) 
PARAMETRIC_REPRESENTATION_CONTEXT() REPRESENTATION_CONTEXT('2D SPACE',''
  ) );
#2758 = PCURVE('',#2526,#2759);
#2759 = DEFINITIONAL_REPRESENTATION('',(#2760),#2764);
#2760 = LINE('',#2761,#2762);
#2761 = CARTESIAN_POINT('',(0.,0.));
#2762 = VECTOR('',#2763,1.);
#2763 = DIRECTION('',(1.,0.));
#2764 = ( GEOMETRIC_REPRESENTATION_CONTEXT(2) 
PARAMETRIC_REPRESENTATION_CONTEXT() REPRESENTATION_CONTEXT('2D SPACE',''
  ) );
#2765 = ORIENTED_EDGE('',*,*,#2766,.T.);
#2766 = EDGE_CURVE('',#2744,#2767,#2769,.T.);
#2767 = VERTEX_POINT('',#2768);
#2768 = CARTESIAN_POINT('',(-4.41,-0.45,6.));
#2769 = SURFACE_CURVE('',#2770,(#2774,#2781),.PCURVE_S1.);
#2770 = LINE('',#2771,#2772);
#2771 = CARTESIAN_POINT('',(-4.41,0.45,6.));
#2772 = VECTOR('',#2773,1.);
#2773 = DIRECTION('',(3.330669073875E-16,-1.,4.358014109917E-16));
#2774 = PCURVE('',#2320,#2775);
#2775 = DEFINITIONAL_REPRESENTATION('',(#2776),#2780);
#2776 = LINE('',#2777,#2778);
#2777 = CARTESIAN_POINT('',(-4.5260695,4.41));
#2778 = VECTOR('',#2779,1.);
#2779 = DIRECTION('',(1.,2.22044604925E-16));
#2780 = ( GEOMETRIC_REPRESENTATION_CONTEXT(2) 
PARAMETRIC_REPRESENTATION_CONTEXT() REPRESENTATION_CONTEXT('2D SPACE',''
  ) );
#2781 = PCURVE('',#2782,#2787);
#2782 = PLANE('',#2783);
#2783 = AXIS2_PLACEMENT_3D('',#2784,#2785,#2786);
#2784 = CARTESIAN_POINT('',(-4.41,0.45,6.));
#2785 = DIRECTION('',(-1.,-3.330669073875E-16,-2.68331848852E-16));
#2786 = DIRECTION('',(3.330669073875E-16,-1.,4.358014109917E-16));
#2787 = DEFINITIONAL_REPRESENTATION('',(#2788),#2792);
#2788 = LINE('',#2789,#2790);
#2789 = CARTESIAN_POINT('',(0.,0.));
#2790 = VECTOR('',#2791,1.);
#2791 = DIRECTION('',(1.,-4.930380657631E-32));
#2792 = ( GEOMETRIC_REPRESENTATION_CONTEXT(2) 
PARAMETRIC_REPRESENTATION_CONTEXT() REPRESENTATION_CONTEXT('2D SPACE',''
  ) );
#2793 = ORIENTED_EDGE('',*,*,#2794,.T.);
#2794 = EDGE_CURVE('',#2767,#2563,#2795,.T.);
#2795 = SURFACE_CURVE('',#2796,(#2800,#2807),.PCURVE_S1.);
#2796 = LINE('',#2797,#2798);
#2797 = CARTESIAN_POINT('',(-4.41,-0.45,6.));
#2798 = VECTOR('',#2799,1.);
#2799 = DIRECTION('',(1.,3.330669073875E-16,2.68331848852E-16));
#2800 = PCURVE('',#2320,#2801);
#2801 = DEFINITIONAL_REPRESENTATION('',(#2802),#2806);
#2802 = LINE('',#2803,#2804);
#2803 = CARTESIAN_POINT('',(-3.6260695,4.41));
#2804 = VECTOR('',#2805,1.);
#2805 = DIRECTION('',(2.22044604925E-16,-1.));
#2806 = ( GEOMETRIC_REPRESENTATION_CONTEXT(2) 
PARAMETRIC_REPRESENTATION_CONTEXT() REPRESENTATION_CONTEXT('2D SPACE',''
  ) );
#2807 = PCURVE('',#2808,#2813);
#2808 = PLANE('',#2809);
#2809 = AXIS2_PLACEMENT_3D('',#2810,#2811,#2812);
#2810 = CARTESIAN_POINT('',(-4.41,-0.45,6.));
#2811 = DIRECTION('',(3.330669073875E-16,-1.,4.358014109917E-16));
#2812 = DIRECTION('',(1.,3.330669073875E-16,2.68331848852E-16));
#2813 = DEFINITIONAL_REPRESENTATION('',(#2814),#2818);
#2814 = LINE('',#2815,#2816);
#2815 = CARTESIAN_POINT('',(0.,0.));
#2816 = VECTOR('',#2817,1.);
#2817 = DIRECTION('',(1.,4.930380657631E-32));
#2818 = ( GEOMETRIC_REPRESENTATION_CONTEXT(2) 
PARAMETRIC_REPRESENTATION_CONTEXT() REPRESENTATION_CONTEXT('2D SPACE',''
  ) );
#2819 = ADVANCED_FACE('',(#2820),#2264,.F.);
#2820 = FACE_BOUND('',#2821,.F.);
#2821 = EDGE_LOOP('',(#2822,#2823,#2824,#2845));
#2822 = ORIENTED_EDGE('',*,*,#2248,.T.);
#2823 = ORIENTED_EDGE('',*,*,#2438,.T.);
#2824 = ORIENTED_EDGE('',*,*,#2825,.T.);
#2825 = EDGE_CURVE('',#2439,#2364,#2826,.T.);
#2826 = SURFACE_CURVE('',#2827,(#2831,#2838),.PCURVE_S1.);
#2827 = LINE('',#2828,#2829);
#2828 = CARTESIAN_POINT('',(4.41,-0.45,-4.));
#2829 = VECTOR('',#2830,1.);
#2830 = DIRECTION('',(-2.22044604925E-16,1.,-4.358014109917E-16));
#2831 = PCURVE('',#2264,#2832);
#2832 = DEFINITIONAL_REPRESENTATION('',(#2833),#2837);
#2833 = LINE('',#2834,#2835);
#2834 = CARTESIAN_POINT('',(-0.45,-0.6));
#2835 = VECTOR('',#2836,1.);
#2836 = DIRECTION('',(1.,2.22044604925E-16));
#2837 = ( GEOMETRIC_REPRESENTATION_CONTEXT(2) 
PARAMETRIC_REPRESENTATION_CONTEXT() REPRESENTATION_CONTEXT('2D SPACE',''
  ) );
#2838 = PCURVE('',#2379,#2839);
#2839 = DEFINITIONAL_REPRESENTATION('',(#2840),#2844);
#2840 = LINE('',#2841,#2842);
#2841 = CARTESIAN_POINT('',(-9.710564082837E-16,-10.));
#2842 = VECTOR('',#2843,1.);
#2843 = DIRECTION('',(1.,4.930380657631E-32));
#2844 = ( GEOMETRIC_REPRESENTATION_CONTEXT(2) 
PARAMETRIC_REPRESENTATION_CONTEXT() REPRESENTATION_CONTEXT('2D SPACE',''
  ) );
#2845 = ORIENTED_EDGE('',*,*,#2391,.T.);
#2846 = ADVANCED_FACE('',(#2847),#2379,.T.);
#2847 = FACE_BOUND('',#2848,.T.);
#2848 = EDGE_LOOP('',(#2849,#2850,#2851,#2852,#2853));
#2849 = ORIENTED_EDGE('',*,*,#2461,.T.);
#2850 = ORIENTED_EDGE('',*,*,#2825,.T.);
#2851 = ORIENTED_EDGE('',*,*,#2361,.F.);
#2852 = ORIENTED_EDGE('',*,*,#2538,.F.);
#2853 = ORIENTED_EDGE('',*,*,#2615,.F.);
#2854 = ADVANCED_FACE('',(#2855),#2526,.T.);
#2855 = FACE_BOUND('',#2856,.T.);
#2856 = EDGE_LOOP('',(#2857,#2880,#2908,#2936,#2959,#2987,#3010,#3031,
    #3032,#3033,#3034,#3060));
#2857 = ORIENTED_EDGE('',*,*,#2858,.T.);
#2858 = EDGE_CURVE('',#2716,#2859,#2861,.T.);
#2859 = VERTEX_POINT('',#2860);
#2860 = CARTESIAN_POINT('',(-6.62,-2.347011474058E-15,6.3));
#2861 = SURFACE_CURVE('',#2862,(#2866,#2873),.PCURVE_S1.);
#2862 = LINE('',#2863,#2864);
#2863 = CARTESIAN_POINT('',(-6.62,-2.480238237013E-15,6.));
#2864 = VECTOR('',#2865,1.);
#2865 = DIRECTION('',(-2.775557561563E-16,4.440892098501E-16,1.));
#2866 = PCURVE('',#2526,#2867);
#2867 = DEFINITIONAL_REPRESENTATION('',(#2868),#2872);
#2868 = LINE('',#2869,#2870);
#2869 = CARTESIAN_POINT('',(0.,0.));
#2870 = VECTOR('',#2871,1.);
#2871 = DIRECTION('',(4.930380657631E-32,-1.));
#2872 = ( GEOMETRIC_REPRESENTATION_CONTEXT(2) 
PARAMETRIC_REPRESENTATION_CONTEXT() REPRESENTATION_CONTEXT('2D SPACE',''
  ) );
#2873 = PCURVE('',#2731,#2874);
#2874 = DEFINITIONAL_REPRESENTATION('',(#2875),#2879);
#2875 = LINE('',#2876,#2877);
#2876 = CARTESIAN_POINT('',(8.152139,-6.756328829738E-17));
#2877 = VECTOR('',#2878,1.);
#2878 = DIRECTION('',(9.860761315263E-32,-1.));
#2879 = ( GEOMETRIC_REPRESENTATION_CONTEXT(2) 
PARAMETRIC_REPRESENTATION_CONTEXT() REPRESENTATION_CONTEXT('2D SPACE',''
  ) );
#2880 = ORIENTED_EDGE('',*,*,#2881,.T.);
#2881 = EDGE_CURVE('',#2859,#2882,#2884,.T.);
#2882 = VERTEX_POINT('',#2883);
#2883 = CARTESIAN_POINT('',(-6.534493,-1.557571067313E-15,6.3));
#2884 = SURFACE_CURVE('',#2885,(#2889,#2896),.PCURVE_S1.);
#2885 = LINE('',#2886,#2887);
#2886 = CARTESIAN_POINT('',(-6.62,-2.347011474058E-15,6.3));
#2887 = VECTOR('',#2888,1.);
#2888 = DIRECTION('',(1.,7.771561172376E-16,2.775557561563E-16));
#2889 = PCURVE('',#2526,#2890);
#2890 = DEFINITIONAL_REPRESENTATION('',(#2891),#2895);
#2891 = LINE('',#2892,#2893);
#2892 = CARTESIAN_POINT('',(8.326672684689E-17,-0.3));
#2893 = VECTOR('',#2894,1.);
#2894 = DIRECTION('',(1.,0.));
#2895 = ( GEOMETRIC_REPRESENTATION_CONTEXT(2) 
PARAMETRIC_REPRESENTATION_CONTEXT() REPRESENTATION_CONTEXT('2D SPACE',''
  ) );
#2896 = PCURVE('',#2897,#2902);
#2897 = PLANE('',#2898);
#2898 = AXIS2_PLACEMENT_3D('',#2899,#2900,#2901);
#2899 = CARTESIAN_POINT('',(8.508010693308E-16,-4.0760695,6.3));
#2900 = DIRECTION('',(2.68331848852E-16,-4.358014109917E-16,-1.));
#2901 = DIRECTION('',(5.551115123126E-16,-1.,4.358014109917E-16));
#2902 = DEFINITIONAL_REPRESENTATION('',(#2903),#2907);
#2903 = LINE('',#2904,#2905);
#2904 = CARTESIAN_POINT('',(-4.0760695,6.62));
#2905 = VECTOR('',#2906,1.);
#2906 = DIRECTION('',(-2.22044604925E-16,-1.));
#2907 = ( GEOMETRIC_REPRESENTATION_CONTEXT(2) 
PARAMETRIC_REPRESENTATION_CONTEXT() REPRESENTATION_CONTEXT('2D SPACE',''
  ) );
#2908 = ORIENTED_EDGE('',*,*,#2909,.T.);
#2909 = EDGE_CURVE('',#2882,#2910,#2912,.T.);
#2910 = VERTEX_POINT('',#2911);
#2911 = CARTESIAN_POINT('',(-1.085507,2.072182763523E-15,6.3));
#2912 = SURFACE_CURVE('',#2913,(#2917,#2924),.PCURVE_S1.);
#2913 = LINE('',#2914,#2915);
#2914 = CARTESIAN_POINT('',(-6.534493,-1.557571067313E-15,6.3));
#2915 = VECTOR('',#2916,1.);
#2916 = DIRECTION('',(1.,6.661338147751E-16,2.68331848852E-16));
#2917 = PCURVE('',#2526,#2918);
#2918 = DEFINITIONAL_REPRESENTATION('',(#2919),#2923);
#2919 = LINE('',#2920,#2921);
#2920 = CARTESIAN_POINT('',(8.5507E-02,-0.3));
#2921 = VECTOR('',#2922,1.);
#2922 = DIRECTION('',(1.,9.223907304287E-18));
#2923 = ( GEOMETRIC_REPRESENTATION_CONTEXT(2) 
PARAMETRIC_REPRESENTATION_CONTEXT() REPRESENTATION_CONTEXT('2D SPACE',''
  ) );
#2924 = PCURVE('',#2925,#2930);
#2925 = PLANE('',#2926);
#2926 = AXIS2_PLACEMENT_3D('',#2927,#2928,#2929);
#2927 = CARTESIAN_POINT('',(-6.534493,-1.557571067313E-15,6.3));
#2928 = DIRECTION('',(-6.661338147751E-16,1.,-4.358014109917E-16));
#2929 = DIRECTION('',(1.,6.661338147751E-16,2.68331848852E-16));
#2930 = DEFINITIONAL_REPRESENTATION('',(#2931),#2935);
#2931 = LINE('',#2932,#2933);
#2932 = CARTESIAN_POINT('',(0.,0.));
#2933 = VECTOR('',#2934,1.);
#2934 = DIRECTION('',(1.,0.));
#2935 = ( GEOMETRIC_REPRESENTATION_CONTEXT(2) 
PARAMETRIC_REPRESENTATION_CONTEXT() REPRESENTATION_CONTEXT('2D SPACE',''
  ) );
#2936 = ORIENTED_EDGE('',*,*,#2937,.T.);
#2937 = EDGE_CURVE('',#2910,#2938,#2940,.T.);
#2938 = VERTEX_POINT('',#2939);
#2939 = CARTESIAN_POINT('',(1.085507,2.190316710592E-15,6.3));
#2940 = SURFACE_CURVE('',#2941,(#2945,#2952),.PCURVE_S1.);
#2941 = LINE('',#2942,#2943);
#2942 = CARTESIAN_POINT('',(-6.62,-2.347011474058E-15,6.3));
#2943 = VECTOR('',#2944,1.);
#2944 = DIRECTION('',(1.,7.771561172376E-16,2.775557561563E-16));
#2945 = PCURVE('',#2526,#2946);
#2946 = DEFINITIONAL_REPRESENTATION('',(#2947),#2951);
#2947 = LINE('',#2948,#2949);
#2948 = CARTESIAN_POINT('',(8.326672684689E-17,-0.3));
#2949 = VECTOR('',#2950,1.);
#2950 = DIRECTION('',(1.,0.));
#2951 = ( GEOMETRIC_REPRESENTATION_CONTEXT(2) 
PARAMETRIC_REPRESENTATION_CONTEXT() REPRESENTATION_CONTEXT('2D SPACE',''
  ) );
#2952 = PCURVE('',#2897,#2953);
#2953 = DEFINITIONAL_REPRESENTATION('',(#2954),#2958);
#2954 = LINE('',#2955,#2956);
#2955 = CARTESIAN_POINT('',(-4.0760695,6.62));
#2956 = VECTOR('',#2957,1.);
#2957 = DIRECTION('',(-2.22044604925E-16,-1.));
#2958 = ( GEOMETRIC_REPRESENTATION_CONTEXT(2) 
PARAMETRIC_REPRESENTATION_CONTEXT() REPRESENTATION_CONTEXT('2D SPACE',''
  ) );
#2959 = ORIENTED_EDGE('',*,*,#2960,.T.);
#2960 = EDGE_CURVE('',#2938,#2961,#2963,.T.);
#2961 = VERTEX_POINT('',#2962);
#2962 = CARTESIAN_POINT('',(6.534493,3.400234654204E-15,6.3));
#2963 = SURFACE_CURVE('',#2964,(#2968,#2975),.PCURVE_S1.);
#2964 = LINE('',#2965,#2966);
#2965 = CARTESIAN_POINT('',(1.085507,1.7763568394E-15,6.3));
#2966 = VECTOR('',#2967,1.);
#2967 = DIRECTION('',(1.,2.22044604925E-16,2.68331848852E-16));
#2968 = PCURVE('',#2526,#2969);
#2969 = DEFINITIONAL_REPRESENTATION('',(#2970),#2974);
#2970 = LINE('',#2971,#2972);
#2971 = CARTESIAN_POINT('',(7.705507,-0.3));
#2972 = VECTOR('',#2973,1.);
#2973 = DIRECTION('',(1.,9.223907304287E-18));
#2974 = ( GEOMETRIC_REPRESENTATION_CONTEXT(2) 
PARAMETRIC_REPRESENTATION_CONTEXT() REPRESENTATION_CONTEXT('2D SPACE',''
  ) );
#2975 = PCURVE('',#2976,#2981);
#2976 = PLANE('',#2977);
#2977 = AXIS2_PLACEMENT_3D('',#2978,#2979,#2980);
#2978 = CARTESIAN_POINT('',(1.085507,2.6645352591E-15,6.3));
#2979 = DIRECTION('',(-2.22044604925E-16,1.,-4.358014109917E-16));
#2980 = DIRECTION('',(1.,2.22044604925E-16,2.68331848852E-16));
#2981 = DEFINITIONAL_REPRESENTATION('',(#2982),#2986);
#2982 = LINE('',#2983,#2984);
#2983 = CARTESIAN_POINT('',(0.,0.));
#2984 = VECTOR('',#2985,1.);
#2985 = DIRECTION('',(1.,4.930380657631E-32));
#2986 = ( GEOMETRIC_REPRESENTATION_CONTEXT(2) 
PARAMETRIC_REPRESENTATION_CONTEXT() REPRESENTATION_CONTEXT('2D SPACE',''
  ) );
#2987 = ORIENTED_EDGE('',*,*,#2988,.T.);
#2988 = EDGE_CURVE('',#2961,#2989,#2991,.T.);
#2989 = VERTEX_POINT('',#2990);
#2990 = CARTESIAN_POINT('',(6.62,7.942535518168E-15,6.3));
#2991 = SURFACE_CURVE('',#2992,(#2996,#3003),.PCURVE_S1.);
#2992 = LINE('',#2993,#2994);
#2993 = CARTESIAN_POINT('',(-6.62,-2.347011474058E-15,6.3));
#2994 = VECTOR('',#2995,1.);
#2995 = DIRECTION('',(1.,7.771561172376E-16,2.775557561563E-16));
#2996 = PCURVE('',#2526,#2997);
#2997 = DEFINITIONAL_REPRESENTATION('',(#2998),#3002);
#2998 = LINE('',#2999,#3000);
#2999 = CARTESIAN_POINT('',(8.326672684689E-17,-0.3));
#3000 = VECTOR('',#3001,1.);
#3001 = DIRECTION('',(1.,0.));
#3002 = ( GEOMETRIC_REPRESENTATION_CONTEXT(2) 
PARAMETRIC_REPRESENTATION_CONTEXT() REPRESENTATION_CONTEXT('2D SPACE',''
  ) );
#3003 = PCURVE('',#2897,#3004);
#3004 = DEFINITIONAL_REPRESENTATION('',(#3005),#3009);
#3005 = LINE('',#3006,#3007);
#3006 = CARTESIAN_POINT('',(-4.0760695,6.62));
#3007 = VECTOR('',#3008,1.);
#3008 = DIRECTION('',(-2.22044604925E-16,-1.));
#3009 = ( GEOMETRIC_REPRESENTATION_CONTEXT(2) 
PARAMETRIC_REPRESENTATION_CONTEXT() REPRESENTATION_CONTEXT('2D SPACE',''
  ) );
#3010 = ORIENTED_EDGE('',*,*,#3011,.F.);
#3011 = EDGE_CURVE('',#2637,#2989,#3012,.T.);
#3012 = SURFACE_CURVE('',#3013,(#3017,#3024),.PCURVE_S1.);
#3013 = LINE('',#3014,#3015);
#3014 = CARTESIAN_POINT('',(6.62,7.809308755213E-15,6.));
#3015 = VECTOR('',#3016,1.);
#3016 = DIRECTION('',(-2.775557561563E-16,4.440892098501E-16,1.));
#3017 = PCURVE('',#2526,#3018);
#3018 = DEFINITIONAL_REPRESENTATION('',(#3019),#3023);
#3019 = LINE('',#3020,#3021);
#3020 = CARTESIAN_POINT('',(13.24,1.221245327088E-16));
#3021 = VECTOR('',#3022,1.);
#3022 = DIRECTION('',(4.930380657631E-32,-1.));
#3023 = ( GEOMETRIC_REPRESENTATION_CONTEXT(2) 
PARAMETRIC_REPRESENTATION_CONTEXT() REPRESENTATION_CONTEXT('2D SPACE',''
  ) );
#3024 = PCURVE('',#2675,#3025);
#3025 = DEFINITIONAL_REPRESENTATION('',(#3026),#3030);
#3026 = LINE('',#3027,#3028);
#3027 = CARTESIAN_POINT('',(0.,0.));
#3028 = VECTOR('',#3029,1.);
#3029 = DIRECTION('',(-9.860761315263E-32,-1.));
#3030 = ( GEOMETRIC_REPRESENTATION_CONTEXT(2) 
PARAMETRIC_REPRESENTATION_CONTEXT() REPRESENTATION_CONTEXT('2D SPACE',''
  ) );
#3031 = ORIENTED_EDGE('',*,*,#2636,.F.);
#3032 = ORIENTED_EDGE('',*,*,#2510,.F.);
#3033 = ORIENTED_EDGE('',*,*,#2592,.F.);
#3034 = ORIENTED_EDGE('',*,*,#3035,.F.);
#3035 = EDGE_CURVE('',#2744,#2565,#3036,.T.);
#3036 = SURFACE_CURVE('',#3037,(#3041,#3048),.PCURVE_S1.);
#3037 = LINE('',#3038,#3039);
#3038 = CARTESIAN_POINT('',(-6.62,-2.480238237013E-15,6.));
#3039 = VECTOR('',#3040,1.);
#3040 = DIRECTION('',(1.,7.771561172376E-16,2.775557561563E-16));
#3041 = PCURVE('',#2526,#3042);
#3042 = DEFINITIONAL_REPRESENTATION('',(#3043),#3047);
#3043 = LINE('',#3044,#3045);
#3044 = CARTESIAN_POINT('',(0.,0.));
#3045 = VECTOR('',#3046,1.);
#3046 = DIRECTION('',(1.,0.));
#3047 = ( GEOMETRIC_REPRESENTATION_CONTEXT(2) 
PARAMETRIC_REPRESENTATION_CONTEXT() REPRESENTATION_CONTEXT('2D SPACE',''
  ) );
#3048 = PCURVE('',#3049,#3054);
#3049 = PLANE('',#3050);
#3050 = AXIS2_PLACEMENT_3D('',#3051,#3052,#3053);
#3051 = CARTESIAN_POINT('',(-3.81,1.176254860709E-15,6.));
#3052 = DIRECTION('',(-3.700743415417E-16,4.93432455389E-16,1.));
#3053 = DIRECTION('',(-1.110223024625E-16,1.,-4.93432455389E-16));
#3054 = DEFINITIONAL_REPRESENTATION('',(#3055),#3059);
#3055 = LINE('',#3056,#3057);
#3056 = CARTESIAN_POINT('',(-3.344520427802E-15,2.81));
#3057 = VECTOR('',#3058,1.);
#3058 = DIRECTION('',(6.661338147751E-16,-1.));
#3059 = ( GEOMETRIC_REPRESENTATION_CONTEXT(2) 
PARAMETRIC_REPRESENTATION_CONTEXT() REPRESENTATION_CONTEXT('2D SPACE',''
  ) );
#3060 = ORIENTED_EDGE('',*,*,#2743,.F.);
#3061 = ADVANCED_FACE('',(#3062),#2580,.T.);
#3062 = FACE_BOUND('',#3063,.T.);
#3063 = EDGE_LOOP('',(#3064,#3087,#3115,#3143,#3164));
#3064 = ORIENTED_EDGE('',*,*,#3065,.T.);
#3065 = EDGE_CURVE('',#2563,#3066,#3068,.T.);
#3066 = VERTEX_POINT('',#3067);
#3067 = CARTESIAN_POINT('',(-3.21,-0.45,-4.));
#3068 = SURFACE_CURVE('',#3069,(#3073,#3080),.PCURVE_S1.);
#3069 = LINE('',#3070,#3071);
#3070 = CARTESIAN_POINT('',(-3.21,-0.45,6.));
#3071 = VECTOR('',#3072,1.);
#3072 = DIRECTION('',(2.68331848852E-16,-4.358014109917E-16,-1.));
#3073 = PCURVE('',#2580,#3074);
#3074 = DEFINITIONAL_REPRESENTATION('',(#3075),#3079);
#3075 = LINE('',#3076,#3077);
#3076 = CARTESIAN_POINT('',(0.,0.));
#3077 = VECTOR('',#3078,1.);
#3078 = DIRECTION('',(-4.930380657631E-32,-1.));
#3079 = ( GEOMETRIC_REPRESENTATION_CONTEXT(2) 
PARAMETRIC_REPRESENTATION_CONTEXT() REPRESENTATION_CONTEXT('2D SPACE',''
  ) );
#3080 = PCURVE('',#2808,#3081);
#3081 = DEFINITIONAL_REPRESENTATION('',(#3082),#3086);
#3082 = LINE('',#3083,#3084);
#3083 = CARTESIAN_POINT('',(1.2,-3.219982186224E-16));
#3084 = VECTOR('',#3085,1.);
#3085 = DIRECTION('',(0.,-1.));
#3086 = ( GEOMETRIC_REPRESENTATION_CONTEXT(2) 
PARAMETRIC_REPRESENTATION_CONTEXT() REPRESENTATION_CONTEXT('2D SPACE',''
  ) );
#3087 = ORIENTED_EDGE('',*,*,#3088,.T.);
#3088 = EDGE_CURVE('',#3066,#3089,#3091,.T.);
#3089 = VERTEX_POINT('',#3090);
#3090 = CARTESIAN_POINT('',(-3.21,0.45,-4.));
#3091 = SURFACE_CURVE('',#3092,(#3096,#3103),.PCURVE_S1.);
#3092 = LINE('',#3093,#3094);
#3093 = CARTESIAN_POINT('',(-3.21,-0.45,-4.));
#3094 = VECTOR('',#3095,1.);
#3095 = DIRECTION('',(-3.330669073875E-16,1.,-4.358014109917E-16));
#3096 = PCURVE('',#2580,#3097);
#3097 = DEFINITIONAL_REPRESENTATION('',(#3098),#3102);
#3098 = LINE('',#3099,#3100);
#3099 = CARTESIAN_POINT('',(-2.736683735233E-17,-10.));
#3100 = VECTOR('',#3101,1.);
#3101 = DIRECTION('',(1.,4.930380657631E-32));
#3102 = ( GEOMETRIC_REPRESENTATION_CONTEXT(2) 
PARAMETRIC_REPRESENTATION_CONTEXT() REPRESENTATION_CONTEXT('2D SPACE',''
  ) );
#3103 = PCURVE('',#3104,#3109);
#3104 = PLANE('',#3105);
#3105 = AXIS2_PLACEMENT_3D('',#3106,#3107,#3108);
#3106 = CARTESIAN_POINT('',(-3.81,-3.181759249208E-15,-4.));
#3107 = DIRECTION('',(-3.700743415417E-16,4.93432455389E-16,1.));
#3108 = DIRECTION('',(-1.110223024625E-16,1.,-4.93432455389E-16));
#3109 = DEFINITIONAL_REPRESENTATION('',(#3110),#3114);
#3110 = LINE('',#3111,#3112);
#3111 = CARTESIAN_POINT('',(-0.45,-0.6));
#3112 = VECTOR('',#3113,1.);
#3113 = DIRECTION('',(1.,2.22044604925E-16));
#3114 = ( GEOMETRIC_REPRESENTATION_CONTEXT(2) 
PARAMETRIC_REPRESENTATION_CONTEXT() REPRESENTATION_CONTEXT('2D SPACE',''
  ) );
#3115 = ORIENTED_EDGE('',*,*,#3116,.F.);
#3116 = EDGE_CURVE('',#3117,#3089,#3119,.T.);
#3117 = VERTEX_POINT('',#3118);
#3118 = CARTESIAN_POINT('',(-3.21,0.45,6.));
#3119 = SURFACE_CURVE('',#3120,(#3124,#3131),.PCURVE_S1.);
#3120 = LINE('',#3121,#3122);
#3121 = CARTESIAN_POINT('',(-3.21,0.45,6.));
#3122 = VECTOR('',#3123,1.);
#3123 = DIRECTION('',(2.68331848852E-16,-4.358014109917E-16,-1.));
#3124 = PCURVE('',#2580,#3125);
#3125 = DEFINITIONAL_REPRESENTATION('',(#3126),#3130);
#3126 = LINE('',#3127,#3128);
#3127 = CARTESIAN_POINT('',(0.9,3.922212698925E-16));
#3128 = VECTOR('',#3129,1.);
#3129 = DIRECTION('',(-4.930380657631E-32,-1.));
#3130 = ( GEOMETRIC_REPRESENTATION_CONTEXT(2) 
PARAMETRIC_REPRESENTATION_CONTEXT() REPRESENTATION_CONTEXT('2D SPACE',''
  ) );
#3131 = PCURVE('',#3132,#3137);
#3132 = PLANE('',#3133);
#3133 = AXIS2_PLACEMENT_3D('',#3134,#3135,#3136);
#3134 = CARTESIAN_POINT('',(-3.21,0.45,6.));
#3135 = DIRECTION('',(-3.330669073875E-16,1.,-4.358014109917E-16));
#3136 = DIRECTION('',(-1.,-3.330669073875E-16,-2.68331848852E-16));
#3137 = DEFINITIONAL_REPRESENTATION('',(#3138),#3142);
#3138 = LINE('',#3139,#3140);
#3139 = CARTESIAN_POINT('',(-0.,0.));
#3140 = VECTOR('',#3141,1.);
#3141 = DIRECTION('',(0.,-1.));
#3142 = ( GEOMETRIC_REPRESENTATION_CONTEXT(2) 
PARAMETRIC_REPRESENTATION_CONTEXT() REPRESENTATION_CONTEXT('2D SPACE',''
  ) );
#3143 = ORIENTED_EDGE('',*,*,#3144,.F.);
#3144 = EDGE_CURVE('',#2565,#3117,#3145,.T.);
#3145 = SURFACE_CURVE('',#3146,(#3150,#3157),.PCURVE_S1.);
#3146 = LINE('',#3147,#3148);
#3147 = CARTESIAN_POINT('',(-3.21,-0.45,6.));
#3148 = VECTOR('',#3149,1.);
#3149 = DIRECTION('',(-3.330669073875E-16,1.,-4.358014109917E-16));
#3150 = PCURVE('',#2580,#3151);
#3151 = DEFINITIONAL_REPRESENTATION('',(#3152),#3156);
#3152 = LINE('',#3153,#3154);
#3153 = CARTESIAN_POINT('',(0.,0.));
#3154 = VECTOR('',#3155,1.);
#3155 = DIRECTION('',(1.,4.930380657631E-32));
#3156 = ( GEOMETRIC_REPRESENTATION_CONTEXT(2) 
PARAMETRIC_REPRESENTATION_CONTEXT() REPRESENTATION_CONTEXT('2D SPACE',''
  ) );
#3157 = PCURVE('',#3049,#3158);
#3158 = DEFINITIONAL_REPRESENTATION('',(#3159),#3163);
#3159 = LINE('',#3160,#3161);
#3160 = CARTESIAN_POINT('',(-0.45,-0.6));
#3161 = VECTOR('',#3162,1.);
#3162 = DIRECTION('',(1.,2.22044604925E-16));
#3163 = ( GEOMETRIC_REPRESENTATION_CONTEXT(2) 
PARAMETRIC_REPRESENTATION_CONTEXT() REPRESENTATION_CONTEXT('2D SPACE',''
  ) );
#3164 = ORIENTED_EDGE('',*,*,#2562,.F.);
#3165 = ADVANCED_FACE('',(#3166),#2808,.T.);
#3166 = FACE_BOUND('',#3167,.T.);
#3167 = EDGE_LOOP('',(#3168,#3191,#3212,#3213));
#3168 = ORIENTED_EDGE('',*,*,#3169,.T.);
#3169 = EDGE_CURVE('',#2767,#3170,#3172,.T.);
#3170 = VERTEX_POINT('',#3171);
#3171 = CARTESIAN_POINT('',(-4.41,-0.45,-4.));
#3172 = SURFACE_CURVE('',#3173,(#3177,#3184),.PCURVE_S1.);
#3173 = LINE('',#3174,#3175);
#3174 = CARTESIAN_POINT('',(-4.41,-0.45,6.));
#3175 = VECTOR('',#3176,1.);
#3176 = DIRECTION('',(2.68331848852E-16,-4.358014109917E-16,-1.));
#3177 = PCURVE('',#2808,#3178);
#3178 = DEFINITIONAL_REPRESENTATION('',(#3179),#3183);
#3179 = LINE('',#3180,#3181);
#3180 = CARTESIAN_POINT('',(0.,0.));
#3181 = VECTOR('',#3182,1.);
#3182 = DIRECTION('',(0.,-1.));
#3183 = ( GEOMETRIC_REPRESENTATION_CONTEXT(2) 
PARAMETRIC_REPRESENTATION_CONTEXT() REPRESENTATION_CONTEXT('2D SPACE',''
  ) );
#3184 = PCURVE('',#2782,#3185);
#3185 = DEFINITIONAL_REPRESENTATION('',(#3186),#3190);
#3186 = LINE('',#3187,#3188);
#3187 = CARTESIAN_POINT('',(0.9,4.959571498076E-16));
#3188 = VECTOR('',#3189,1.);
#3189 = DIRECTION('',(4.930380657631E-32,-1.));
#3190 = ( GEOMETRIC_REPRESENTATION_CONTEXT(2) 
PARAMETRIC_REPRESENTATION_CONTEXT() REPRESENTATION_CONTEXT('2D SPACE',''
  ) );
#3191 = ORIENTED_EDGE('',*,*,#3192,.T.);
#3192 = EDGE_CURVE('',#3170,#3066,#3193,.T.);
#3193 = SURFACE_CURVE('',#3194,(#3198,#3205),.PCURVE_S1.);
#3194 = LINE('',#3195,#3196);
#3195 = CARTESIAN_POINT('',(-4.41,-0.45,-4.));
#3196 = VECTOR('',#3197,1.);
#3197 = DIRECTION('',(1.,3.330669073875E-16,2.68331848852E-16));
#3198 = PCURVE('',#2808,#3199);
#3199 = DEFINITIONAL_REPRESENTATION('',(#3200),#3204);
#3200 = LINE('',#3201,#3202);
#3201 = CARTESIAN_POINT('',(-1.878322941964E-17,-10.));
#3202 = VECTOR('',#3203,1.);
#3203 = DIRECTION('',(1.,4.930380657631E-32));
#3204 = ( GEOMETRIC_REPRESENTATION_CONTEXT(2) 
PARAMETRIC_REPRESENTATION_CONTEXT() REPRESENTATION_CONTEXT('2D SPACE',''
  ) );
#3205 = PCURVE('',#3104,#3206);
#3206 = DEFINITIONAL_REPRESENTATION('',(#3207),#3211);
#3207 = LINE('',#3208,#3209);
#3208 = CARTESIAN_POINT('',(-0.45,0.6));
#3209 = VECTOR('',#3210,1.);
#3210 = DIRECTION('',(2.22044604925E-16,-1.));
#3211 = ( GEOMETRIC_REPRESENTATION_CONTEXT(2) 
PARAMETRIC_REPRESENTATION_CONTEXT() REPRESENTATION_CONTEXT('2D SPACE',''
  ) );
#3212 = ORIENTED_EDGE('',*,*,#3065,.F.);
#3213 = ORIENTED_EDGE('',*,*,#2794,.F.);
#3214 = ADVANCED_FACE('',(#3215),#2782,.T.);
#3215 = FACE_BOUND('',#3216,.T.);
#3216 = EDGE_LOOP('',(#3217,#3242,#3263,#3264,#3265));
#3217 = ORIENTED_EDGE('',*,*,#3218,.T.);
#3218 = EDGE_CURVE('',#3219,#3221,#3223,.T.);
#3219 = VERTEX_POINT('',#3220);
#3220 = CARTESIAN_POINT('',(-4.41,0.45,6.));
#3221 = VERTEX_POINT('',#3222);
#3222 = CARTESIAN_POINT('',(-4.41,0.45,-4.));
#3223 = SURFACE_CURVE('',#3224,(#3228,#3235),.PCURVE_S1.);
#3224 = LINE('',#3225,#3226);
#3225 = CARTESIAN_POINT('',(-4.41,0.45,6.));
#3226 = VECTOR('',#3227,1.);
#3227 = DIRECTION('',(2.68331848852E-16,-4.358014109917E-16,-1.));
#3228 = PCURVE('',#2782,#3229);
#3229 = DEFINITIONAL_REPRESENTATION('',(#3230),#3234);
#3230 = LINE('',#3231,#3232);
#3231 = CARTESIAN_POINT('',(0.,0.));
#3232 = VECTOR('',#3233,1.);
#3233 = DIRECTION('',(4.930380657631E-32,-1.));
#3234 = ( GEOMETRIC_REPRESENTATION_CONTEXT(2) 
PARAMETRIC_REPRESENTATION_CONTEXT() REPRESENTATION_CONTEXT('2D SPACE',''
  ) );
#3235 = PCURVE('',#3132,#3236);
#3236 = DEFINITIONAL_REPRESENTATION('',(#3237),#3241);
#3237 = LINE('',#3238,#3239);
#3238 = CARTESIAN_POINT('',(1.2,-5.661802010777E-16));
#3239 = VECTOR('',#3240,1.);
#3240 = DIRECTION('',(0.,-1.));
#3241 = ( GEOMETRIC_REPRESENTATION_CONTEXT(2) 
PARAMETRIC_REPRESENTATION_CONTEXT() REPRESENTATION_CONTEXT('2D SPACE',''
  ) );
#3242 = ORIENTED_EDGE('',*,*,#3243,.T.);
#3243 = EDGE_CURVE('',#3221,#3170,#3244,.T.);
#3244 = SURFACE_CURVE('',#3245,(#3249,#3256),.PCURVE_S1.);
#3245 = LINE('',#3246,#3247);
#3246 = CARTESIAN_POINT('',(-4.41,0.45,-4.));
#3247 = VECTOR('',#3248,1.);
#3248 = DIRECTION('',(3.330669073875E-16,-1.,4.358014109917E-16));
#3249 = PCURVE('',#2782,#3250);
#3250 = DEFINITIONAL_REPRESENTATION('',(#3251),#3255);
#3251 = LINE('',#3252,#3253);
#3252 = CARTESIAN_POINT('',(2.736683735233E-17,-10.));
#3253 = VECTOR('',#3254,1.);
#3254 = DIRECTION('',(1.,-4.930380657631E-32));
#3255 = ( GEOMETRIC_REPRESENTATION_CONTEXT(2) 
PARAMETRIC_REPRESENTATION_CONTEXT() REPRESENTATION_CONTEXT('2D SPACE',''
  ) );
#3256 = PCURVE('',#3104,#3257);
#3257 = DEFINITIONAL_REPRESENTATION('',(#3258),#3262);
#3258 = LINE('',#3259,#3260);
#3259 = CARTESIAN_POINT('',(0.45,0.6));
#3260 = VECTOR('',#3261,1.);
#3261 = DIRECTION('',(-1.,-2.22044604925E-16));
#3262 = ( GEOMETRIC_REPRESENTATION_CONTEXT(2) 
PARAMETRIC_REPRESENTATION_CONTEXT() REPRESENTATION_CONTEXT('2D SPACE',''
  ) );
#3263 = ORIENTED_EDGE('',*,*,#3169,.F.);
#3264 = ORIENTED_EDGE('',*,*,#2766,.F.);
#3265 = ORIENTED_EDGE('',*,*,#3266,.F.);
#3266 = EDGE_CURVE('',#3219,#2744,#3267,.T.);
#3267 = SURFACE_CURVE('',#3268,(#3272,#3279),.PCURVE_S1.);
#3268 = LINE('',#3269,#3270);
#3269 = CARTESIAN_POINT('',(-4.41,0.45,6.));
#3270 = VECTOR('',#3271,1.);
#3271 = DIRECTION('',(3.330669073875E-16,-1.,4.358014109917E-16));
#3272 = PCURVE('',#2782,#3273);
#3273 = DEFINITIONAL_REPRESENTATION('',(#3274),#3278);
#3274 = LINE('',#3275,#3276);
#3275 = CARTESIAN_POINT('',(0.,0.));
#3276 = VECTOR('',#3277,1.);
#3277 = DIRECTION('',(1.,-4.930380657631E-32));
#3278 = ( GEOMETRIC_REPRESENTATION_CONTEXT(2) 
PARAMETRIC_REPRESENTATION_CONTEXT() REPRESENTATION_CONTEXT('2D SPACE',''
  ) );
#3279 = PCURVE('',#3049,#3280);
#3280 = DEFINITIONAL_REPRESENTATION('',(#3281),#3285);
#3281 = LINE('',#3282,#3283);
#3282 = CARTESIAN_POINT('',(0.45,0.6));
#3283 = VECTOR('',#3284,1.);
#3284 = DIRECTION('',(-1.,-2.22044604925E-16));
#3285 = ( GEOMETRIC_REPRESENTATION_CONTEXT(2) 
PARAMETRIC_REPRESENTATION_CONTEXT() REPRESENTATION_CONTEXT('2D SPACE',''
  ) );
#3286 = ADVANCED_FACE('',(#3287),#2731,.T.);
#3287 = FACE_BOUND('',#3288,.T.);
#3288 = EDGE_LOOP('',(#3289,#3312,#3333,#3334));
#3289 = ORIENTED_EDGE('',*,*,#3290,.T.);
#3290 = EDGE_CURVE('',#2688,#3291,#3293,.T.);
#3291 = VERTEX_POINT('',#3292);
#3292 = CARTESIAN_POINT('',(-6.62,-8.152139,6.3));
#3293 = SURFACE_CURVE('',#3294,(#3298,#3305),.PCURVE_S1.);
#3294 = LINE('',#3295,#3296);
#3295 = CARTESIAN_POINT('',(-6.62,-8.152139,6.));
#3296 = VECTOR('',#3297,1.);
#3297 = DIRECTION('',(-2.775557561563E-16,4.440892098501E-16,1.));
#3298 = PCURVE('',#2731,#3299);
#3299 = DEFINITIONAL_REPRESENTATION('',(#3300),#3304);
#3300 = LINE('',#3301,#3302);
#3301 = CARTESIAN_POINT('',(0.,0.));
#3302 = VECTOR('',#3303,1.);
#3303 = DIRECTION('',(9.860761315263E-32,-1.));
#3304 = ( GEOMETRIC_REPRESENTATION_CONTEXT(2) 
PARAMETRIC_REPRESENTATION_CONTEXT() REPRESENTATION_CONTEXT('2D SPACE',''
  ) );
#3305 = PCURVE('',#2703,#3306);
#3306 = DEFINITIONAL_REPRESENTATION('',(#3307),#3311);
#3307 = LINE('',#3308,#3309);
#3308 = CARTESIAN_POINT('',(13.24,-1.221245327088E-16));
#3309 = VECTOR('',#3310,1.);
#3310 = DIRECTION('',(-4.930380657631E-32,-1.));
#3311 = ( GEOMETRIC_REPRESENTATION_CONTEXT(2) 
PARAMETRIC_REPRESENTATION_CONTEXT() REPRESENTATION_CONTEXT('2D SPACE',''
  ) );
#3312 = ORIENTED_EDGE('',*,*,#3313,.T.);
#3313 = EDGE_CURVE('',#3291,#2859,#3314,.T.);
#3314 = SURFACE_CURVE('',#3315,(#3319,#3326),.PCURVE_S1.);
#3315 = LINE('',#3316,#3317);
#3316 = CARTESIAN_POINT('',(-6.62,-8.152139,6.3));
#3317 = VECTOR('',#3318,1.);
#3318 = DIRECTION('',(-7.771561172376E-16,1.,-4.440892098501E-16));
#3319 = PCURVE('',#2731,#3320);
#3320 = DEFINITIONAL_REPRESENTATION('',(#3321),#3325);
#3321 = LINE('',#3322,#3323);
#3322 = CARTESIAN_POINT('',(-1.33226762955E-16,-0.3));
#3323 = VECTOR('',#3324,1.);
#3324 = DIRECTION('',(1.,0.));
#3325 = ( GEOMETRIC_REPRESENTATION_CONTEXT(2) 
PARAMETRIC_REPRESENTATION_CONTEXT() REPRESENTATION_CONTEXT('2D SPACE',''
  ) );
#3326 = PCURVE('',#2897,#3327);
#3327 = DEFINITIONAL_REPRESENTATION('',(#3328),#3332);
#3328 = LINE('',#3329,#3330);
#3329 = CARTESIAN_POINT('',(4.0760695,6.62));
#3330 = VECTOR('',#3331,1.);
#3331 = DIRECTION('',(-1.,2.22044604925E-16));
#3332 = ( GEOMETRIC_REPRESENTATION_CONTEXT(2) 
PARAMETRIC_REPRESENTATION_CONTEXT() REPRESENTATION_CONTEXT('2D SPACE',''
  ) );
#3333 = ORIENTED_EDGE('',*,*,#2858,.F.);
#3334 = ORIENTED_EDGE('',*,*,#2715,.F.);
#3335 = ADVANCED_FACE('',(#3336),#2703,.T.);
#3336 = FACE_BOUND('',#3337,.T.);
#3337 = EDGE_LOOP('',(#3338,#3361,#3382,#3383));
#3338 = ORIENTED_EDGE('',*,*,#3339,.T.);
#3339 = EDGE_CURVE('',#2660,#3340,#3342,.T.);
#3340 = VERTEX_POINT('',#3341);
#3341 = CARTESIAN_POINT('',(6.62,-8.152139,6.3));
#3342 = SURFACE_CURVE('',#3343,(#3347,#3354),.PCURVE_S1.);
#3343 = LINE('',#3344,#3345);
#3344 = CARTESIAN_POINT('',(6.62,-8.152139,6.));
#3345 = VECTOR('',#3346,1.);
#3346 = DIRECTION('',(-2.775557561563E-16,4.440892098501E-16,1.));
#3347 = PCURVE('',#2703,#3348);
#3348 = DEFINITIONAL_REPRESENTATION('',(#3349),#3353);
#3349 = LINE('',#3350,#3351);
#3350 = CARTESIAN_POINT('',(-0.,0.));
#3351 = VECTOR('',#3352,1.);
#3352 = DIRECTION('',(-4.930380657631E-32,-1.));
#3353 = ( GEOMETRIC_REPRESENTATION_CONTEXT(2) 
PARAMETRIC_REPRESENTATION_CONTEXT() REPRESENTATION_CONTEXT('2D SPACE',''
  ) );
#3354 = PCURVE('',#2675,#3355);
#3355 = DEFINITIONAL_REPRESENTATION('',(#3356),#3360);
#3356 = LINE('',#3357,#3358);
#3357 = CARTESIAN_POINT('',(8.152139,6.756328829738E-17));
#3358 = VECTOR('',#3359,1.);
#3359 = DIRECTION('',(-9.860761315263E-32,-1.));
#3360 = ( GEOMETRIC_REPRESENTATION_CONTEXT(2) 
PARAMETRIC_REPRESENTATION_CONTEXT() REPRESENTATION_CONTEXT('2D SPACE',''
  ) );
#3361 = ORIENTED_EDGE('',*,*,#3362,.T.);
#3362 = EDGE_CURVE('',#3340,#3291,#3363,.T.);
#3363 = SURFACE_CURVE('',#3364,(#3368,#3375),.PCURVE_S1.);
#3364 = LINE('',#3365,#3366);
#3365 = CARTESIAN_POINT('',(6.62,-8.152139,6.3));
#3366 = VECTOR('',#3367,1.);
#3367 = DIRECTION('',(-1.,-7.771561172376E-16,-2.775557561563E-16));
#3368 = PCURVE('',#2703,#3369);
#3369 = DEFINITIONAL_REPRESENTATION('',(#3370),#3374);
#3370 = LINE('',#3371,#3372);
#3371 = CARTESIAN_POINT('',(-8.326672684689E-17,-0.3));
#3372 = VECTOR('',#3373,1.);
#3373 = DIRECTION('',(1.,0.));
#3374 = ( GEOMETRIC_REPRESENTATION_CONTEXT(2) 
PARAMETRIC_REPRESENTATION_CONTEXT() REPRESENTATION_CONTEXT('2D SPACE',''
  ) );
#3375 = PCURVE('',#2897,#3376);
#3376 = DEFINITIONAL_REPRESENTATION('',(#3377),#3381);
#3377 = LINE('',#3378,#3379);
#3378 = CARTESIAN_POINT('',(4.0760695,-6.62));
#3379 = VECTOR('',#3380,1.);
#3380 = DIRECTION('',(2.22044604925E-16,1.));
#3381 = ( GEOMETRIC_REPRESENTATION_CONTEXT(2) 
PARAMETRIC_REPRESENTATION_CONTEXT() REPRESENTATION_CONTEXT('2D SPACE',''
  ) );
#3382 = ORIENTED_EDGE('',*,*,#3290,.F.);
#3383 = ORIENTED_EDGE('',*,*,#2687,.F.);
#3384 = ADVANCED_FACE('',(#3385),#2675,.T.);
#3385 = FACE_BOUND('',#3386,.T.);
#3386 = EDGE_LOOP('',(#3387,#3388,#3409,#3410));
#3387 = ORIENTED_EDGE('',*,*,#3011,.T.);
#3388 = ORIENTED_EDGE('',*,*,#3389,.T.);
#3389 = EDGE_CURVE('',#2989,#3340,#3390,.T.);
#3390 = SURFACE_CURVE('',#3391,(#3395,#3402),.PCURVE_S1.);
#3391 = LINE('',#3392,#3393);
#3392 = CARTESIAN_POINT('',(6.62,7.942535518168E-15,6.3));
#3393 = VECTOR('',#3394,1.);
#3394 = DIRECTION('',(7.771561172376E-16,-1.,4.440892098501E-16));
#3395 = PCURVE('',#2675,#3396);
#3396 = DEFINITIONAL_REPRESENTATION('',(#3397),#3401);
#3397 = LINE('',#3398,#3399);
#3398 = CARTESIAN_POINT('',(-1.947500359764E-30,-0.3));
#3399 = VECTOR('',#3400,1.);
#3400 = DIRECTION('',(1.,0.));
#3401 = ( GEOMETRIC_REPRESENTATION_CONTEXT(2) 
PARAMETRIC_REPRESENTATION_CONTEXT() REPRESENTATION_CONTEXT('2D SPACE',''
  ) );
#3402 = PCURVE('',#2897,#3403);
#3403 = DEFINITIONAL_REPRESENTATION('',(#3404),#3408);
#3404 = LINE('',#3405,#3406);
#3405 = CARTESIAN_POINT('',(-4.0760695,-6.62));
#3406 = VECTOR('',#3407,1.);
#3407 = DIRECTION('',(1.,-2.22044604925E-16));
#3408 = ( GEOMETRIC_REPRESENTATION_CONTEXT(2) 
PARAMETRIC_REPRESENTATION_CONTEXT() REPRESENTATION_CONTEXT('2D SPACE',''
  ) );
#3409 = ORIENTED_EDGE('',*,*,#3339,.F.);
#3410 = ORIENTED_EDGE('',*,*,#2659,.F.);
#3411 = ADVANCED_FACE('',(#3412),#3049,.T.);
#3412 = FACE_BOUND('',#3413,.T.);
#3413 = EDGE_LOOP('',(#3414,#3435,#3436,#3437));
#3414 = ORIENTED_EDGE('',*,*,#3415,.T.);
#3415 = EDGE_CURVE('',#3117,#3219,#3416,.T.);
#3416 = SURFACE_CURVE('',#3417,(#3421,#3428),.PCURVE_S1.);
#3417 = LINE('',#3418,#3419);
#3418 = CARTESIAN_POINT('',(-3.21,0.45,6.));
#3419 = VECTOR('',#3420,1.);
#3420 = DIRECTION('',(-1.,-3.330669073875E-16,-2.68331848852E-16));
#3421 = PCURVE('',#3049,#3422);
#3422 = DEFINITIONAL_REPRESENTATION('',(#3423),#3427);
#3423 = LINE('',#3424,#3425);
#3424 = CARTESIAN_POINT('',(0.45,-0.6));
#3425 = VECTOR('',#3426,1.);
#3426 = DIRECTION('',(-2.22044604925E-16,1.));
#3427 = ( GEOMETRIC_REPRESENTATION_CONTEXT(2) 
PARAMETRIC_REPRESENTATION_CONTEXT() REPRESENTATION_CONTEXT('2D SPACE',''
  ) );
#3428 = PCURVE('',#3132,#3429);
#3429 = DEFINITIONAL_REPRESENTATION('',(#3430),#3434);
#3430 = LINE('',#3431,#3432);
#3431 = CARTESIAN_POINT('',(-0.,0.));
#3432 = VECTOR('',#3433,1.);
#3433 = DIRECTION('',(1.,-4.930380657631E-32));
#3434 = ( GEOMETRIC_REPRESENTATION_CONTEXT(2) 
PARAMETRIC_REPRESENTATION_CONTEXT() REPRESENTATION_CONTEXT('2D SPACE',''
  ) );
#3435 = ORIENTED_EDGE('',*,*,#3266,.T.);
#3436 = ORIENTED_EDGE('',*,*,#3035,.T.);
#3437 = ORIENTED_EDGE('',*,*,#3144,.T.);
#3438 = ADVANCED_FACE('',(#3439),#2897,.F.);
#3439 = FACE_BOUND('',#3440,.F.);
#3440 = EDGE_LOOP('',(#3441,#3469,#3470,#3498,#3526,#3552,#3553,#3554,
    #3555,#3556,#3557,#3585));
#3441 = ORIENTED_EDGE('',*,*,#3442,.F.);
#3442 = EDGE_CURVE('',#2910,#3443,#3445,.T.);
#3443 = VERTEX_POINT('',#3444);
#3444 = CARTESIAN_POINT('',(-1.085507,-7.065292,6.3));
#3445 = SURFACE_CURVE('',#3446,(#3450,#3457),.PCURVE_S1.);
#3446 = LINE('',#3447,#3448);
#3447 = CARTESIAN_POINT('',(-1.085507,2.072182763523E-15,6.3));
#3448 = VECTOR('',#3449,1.);
#3449 = DIRECTION('',(6.661338147751E-16,-1.,4.358014109917E-16));
#3450 = PCURVE('',#2897,#3451);
#3451 = DEFINITIONAL_REPRESENTATION('',(#3452),#3456);
#3452 = LINE('',#3453,#3454);
#3453 = CARTESIAN_POINT('',(-4.0760695,1.085507));
#3454 = VECTOR('',#3455,1.);
#3455 = DIRECTION('',(1.,-1.110223024625E-16));
#3456 = ( GEOMETRIC_REPRESENTATION_CONTEXT(2) 
PARAMETRIC_REPRESENTATION_CONTEXT() REPRESENTATION_CONTEXT('2D SPACE',''
  ) );
#3457 = PCURVE('',#3458,#3463);
#3458 = PLANE('',#3459);
#3459 = AXIS2_PLACEMENT_3D('',#3460,#3461,#3462);
#3460 = CARTESIAN_POINT('',(-1.085507,2.072182763523E-15,6.3));
#3461 = DIRECTION('',(1.,6.661338147751E-16,2.68331848852E-16));
#3462 = DIRECTION('',(6.661338147751E-16,-1.,4.358014109917E-16));
#3463 = DEFINITIONAL_REPRESENTATION('',(#3464),#3468);
#3464 = LINE('',#3465,#3466);
#3465 = CARTESIAN_POINT('',(0.,0.));
#3466 = VECTOR('',#3467,1.);
#3467 = DIRECTION('',(1.,4.930380657631E-32));
#3468 = ( GEOMETRIC_REPRESENTATION_CONTEXT(2) 
PARAMETRIC_REPRESENTATION_CONTEXT() REPRESENTATION_CONTEXT('2D SPACE',''
  ) );
#3469 = ORIENTED_EDGE('',*,*,#2937,.T.);
#3470 = ORIENTED_EDGE('',*,*,#3471,.F.);
#3471 = EDGE_CURVE('',#3472,#2938,#3474,.T.);
#3472 = VERTEX_POINT('',#3473);
#3473 = CARTESIAN_POINT('',(1.085507,-7.065292,6.3));
#3474 = SURFACE_CURVE('',#3475,(#3479,#3486),.PCURVE_S1.);
#3475 = LINE('',#3476,#3477);
#3476 = CARTESIAN_POINT('',(1.085507,-7.065292,6.3));
#3477 = VECTOR('',#3478,1.);
#3478 = DIRECTION('',(-2.22044604925E-16,1.,-4.358014109917E-16));
#3479 = PCURVE('',#2897,#3480);
#3480 = DEFINITIONAL_REPRESENTATION('',(#3481),#3485);
#3481 = LINE('',#3482,#3483);
#3482 = CARTESIAN_POINT('',(2.9892225,-1.085507));
#3483 = VECTOR('',#3484,1.);
#3484 = DIRECTION('',(-1.,-3.330669073875E-16));
#3485 = ( GEOMETRIC_REPRESENTATION_CONTEXT(2) 
PARAMETRIC_REPRESENTATION_CONTEXT() REPRESENTATION_CONTEXT('2D SPACE',''
  ) );
#3486 = PCURVE('',#3487,#3492);
#3487 = PLANE('',#3488);
#3488 = AXIS2_PLACEMENT_3D('',#3489,#3490,#3491);
#3489 = CARTESIAN_POINT('',(1.085507,-7.065292,6.3));
#3490 = DIRECTION('',(-1.,-2.22044604925E-16,-2.68331848852E-16));
#3491 = DIRECTION('',(-2.22044604925E-16,1.,-4.358014109917E-16));
#3492 = DEFINITIONAL_REPRESENTATION('',(#3493),#3497);
#3493 = LINE('',#3494,#3495);
#3494 = CARTESIAN_POINT('',(0.,0.));
#3495 = VECTOR('',#3496,1.);
#3496 = DIRECTION('',(1.,-4.930380657631E-32));
#3497 = ( GEOMETRIC_REPRESENTATION_CONTEXT(2) 
PARAMETRIC_REPRESENTATION_CONTEXT() REPRESENTATION_CONTEXT('2D SPACE',''
  ) );
#3498 = ORIENTED_EDGE('',*,*,#3499,.F.);
#3499 = EDGE_CURVE('',#3500,#3472,#3502,.T.);
#3500 = VERTEX_POINT('',#3501);
#3501 = CARTESIAN_POINT('',(6.534493,-7.065292,6.3));
#3502 = SURFACE_CURVE('',#3503,(#3507,#3514),.PCURVE_S1.);
#3503 = LINE('',#3504,#3505);
#3504 = CARTESIAN_POINT('',(6.534493,-7.065292,6.3));
#3505 = VECTOR('',#3506,1.);
#3506 = DIRECTION('',(-1.,-2.22044604925E-16,-2.68331848852E-16));
#3507 = PCURVE('',#2897,#3508);
#3508 = DEFINITIONAL_REPRESENTATION('',(#3509),#3513);
#3509 = LINE('',#3510,#3511);
#3510 = CARTESIAN_POINT('',(2.9892225,-6.534493));
#3511 = VECTOR('',#3512,1.);
#3512 = DIRECTION('',(-3.330669073875E-16,1.));
#3513 = ( GEOMETRIC_REPRESENTATION_CONTEXT(2) 
PARAMETRIC_REPRESENTATION_CONTEXT() REPRESENTATION_CONTEXT('2D SPACE',''
  ) );
#3514 = PCURVE('',#3515,#3520);
#3515 = PLANE('',#3516);
#3516 = AXIS2_PLACEMENT_3D('',#3517,#3518,#3519);
#3517 = CARTESIAN_POINT('',(6.534493,-7.065292,6.3));
#3518 = DIRECTION('',(2.22044604925E-16,-1.,4.358014109917E-16));
#3519 = DIRECTION('',(-1.,-2.22044604925E-16,-2.68331848852E-16));
#3520 = DEFINITIONAL_REPRESENTATION('',(#3521),#3525);
#3521 = LINE('',#3522,#3523);
#3522 = CARTESIAN_POINT('',(-0.,0.));
#3523 = VECTOR('',#3524,1.);
#3524 = DIRECTION('',(1.,-4.930380657631E-32));
#3525 = ( GEOMETRIC_REPRESENTATION_CONTEXT(2) 
PARAMETRIC_REPRESENTATION_CONTEXT() REPRESENTATION_CONTEXT('2D SPACE',''
  ) );
#3526 = ORIENTED_EDGE('',*,*,#3527,.F.);
#3527 = EDGE_CURVE('',#2961,#3500,#3528,.T.);
#3528 = SURFACE_CURVE('',#3529,(#3533,#3540),.PCURVE_S1.);
#3529 = LINE('',#3530,#3531);
#3530 = CARTESIAN_POINT('',(6.534493,3.552713678801E-15,6.3));
#3531 = VECTOR('',#3532,1.);
#3532 = DIRECTION('',(2.22044604925E-16,-1.,4.358014109917E-16));
#3533 = PCURVE('',#2897,#3534);
#3534 = DEFINITIONAL_REPRESENTATION('',(#3535),#3539);
#3535 = LINE('',#3536,#3537);
#3536 = CARTESIAN_POINT('',(-4.0760695,-6.534493));
#3537 = VECTOR('',#3538,1.);
#3538 = DIRECTION('',(1.,3.330669073875E-16));
#3539 = ( GEOMETRIC_REPRESENTATION_CONTEXT(2) 
PARAMETRIC_REPRESENTATION_CONTEXT() REPRESENTATION_CONTEXT('2D SPACE',''
  ) );
#3540 = PCURVE('',#3541,#3546);
#3541 = PLANE('',#3542);
#3542 = AXIS2_PLACEMENT_3D('',#3543,#3544,#3545);
#3543 = CARTESIAN_POINT('',(6.534493,3.552713678801E-15,6.3));
#3544 = DIRECTION('',(1.,2.22044604925E-16,2.68331848852E-16));
#3545 = DIRECTION('',(2.22044604925E-16,-1.,4.358014109917E-16));
#3546 = DEFINITIONAL_REPRESENTATION('',(#3547),#3551);
#3547 = LINE('',#3548,#3549);
#3548 = CARTESIAN_POINT('',(0.,0.));
#3549 = VECTOR('',#3550,1.);
#3550 = DIRECTION('',(1.,4.930380657631E-32));
#3551 = ( GEOMETRIC_REPRESENTATION_CONTEXT(2) 
PARAMETRIC_REPRESENTATION_CONTEXT() REPRESENTATION_CONTEXT('2D SPACE',''
  ) );
#3552 = ORIENTED_EDGE('',*,*,#2988,.T.);
#3553 = ORIENTED_EDGE('',*,*,#3389,.T.);
#3554 = ORIENTED_EDGE('',*,*,#3362,.T.);
#3555 = ORIENTED_EDGE('',*,*,#3313,.T.);
#3556 = ORIENTED_EDGE('',*,*,#2881,.T.);
#3557 = ORIENTED_EDGE('',*,*,#3558,.F.);
#3558 = EDGE_CURVE('',#3559,#2882,#3561,.T.);
#3559 = VERTEX_POINT('',#3560);
#3560 = CARTESIAN_POINT('',(-6.534493,-7.065292,6.3));
#3561 = SURFACE_CURVE('',#3562,(#3566,#3573),.PCURVE_S1.);
#3562 = LINE('',#3563,#3564);
#3563 = CARTESIAN_POINT('',(-6.534493,-7.065292,6.3));
#3564 = VECTOR('',#3565,1.);
#3565 = DIRECTION('',(-6.661338147751E-16,1.,-4.358014109917E-16));
#3566 = PCURVE('',#2897,#3567);
#3567 = DEFINITIONAL_REPRESENTATION('',(#3568),#3572);
#3568 = LINE('',#3569,#3570);
#3569 = CARTESIAN_POINT('',(2.9892225,6.534493));
#3570 = VECTOR('',#3571,1.);
#3571 = DIRECTION('',(-1.,1.110223024625E-16));
#3572 = ( GEOMETRIC_REPRESENTATION_CONTEXT(2) 
PARAMETRIC_REPRESENTATION_CONTEXT() REPRESENTATION_CONTEXT('2D SPACE',''
  ) );
#3573 = PCURVE('',#3574,#3579);
#3574 = PLANE('',#3575);
#3575 = AXIS2_PLACEMENT_3D('',#3576,#3577,#3578);
#3576 = CARTESIAN_POINT('',(-6.534493,-7.065292,6.3));
#3577 = DIRECTION('',(-1.,-6.661338147751E-16,-2.68331848852E-16));
#3578 = DIRECTION('',(-6.661338147751E-16,1.,-4.358014109917E-16));
#3579 = DEFINITIONAL_REPRESENTATION('',(#3580),#3584);
#3580 = LINE('',#3581,#3582);
#3581 = CARTESIAN_POINT('',(0.,0.));
#3582 = VECTOR('',#3583,1.);
#3583 = DIRECTION('',(1.,-4.930380657631E-32));
#3584 = ( GEOMETRIC_REPRESENTATION_CONTEXT(2) 
PARAMETRIC_REPRESENTATION_CONTEXT() REPRESENTATION_CONTEXT('2D SPACE',''
  ) );
#3585 = ORIENTED_EDGE('',*,*,#3586,.F.);
#3586 = EDGE_CURVE('',#3443,#3559,#3587,.T.);
#3587 = SURFACE_CURVE('',#3588,(#3592,#3599),.PCURVE_S1.);
#3588 = LINE('',#3589,#3590);
#3589 = CARTESIAN_POINT('',(-1.085507,-7.065292,6.3));
#3590 = VECTOR('',#3591,1.);
#3591 = DIRECTION('',(-1.,-6.661338147751E-16,-2.68331848852E-16));
#3592 = PCURVE('',#2897,#3593);
#3593 = DEFINITIONAL_REPRESENTATION('',(#3594),#3598);
#3594 = LINE('',#3595,#3596);
#3595 = CARTESIAN_POINT('',(2.9892225,1.085507));
#3596 = VECTOR('',#3597,1.);
#3597 = DIRECTION('',(1.110223024625E-16,1.));
#3598 = ( GEOMETRIC_REPRESENTATION_CONTEXT(2) 
PARAMETRIC_REPRESENTATION_CONTEXT() REPRESENTATION_CONTEXT('2D SPACE',''
  ) );
#3599 = PCURVE('',#3600,#3605);
#3600 = PLANE('',#3601);
#3601 = AXIS2_PLACEMENT_3D('',#3602,#3603,#3604);
#3602 = CARTESIAN_POINT('',(-1.085507,-7.065292,6.3));
#3603 = DIRECTION('',(6.661338147751E-16,-1.,4.358014109917E-16));
#3604 = DIRECTION('',(-1.,-6.661338147751E-16,-2.68331848852E-16));
#3605 = DEFINITIONAL_REPRESENTATION('',(#3606),#3610);
#3606 = LINE('',#3607,#3608);
#3607 = CARTESIAN_POINT('',(2.22044604925E-16,-5.958163936715E-32));
#3608 = VECTOR('',#3609,1.);
#3609 = DIRECTION('',(1.,0.));
#3610 = ( GEOMETRIC_REPRESENTATION_CONTEXT(2) 
PARAMETRIC_REPRESENTATION_CONTEXT() REPRESENTATION_CONTEXT('2D SPACE',''
  ) );
#3611 = ADVANCED_FACE('',(#3612),#2925,.T.);
#3612 = FACE_BOUND('',#3613,.T.);
#3613 = EDGE_LOOP('',(#3614,#3637,#3665,#3686));
#3614 = ORIENTED_EDGE('',*,*,#3615,.T.);
#3615 = EDGE_CURVE('',#2882,#3616,#3618,.T.);
#3616 = VERTEX_POINT('',#3617);
#3617 = CARTESIAN_POINT('',(-6.534493,-1.121769656322E-15,7.3));
#3618 = SURFACE_CURVE('',#3619,(#3623,#3630),.PCURVE_S1.);
#3619 = LINE('',#3620,#3621);
#3620 = CARTESIAN_POINT('',(-6.534493,-1.557571067313E-15,6.3));
#3621 = VECTOR('',#3622,1.);
#3622 = DIRECTION('',(-2.68331848852E-16,4.358014109917E-16,1.));
#3623 = PCURVE('',#2925,#3624);
#3624 = DEFINITIONAL_REPRESENTATION('',(#3625),#3629);
#3625 = LINE('',#3626,#3627);
#3626 = CARTESIAN_POINT('',(0.,0.));
#3627 = VECTOR('',#3628,1.);
#3628 = DIRECTION('',(4.930380657631E-32,-1.));
#3629 = ( GEOMETRIC_REPRESENTATION_CONTEXT(2) 
PARAMETRIC_REPRESENTATION_CONTEXT() REPRESENTATION_CONTEXT('2D SPACE',''
  ) );
#3630 = PCURVE('',#3574,#3631);
#3631 = DEFINITIONAL_REPRESENTATION('',(#3632),#3636);
#3632 = LINE('',#3633,#3634);
#3633 = CARTESIAN_POINT('',(7.065292,-4.14528963568E-16));
#3634 = VECTOR('',#3635,1.);
#3635 = DIRECTION('',(0.,-1.));
#3636 = ( GEOMETRIC_REPRESENTATION_CONTEXT(2) 
PARAMETRIC_REPRESENTATION_CONTEXT() REPRESENTATION_CONTEXT('2D SPACE',''
  ) );
#3637 = ORIENTED_EDGE('',*,*,#3638,.T.);
#3638 = EDGE_CURVE('',#3616,#3639,#3641,.T.);
#3639 = VERTEX_POINT('',#3640);
#3640 = CARTESIAN_POINT('',(-1.085507,2.507984174515E-15,7.3));
#3641 = SURFACE_CURVE('',#3642,(#3646,#3653),.PCURVE_S1.);
#3642 = LINE('',#3643,#3644);
#3643 = CARTESIAN_POINT('',(-6.534493,-1.121769656322E-15,7.3));
#3644 = VECTOR('',#3645,1.);
#3645 = DIRECTION('',(1.,6.661338147751E-16,2.68331848852E-16));
#3646 = PCURVE('',#2925,#3647);
#3647 = DEFINITIONAL_REPRESENTATION('',(#3648),#3652);
#3648 = LINE('',#3649,#3650);
#3649 = CARTESIAN_POINT('',(2.68331848852E-16,-1.));
#3650 = VECTOR('',#3651,1.);
#3651 = DIRECTION('',(1.,0.));
#3652 = ( GEOMETRIC_REPRESENTATION_CONTEXT(2) 
PARAMETRIC_REPRESENTATION_CONTEXT() REPRESENTATION_CONTEXT('2D SPACE',''
  ) );
#3653 = PCURVE('',#3654,#3659);
#3654 = PLANE('',#3655);
#3655 = AXIS2_PLACEMENT_3D('',#3656,#3657,#3658);
#3656 = CARTESIAN_POINT('',(-3.81,-3.532646,7.3));
#3657 = DIRECTION('',(3.259976882672E-16,-3.771302387927E-16,-1.));
#3658 = DIRECTION('',(4.440892098501E-16,-1.,3.771302387927E-16));
#3659 = DEFINITIONAL_REPRESENTATION('',(#3660),#3664);
#3660 = LINE('',#3661,#3662);
#3661 = CARTESIAN_POINT('',(-3.532646,2.724493));
#3662 = VECTOR('',#3663,1.);
#3663 = DIRECTION('',(-2.22044604925E-16,-1.));
#3664 = ( GEOMETRIC_REPRESENTATION_CONTEXT(2) 
PARAMETRIC_REPRESENTATION_CONTEXT() REPRESENTATION_CONTEXT('2D SPACE',''
  ) );
#3665 = ORIENTED_EDGE('',*,*,#3666,.F.);
#3666 = EDGE_CURVE('',#2910,#3639,#3667,.T.);
#3667 = SURFACE_CURVE('',#3668,(#3672,#3679),.PCURVE_S1.);
#3668 = LINE('',#3669,#3670);
#3669 = CARTESIAN_POINT('',(-1.085507,2.072182763523E-15,6.3));
#3670 = VECTOR('',#3671,1.);
#3671 = DIRECTION('',(-2.68331848852E-16,4.358014109917E-16,1.));
#3672 = PCURVE('',#2925,#3673);
#3673 = DEFINITIONAL_REPRESENTATION('',(#3674),#3678);
#3674 = LINE('',#3675,#3676);
#3675 = CARTESIAN_POINT('',(5.448986,-3.142203516516E-16));
#3676 = VECTOR('',#3677,1.);
#3677 = DIRECTION('',(4.930380657631E-32,-1.));
#3678 = ( GEOMETRIC_REPRESENTATION_CONTEXT(2) 
PARAMETRIC_REPRESENTATION_CONTEXT() REPRESENTATION_CONTEXT('2D SPACE',''
  ) );
#3679 = PCURVE('',#3458,#3680);
#3680 = DEFINITIONAL_REPRESENTATION('',(#3681),#3685);
#3681 = LINE('',#3682,#3683);
#3682 = CARTESIAN_POINT('',(0.,0.));
#3683 = VECTOR('',#3684,1.);
#3684 = DIRECTION('',(0.,-1.));
#3685 = ( GEOMETRIC_REPRESENTATION_CONTEXT(2) 
PARAMETRIC_REPRESENTATION_CONTEXT() REPRESENTATION_CONTEXT('2D SPACE',''
  ) );
#3686 = ORIENTED_EDGE('',*,*,#2909,.F.);
#3687 = ADVANCED_FACE('',(#3688),#2976,.T.);
#3688 = FACE_BOUND('',#3689,.T.);
#3689 = EDGE_LOOP('',(#3690,#3713,#3741,#3762));
#3690 = ORIENTED_EDGE('',*,*,#3691,.T.);
#3691 = EDGE_CURVE('',#2938,#3692,#3694,.T.);
#3692 = VERTEX_POINT('',#3693);
#3693 = CARTESIAN_POINT('',(1.085507,2.626118121584E-15,7.3));
#3694 = SURFACE_CURVE('',#3695,(#3699,#3706),.PCURVE_S1.);
#3695 = LINE('',#3696,#3697);
#3696 = CARTESIAN_POINT('',(1.085507,2.6645352591E-15,6.3));
#3697 = VECTOR('',#3698,1.);
#3698 = DIRECTION('',(-2.68331848852E-16,4.358014109917E-16,1.));
#3699 = PCURVE('',#2976,#3700);
#3700 = DEFINITIONAL_REPRESENTATION('',(#3701),#3705);
#3701 = LINE('',#3702,#3703);
#3702 = CARTESIAN_POINT('',(0.,0.));
#3703 = VECTOR('',#3704,1.);
#3704 = DIRECTION('',(0.,-1.));
#3705 = ( GEOMETRIC_REPRESENTATION_CONTEXT(2) 
PARAMETRIC_REPRESENTATION_CONTEXT() REPRESENTATION_CONTEXT('2D SPACE',''
  ) );
#3706 = PCURVE('',#3487,#3707);
#3707 = DEFINITIONAL_REPRESENTATION('',(#3708),#3712);
#3708 = LINE('',#3709,#3710);
#3709 = CARTESIAN_POINT('',(7.065292,-4.14528963568E-16));
#3710 = VECTOR('',#3711,1.);
#3711 = DIRECTION('',(0.,-1.));
#3712 = ( GEOMETRIC_REPRESENTATION_CONTEXT(2) 
PARAMETRIC_REPRESENTATION_CONTEXT() REPRESENTATION_CONTEXT('2D SPACE',''
  ) );
#3713 = ORIENTED_EDGE('',*,*,#3714,.T.);
#3714 = EDGE_CURVE('',#3692,#3715,#3717,.T.);
#3715 = VERTEX_POINT('',#3716);
#3716 = CARTESIAN_POINT('',(6.534493,3.836036065196E-15,7.3));
#3717 = SURFACE_CURVE('',#3718,(#3722,#3729),.PCURVE_S1.);
#3718 = LINE('',#3719,#3720);
#3719 = CARTESIAN_POINT('',(1.085507,2.6645352591E-15,7.3));
#3720 = VECTOR('',#3721,1.);
#3721 = DIRECTION('',(1.,2.22044604925E-16,2.68331848852E-16));
#3722 = PCURVE('',#2976,#3723);
#3723 = DEFINITIONAL_REPRESENTATION('',(#3724),#3728);
#3724 = LINE('',#3725,#3726);
#3725 = CARTESIAN_POINT('',(2.68331848852E-16,-1.));
#3726 = VECTOR('',#3727,1.);
#3727 = DIRECTION('',(1.,4.930380657631E-32));
#3728 = ( GEOMETRIC_REPRESENTATION_CONTEXT(2) 
PARAMETRIC_REPRESENTATION_CONTEXT() REPRESENTATION_CONTEXT('2D SPACE',''
  ) );
#3729 = PCURVE('',#3730,#3735);
#3730 = PLANE('',#3731);
#3731 = AXIS2_PLACEMENT_3D('',#3732,#3733,#3734);
#3732 = CARTESIAN_POINT('',(3.81,-3.532646,7.3));
#3733 = DIRECTION('',(3.259976882672E-16,-3.771302387927E-16,-1.));
#3734 = DIRECTION('',(-5.083853261067E-33,-1.,3.771302387927E-16));
#3735 = DEFINITIONAL_REPRESENTATION('',(#3736),#3740);
#3736 = LINE('',#3737,#3738);
#3737 = CARTESIAN_POINT('',(-3.532646,2.724493));
#3738 = VECTOR('',#3739,1.);
#3739 = DIRECTION('',(-2.22044604925E-16,-1.));
#3740 = ( GEOMETRIC_REPRESENTATION_CONTEXT(2) 
PARAMETRIC_REPRESENTATION_CONTEXT() REPRESENTATION_CONTEXT('2D SPACE',''
  ) );
#3741 = ORIENTED_EDGE('',*,*,#3742,.F.);
#3742 = EDGE_CURVE('',#2961,#3715,#3743,.T.);
#3743 = SURFACE_CURVE('',#3744,(#3748,#3755),.PCURVE_S1.);
#3744 = LINE('',#3745,#3746);
#3745 = CARTESIAN_POINT('',(6.534493,3.552713678801E-15,6.3));
#3746 = VECTOR('',#3747,1.);
#3747 = DIRECTION('',(-2.68331848852E-16,4.358014109917E-16,1.));
#3748 = PCURVE('',#2976,#3749);
#3749 = DEFINITIONAL_REPRESENTATION('',(#3750),#3754);
#3750 = LINE('',#3751,#3752);
#3751 = CARTESIAN_POINT('',(5.448986,-3.142203516516E-16));
#3752 = VECTOR('',#3753,1.);
#3753 = DIRECTION('',(0.,-1.));
#3754 = ( GEOMETRIC_REPRESENTATION_CONTEXT(2) 
PARAMETRIC_REPRESENTATION_CONTEXT() REPRESENTATION_CONTEXT('2D SPACE',''
  ) );
#3755 = PCURVE('',#3541,#3756);
#3756 = DEFINITIONAL_REPRESENTATION('',(#3757),#3761);
#3757 = LINE('',#3758,#3759);
#3758 = CARTESIAN_POINT('',(0.,0.));
#3759 = VECTOR('',#3760,1.);
#3760 = DIRECTION('',(0.,-1.));
#3761 = ( GEOMETRIC_REPRESENTATION_CONTEXT(2) 
PARAMETRIC_REPRESENTATION_CONTEXT() REPRESENTATION_CONTEXT('2D SPACE',''
  ) );
#3762 = ORIENTED_EDGE('',*,*,#2960,.F.);
#3763 = ADVANCED_FACE('',(#3764),#3132,.T.);
#3764 = FACE_BOUND('',#3765,.T.);
#3765 = EDGE_LOOP('',(#3766,#3767,#3788,#3789));
#3766 = ORIENTED_EDGE('',*,*,#3116,.T.);
#3767 = ORIENTED_EDGE('',*,*,#3768,.T.);
#3768 = EDGE_CURVE('',#3089,#3221,#3769,.T.);
#3769 = SURFACE_CURVE('',#3770,(#3774,#3781),.PCURVE_S1.);
#3770 = LINE('',#3771,#3772);
#3771 = CARTESIAN_POINT('',(-3.21,0.45,-4.));
#3772 = VECTOR('',#3773,1.);
#3773 = DIRECTION('',(-1.,-3.330669073875E-16,-2.68331848852E-16));
#3774 = PCURVE('',#3132,#3775);
#3775 = DEFINITIONAL_REPRESENTATION('',(#3776),#3780);
#3776 = LINE('',#3777,#3778);
#3777 = CARTESIAN_POINT('',(1.878322941964E-17,-10.));
#3778 = VECTOR('',#3779,1.);
#3779 = DIRECTION('',(1.,-4.930380657631E-32));
#3780 = ( GEOMETRIC_REPRESENTATION_CONTEXT(2) 
PARAMETRIC_REPRESENTATION_CONTEXT() REPRESENTATION_CONTEXT('2D SPACE',''
  ) );
#3781 = PCURVE('',#3104,#3782);
#3782 = DEFINITIONAL_REPRESENTATION('',(#3783),#3787);
#3783 = LINE('',#3784,#3785);
#3784 = CARTESIAN_POINT('',(0.45,-0.6));
#3785 = VECTOR('',#3786,1.);
#3786 = DIRECTION('',(-2.22044604925E-16,1.));
#3787 = ( GEOMETRIC_REPRESENTATION_CONTEXT(2) 
PARAMETRIC_REPRESENTATION_CONTEXT() REPRESENTATION_CONTEXT('2D SPACE',''
  ) );
#3788 = ORIENTED_EDGE('',*,*,#3218,.F.);
#3789 = ORIENTED_EDGE('',*,*,#3415,.F.);
#3790 = ADVANCED_FACE('',(#3791),#3104,.F.);
#3791 = FACE_BOUND('',#3792,.F.);
#3792 = EDGE_LOOP('',(#3793,#3794,#3795,#3796));
#3793 = ORIENTED_EDGE('',*,*,#3243,.T.);
#3794 = ORIENTED_EDGE('',*,*,#3192,.T.);
#3795 = ORIENTED_EDGE('',*,*,#3088,.T.);
#3796 = ORIENTED_EDGE('',*,*,#3768,.T.);
#3797 = ADVANCED_FACE('',(#3798),#3458,.T.);
#3798 = FACE_BOUND('',#3799,.T.);
#3799 = EDGE_LOOP('',(#3800,#3801,#3824,#3845));
#3800 = ORIENTED_EDGE('',*,*,#3666,.T.);
#3801 = ORIENTED_EDGE('',*,*,#3802,.T.);
#3802 = EDGE_CURVE('',#3639,#3803,#3805,.T.);
#3803 = VERTEX_POINT('',#3804);
#3804 = CARTESIAN_POINT('',(-1.085507,-7.065292,7.3));
#3805 = SURFACE_CURVE('',#3806,(#3810,#3817),.PCURVE_S1.);
#3806 = LINE('',#3807,#3808);
#3807 = CARTESIAN_POINT('',(-1.085507,2.507984174515E-15,7.3));
#3808 = VECTOR('',#3809,1.);
#3809 = DIRECTION('',(6.661338147751E-16,-1.,4.358014109917E-16));
#3810 = PCURVE('',#3458,#3811);
#3811 = DEFINITIONAL_REPRESENTATION('',(#3812),#3816);
#3812 = LINE('',#3813,#3814);
#3813 = CARTESIAN_POINT('',(3.944304526105E-31,-1.));
#3814 = VECTOR('',#3815,1.);
#3815 = DIRECTION('',(1.,4.930380657631E-32));
#3816 = ( GEOMETRIC_REPRESENTATION_CONTEXT(2) 
PARAMETRIC_REPRESENTATION_CONTEXT() REPRESENTATION_CONTEXT('2D SPACE',''
  ) );
#3817 = PCURVE('',#3654,#3818);
#3818 = DEFINITIONAL_REPRESENTATION('',(#3819),#3823);
#3819 = LINE('',#3820,#3821);
#3820 = CARTESIAN_POINT('',(-3.532646,-2.724493));
#3821 = VECTOR('',#3822,1.);
#3822 = DIRECTION('',(1.,-2.22044604925E-16));
#3823 = ( GEOMETRIC_REPRESENTATION_CONTEXT(2) 
PARAMETRIC_REPRESENTATION_CONTEXT() REPRESENTATION_CONTEXT('2D SPACE',''
  ) );
#3824 = ORIENTED_EDGE('',*,*,#3825,.F.);
#3825 = EDGE_CURVE('',#3443,#3803,#3826,.T.);
#3826 = SURFACE_CURVE('',#3827,(#3831,#3838),.PCURVE_S1.);
#3827 = LINE('',#3828,#3829);
#3828 = CARTESIAN_POINT('',(-1.085507,-7.065292,6.3));
#3829 = VECTOR('',#3830,1.);
#3830 = DIRECTION('',(-2.68331848852E-16,4.358014109917E-16,1.));
#3831 = PCURVE('',#3458,#3832);
#3832 = DEFINITIONAL_REPRESENTATION('',(#3833),#3837);
#3833 = LINE('',#3834,#3835);
#3834 = CARTESIAN_POINT('',(7.065292,4.14528963568E-16));
#3835 = VECTOR('',#3836,1.);
#3836 = DIRECTION('',(0.,-1.));
#3837 = ( GEOMETRIC_REPRESENTATION_CONTEXT(2) 
PARAMETRIC_REPRESENTATION_CONTEXT() REPRESENTATION_CONTEXT('2D SPACE',''
  ) );
#3838 = PCURVE('',#3600,#3839);
#3839 = DEFINITIONAL_REPRESENTATION('',(#3840),#3844);
#3840 = LINE('',#3841,#3842);
#3841 = CARTESIAN_POINT('',(-0.,0.));
#3842 = VECTOR('',#3843,1.);
#3843 = DIRECTION('',(-4.930380657631E-32,-1.));
#3844 = ( GEOMETRIC_REPRESENTATION_CONTEXT(2) 
PARAMETRIC_REPRESENTATION_CONTEXT() REPRESENTATION_CONTEXT('2D SPACE',''
  ) );
#3845 = ORIENTED_EDGE('',*,*,#3442,.F.);
#3846 = ADVANCED_FACE('',(#3847),#3600,.T.);
#3847 = FACE_BOUND('',#3848,.T.);
#3848 = EDGE_LOOP('',(#3849,#3850,#3873,#3894));
#3849 = ORIENTED_EDGE('',*,*,#3825,.T.);
#3850 = ORIENTED_EDGE('',*,*,#3851,.T.);
#3851 = EDGE_CURVE('',#3803,#3852,#3854,.T.);
#3852 = VERTEX_POINT('',#3853);
#3853 = CARTESIAN_POINT('',(-6.534493,-7.065292,7.3));
#3854 = SURFACE_CURVE('',#3855,(#3859,#3866),.PCURVE_S1.);
#3855 = LINE('',#3856,#3857);
#3856 = CARTESIAN_POINT('',(-1.085507,-7.065292,7.3));
#3857 = VECTOR('',#3858,1.);
#3858 = DIRECTION('',(-1.,-6.661338147751E-16,-2.68331848852E-16));
#3859 = PCURVE('',#3600,#3860);
#3860 = DEFINITIONAL_REPRESENTATION('',(#3861),#3865);
#3861 = LINE('',#3862,#3863);
#3862 = CARTESIAN_POINT('',(1.757573609981E-16,-1.));
#3863 = VECTOR('',#3864,1.);
#3864 = DIRECTION('',(1.,0.));
#3865 = ( GEOMETRIC_REPRESENTATION_CONTEXT(2) 
PARAMETRIC_REPRESENTATION_CONTEXT() REPRESENTATION_CONTEXT('2D SPACE',''
  ) );
#3866 = PCURVE('',#3654,#3867);
#3867 = DEFINITIONAL_REPRESENTATION('',(#3868),#3872);
#3868 = LINE('',#3869,#3870);
#3869 = CARTESIAN_POINT('',(3.532646,-2.724493));
#3870 = VECTOR('',#3871,1.);
#3871 = DIRECTION('',(2.22044604925E-16,1.));
#3872 = ( GEOMETRIC_REPRESENTATION_CONTEXT(2) 
PARAMETRIC_REPRESENTATION_CONTEXT() REPRESENTATION_CONTEXT('2D SPACE',''
  ) );
#3873 = ORIENTED_EDGE('',*,*,#3874,.F.);
#3874 = EDGE_CURVE('',#3559,#3852,#3875,.T.);
#3875 = SURFACE_CURVE('',#3876,(#3880,#3887),.PCURVE_S1.);
#3876 = LINE('',#3877,#3878);
#3877 = CARTESIAN_POINT('',(-6.534493,-7.065292,6.3));
#3878 = VECTOR('',#3879,1.);
#3879 = DIRECTION('',(-2.68331848852E-16,4.358014109917E-16,1.));
#3880 = PCURVE('',#3600,#3881);
#3881 = DEFINITIONAL_REPRESENTATION('',(#3882),#3886);
#3882 = LINE('',#3883,#3884);
#3883 = CARTESIAN_POINT('',(5.448986,3.142203516516E-16));
#3884 = VECTOR('',#3885,1.);
#3885 = DIRECTION('',(-4.930380657631E-32,-1.));
#3886 = ( GEOMETRIC_REPRESENTATION_CONTEXT(2) 
PARAMETRIC_REPRESENTATION_CONTEXT() REPRESENTATION_CONTEXT('2D SPACE',''
  ) );
#3887 = PCURVE('',#3574,#3888);
#3888 = DEFINITIONAL_REPRESENTATION('',(#3889),#3893);
#3889 = LINE('',#3890,#3891);
#3890 = CARTESIAN_POINT('',(0.,0.));
#3891 = VECTOR('',#3892,1.);
#3892 = DIRECTION('',(0.,-1.));
#3893 = ( GEOMETRIC_REPRESENTATION_CONTEXT(2) 
PARAMETRIC_REPRESENTATION_CONTEXT() REPRESENTATION_CONTEXT('2D SPACE',''
  ) );
#3894 = ORIENTED_EDGE('',*,*,#3586,.F.);
#3895 = ADVANCED_FACE('',(#3896),#3574,.T.);
#3896 = FACE_BOUND('',#3897,.T.);
#3897 = EDGE_LOOP('',(#3898,#3899,#3920,#3921));
#3898 = ORIENTED_EDGE('',*,*,#3874,.T.);
#3899 = ORIENTED_EDGE('',*,*,#3900,.T.);
#3900 = EDGE_CURVE('',#3852,#3616,#3901,.T.);
#3901 = SURFACE_CURVE('',#3902,(#3906,#3913),.PCURVE_S1.);
#3902 = LINE('',#3903,#3904);
#3903 = CARTESIAN_POINT('',(-6.534493,-7.065292,7.3));
#3904 = VECTOR('',#3905,1.);
#3905 = DIRECTION('',(-6.661338147751E-16,1.,-4.358014109917E-16));
#3906 = PCURVE('',#3574,#3907);
#3907 = DEFINITIONAL_REPRESENTATION('',(#3908),#3912);
#3908 = LINE('',#3909,#3910);
#3909 = CARTESIAN_POINT('',(4.523770087084E-16,-1.));
#3910 = VECTOR('',#3911,1.);
#3911 = DIRECTION('',(1.,-4.930380657631E-32));
#3912 = ( GEOMETRIC_REPRESENTATION_CONTEXT(2) 
PARAMETRIC_REPRESENTATION_CONTEXT() REPRESENTATION_CONTEXT('2D SPACE',''
  ) );
#3913 = PCURVE('',#3654,#3914);
#3914 = DEFINITIONAL_REPRESENTATION('',(#3915),#3919);
#3915 = LINE('',#3916,#3917);
#3916 = CARTESIAN_POINT('',(3.532646,2.724493));
#3917 = VECTOR('',#3918,1.);
#3918 = DIRECTION('',(-1.,2.22044604925E-16));
#3919 = ( GEOMETRIC_REPRESENTATION_CONTEXT(2) 
PARAMETRIC_REPRESENTATION_CONTEXT() REPRESENTATION_CONTEXT('2D SPACE',''
  ) );
#3920 = ORIENTED_EDGE('',*,*,#3615,.F.);
#3921 = ORIENTED_EDGE('',*,*,#3558,.F.);
#3922 = ADVANCED_FACE('',(#3923),#3541,.T.);
#3923 = FACE_BOUND('',#3924,.T.);
#3924 = EDGE_LOOP('',(#3925,#3926,#3949,#3970));
#3925 = ORIENTED_EDGE('',*,*,#3742,.T.);
#3926 = ORIENTED_EDGE('',*,*,#3927,.T.);
#3927 = EDGE_CURVE('',#3715,#3928,#3930,.T.);
#3928 = VERTEX_POINT('',#3929);
#3929 = CARTESIAN_POINT('',(6.534493,-7.065292,7.3));
#3930 = SURFACE_CURVE('',#3931,(#3935,#3942),.PCURVE_S1.);
#3931 = LINE('',#3932,#3933);
#3932 = CARTESIAN_POINT('',(6.534493,4.440892098501E-15,7.3));
#3933 = VECTOR('',#3934,1.);
#3934 = DIRECTION('',(2.22044604925E-16,-1.,4.358014109917E-16));
#3935 = PCURVE('',#3541,#3936);
#3936 = DEFINITIONAL_REPRESENTATION('',(#3937),#3941);
#3937 = LINE('',#3938,#3939);
#3938 = CARTESIAN_POINT('',(-4.523770087084E-16,-1.));
#3939 = VECTOR('',#3940,1.);
#3940 = DIRECTION('',(1.,4.930380657631E-32));
#3941 = ( GEOMETRIC_REPRESENTATION_CONTEXT(2) 
PARAMETRIC_REPRESENTATION_CONTEXT() REPRESENTATION_CONTEXT('2D SPACE',''
  ) );
#3942 = PCURVE('',#3730,#3943);
#3943 = DEFINITIONAL_REPRESENTATION('',(#3944),#3948);
#3944 = LINE('',#3945,#3946);
#3945 = CARTESIAN_POINT('',(-3.532646,-2.724493));
#3946 = VECTOR('',#3947,1.);
#3947 = DIRECTION('',(1.,-2.22044604925E-16));
#3948 = ( GEOMETRIC_REPRESENTATION_CONTEXT(2) 
PARAMETRIC_REPRESENTATION_CONTEXT() REPRESENTATION_CONTEXT('2D SPACE',''
  ) );
#3949 = ORIENTED_EDGE('',*,*,#3950,.F.);
#3950 = EDGE_CURVE('',#3500,#3928,#3951,.T.);
#3951 = SURFACE_CURVE('',#3952,(#3956,#3963),.PCURVE_S1.);
#3952 = LINE('',#3953,#3954);
#3953 = CARTESIAN_POINT('',(6.534493,-7.065292,6.3));
#3954 = VECTOR('',#3955,1.);
#3955 = DIRECTION('',(-2.68331848852E-16,4.358014109917E-16,1.));
#3956 = PCURVE('',#3541,#3957);
#3957 = DEFINITIONAL_REPRESENTATION('',(#3958),#3962);
#3958 = LINE('',#3959,#3960);
#3959 = CARTESIAN_POINT('',(7.065292,4.14528963568E-16));
#3960 = VECTOR('',#3961,1.);
#3961 = DIRECTION('',(0.,-1.));
#3962 = ( GEOMETRIC_REPRESENTATION_CONTEXT(2) 
PARAMETRIC_REPRESENTATION_CONTEXT() REPRESENTATION_CONTEXT('2D SPACE',''
  ) );
#3963 = PCURVE('',#3515,#3964);
#3964 = DEFINITIONAL_REPRESENTATION('',(#3965),#3969);
#3965 = LINE('',#3966,#3967);
#3966 = CARTESIAN_POINT('',(-0.,0.));
#3967 = VECTOR('',#3968,1.);
#3968 = DIRECTION('',(0.,-1.));
#3969 = ( GEOMETRIC_REPRESENTATION_CONTEXT(2) 
PARAMETRIC_REPRESENTATION_CONTEXT() REPRESENTATION_CONTEXT('2D SPACE',''
  ) );
#3970 = ORIENTED_EDGE('',*,*,#3527,.F.);
#3971 = ADVANCED_FACE('',(#3972),#3515,.T.);
#3972 = FACE_BOUND('',#3973,.T.);
#3973 = EDGE_LOOP('',(#3974,#3975,#3998,#4019));
#3974 = ORIENTED_EDGE('',*,*,#3950,.T.);
#3975 = ORIENTED_EDGE('',*,*,#3976,.T.);
#3976 = EDGE_CURVE('',#3928,#3977,#3979,.T.);
#3977 = VERTEX_POINT('',#3978);
#3978 = CARTESIAN_POINT('',(1.085507,-7.065292,7.3));
#3979 = SURFACE_CURVE('',#3980,(#3984,#3991),.PCURVE_S1.);
#3980 = LINE('',#3981,#3982);
#3981 = CARTESIAN_POINT('',(6.534493,-7.065292,7.3));
#3982 = VECTOR('',#3983,1.);
#3983 = DIRECTION('',(-1.,-2.22044604925E-16,-2.68331848852E-16));
#3984 = PCURVE('',#3515,#3985);
#3985 = DEFINITIONAL_REPRESENTATION('',(#3986),#3990);
#3986 = LINE('',#3987,#3988);
#3987 = CARTESIAN_POINT('',(-2.68331848852E-16,-1.));
#3988 = VECTOR('',#3989,1.);
#3989 = DIRECTION('',(1.,-4.930380657631E-32));
#3990 = ( GEOMETRIC_REPRESENTATION_CONTEXT(2) 
PARAMETRIC_REPRESENTATION_CONTEXT() REPRESENTATION_CONTEXT('2D SPACE',''
  ) );
#3991 = PCURVE('',#3730,#3992);
#3992 = DEFINITIONAL_REPRESENTATION('',(#3993),#3997);
#3993 = LINE('',#3994,#3995);
#3994 = CARTESIAN_POINT('',(3.532646,-2.724493));
#3995 = VECTOR('',#3996,1.);
#3996 = DIRECTION('',(2.22044604925E-16,1.));
#3997 = ( GEOMETRIC_REPRESENTATION_CONTEXT(2) 
PARAMETRIC_REPRESENTATION_CONTEXT() REPRESENTATION_CONTEXT('2D SPACE',''
  ) );
#3998 = ORIENTED_EDGE('',*,*,#3999,.F.);
#3999 = EDGE_CURVE('',#3472,#3977,#4000,.T.);
#4000 = SURFACE_CURVE('',#4001,(#4005,#4012),.PCURVE_S1.);
#4001 = LINE('',#4002,#4003);
#4002 = CARTESIAN_POINT('',(1.085507,-7.065292,6.3));
#4003 = VECTOR('',#4004,1.);
#4004 = DIRECTION('',(-2.68331848852E-16,4.358014109917E-16,1.));
#4005 = PCURVE('',#3515,#4006);
#4006 = DEFINITIONAL_REPRESENTATION('',(#4007),#4011);
#4007 = LINE('',#4008,#4009);
#4008 = CARTESIAN_POINT('',(5.448986,3.142203516516E-16));
#4009 = VECTOR('',#4010,1.);
#4010 = DIRECTION('',(0.,-1.));
#4011 = ( GEOMETRIC_REPRESENTATION_CONTEXT(2) 
PARAMETRIC_REPRESENTATION_CONTEXT() REPRESENTATION_CONTEXT('2D SPACE',''
  ) );
#4012 = PCURVE('',#3487,#4013);
#4013 = DEFINITIONAL_REPRESENTATION('',(#4014),#4018);
#4014 = LINE('',#4015,#4016);
#4015 = CARTESIAN_POINT('',(0.,0.));
#4016 = VECTOR('',#4017,1.);
#4017 = DIRECTION('',(0.,-1.));
#4018 = ( GEOMETRIC_REPRESENTATION_CONTEXT(2) 
PARAMETRIC_REPRESENTATION_CONTEXT() REPRESENTATION_CONTEXT('2D SPACE',''
  ) );
#4019 = ORIENTED_EDGE('',*,*,#3499,.F.);
#4020 = ADVANCED_FACE('',(#4021),#3487,.T.);
#4021 = FACE_BOUND('',#4022,.T.);
#4022 = EDGE_LOOP('',(#4023,#4024,#4045,#4046));
#4023 = ORIENTED_EDGE('',*,*,#3999,.T.);
#4024 = ORIENTED_EDGE('',*,*,#4025,.T.);
#4025 = EDGE_CURVE('',#3977,#3692,#4026,.T.);
#4026 = SURFACE_CURVE('',#4027,(#4031,#4038),.PCURVE_S1.);
#4027 = LINE('',#4028,#4029);
#4028 = CARTESIAN_POINT('',(1.085507,-7.065292,7.3));
#4029 = VECTOR('',#4030,1.);
#4030 = DIRECTION('',(-2.22044604925E-16,1.,-4.358014109917E-16));
#4031 = PCURVE('',#3487,#4032);
#4032 = DEFINITIONAL_REPRESENTATION('',(#4033),#4037);
#4033 = LINE('',#4034,#4035);
#4034 = CARTESIAN_POINT('',(1.340555428409E-15,-1.));
#4035 = VECTOR('',#4036,1.);
#4036 = DIRECTION('',(1.,-4.930380657631E-32));
#4037 = ( GEOMETRIC_REPRESENTATION_CONTEXT(2) 
PARAMETRIC_REPRESENTATION_CONTEXT() REPRESENTATION_CONTEXT('2D SPACE',''
  ) );
#4038 = PCURVE('',#3730,#4039);
#4039 = DEFINITIONAL_REPRESENTATION('',(#4040),#4044);
#4040 = LINE('',#4041,#4042);
#4041 = CARTESIAN_POINT('',(3.532646,2.724493));
#4042 = VECTOR('',#4043,1.);
#4043 = DIRECTION('',(-1.,2.22044604925E-16));
#4044 = ( GEOMETRIC_REPRESENTATION_CONTEXT(2) 
PARAMETRIC_REPRESENTATION_CONTEXT() REPRESENTATION_CONTEXT('2D SPACE',''
  ) );
#4045 = ORIENTED_EDGE('',*,*,#3691,.F.);
#4046 = ORIENTED_EDGE('',*,*,#3471,.F.);
#4047 = ADVANCED_FACE('',(#4048,#4054),#3654,.F.);
#4048 = FACE_BOUND('',#4049,.F.);
#4049 = EDGE_LOOP('',(#4050,#4051,#4052,#4053));
#4050 = ORIENTED_EDGE('',*,*,#3802,.T.);
#4051 = ORIENTED_EDGE('',*,*,#3851,.T.);
#4052 = ORIENTED_EDGE('',*,*,#3900,.T.);
#4053 = ORIENTED_EDGE('',*,*,#3638,.T.);
#4054 = FACE_BOUND('',#4055,.F.);
#4055 = EDGE_LOOP('',(#4056));
#4056 = ORIENTED_EDGE('',*,*,#4057,.T.);
#4057 = EDGE_CURVE('',#4058,#4058,#4060,.T.);
#4058 = VERTEX_POINT('',#4059);
#4059 = CARTESIAN_POINT('',(-3.81,-6.18095,7.3));
#4060 = SURFACE_CURVE('',#4061,(#4066,#4077),.PCURVE_S1.);
#4061 = CIRCLE('',#4062,2.63095);
#4062 = AXIS2_PLACEMENT_3D('',#4063,#4064,#4065);
#4063 = CARTESIAN_POINT('',(-3.81,-3.55,7.3));
#4064 = DIRECTION('',(-3.259976882672E-16,3.771302387927E-16,1.));
#4065 = DIRECTION('',(5.551115123126E-16,-1.,3.771302387927E-16));
#4066 = PCURVE('',#3654,#4067);
#4067 = DEFINITIONAL_REPRESENTATION('',(#4068),#4076);
#4068 = ( BOUNDED_CURVE() B_SPLINE_CURVE(2,(#4069,#4070,#4071,#4072,
#4073,#4074,#4075),.UNSPECIFIED.,.T.,.F.) B_SPLINE_CURVE_WITH_KNOTS((1,2
    ,2,2,2,1),(-2.094395102393,0.,2.094395102393,4.188790204786,
6.28318530718,8.377580409573),.UNSPECIFIED.) CURVE() 
GEOMETRIC_REPRESENTATION_ITEM() RATIONAL_B_SPLINE_CURVE((1.,0.5,1.,0.5,
1.,0.5,1.)) REPRESENTATION_ITEM('') );
#4069 = CARTESIAN_POINT('',(2.648304,-7.323299744399E-16));
#4070 = CARTESIAN_POINT('',(2.648304,-4.556939072173));
#4071 = CARTESIAN_POINT('',(-1.298121,-2.278469536087));
#4072 = CARTESIAN_POINT('',(-5.244546,-5.00444493692E-16));
#4073 = CARTESIAN_POINT('',(-1.298121,2.278469536087));
#4074 = CARTESIAN_POINT('',(2.648304,4.556939072173));
#4075 = CARTESIAN_POINT('',(2.648304,-7.323299744399E-16));
#4076 = ( GEOMETRIC_REPRESENTATION_CONTEXT(2) 
PARAMETRIC_REPRESENTATION_CONTEXT() REPRESENTATION_CONTEXT('2D SPACE',''
  ) );
#4077 = PCURVE('',#4078,#4083);
#4078 = CYLINDRICAL_SURFACE('',#4079,2.63095);
#4079 = AXIS2_PLACEMENT_3D('',#4080,#4081,#4082);
#4080 = CARTESIAN_POINT('',(-3.81,-3.55,7.3));
#4081 = DIRECTION('',(3.259976882672E-16,-3.771302387927E-16,-1.));
#4082 = DIRECTION('',(5.551115123126E-16,-1.,3.771302387927E-16));
#4083 = DEFINITIONAL_REPRESENTATION('',(#4084),#4088);
#4084 = LINE('',#4085,#4086);
#4085 = CARTESIAN_POINT('',(-0.,0.));
#4086 = VECTOR('',#4087,1.);
#4087 = DIRECTION('',(-1.,0.));
#4088 = ( GEOMETRIC_REPRESENTATION_CONTEXT(2) 
PARAMETRIC_REPRESENTATION_CONTEXT() REPRESENTATION_CONTEXT('2D SPACE',''
  ) );
#4089 = ADVANCED_FACE('',(#4090,#4096),#3730,.F.);
#4090 = FACE_BOUND('',#4091,.F.);
#4091 = EDGE_LOOP('',(#4092,#4093,#4094,#4095));
#4092 = ORIENTED_EDGE('',*,*,#3927,.T.);
#4093 = ORIENTED_EDGE('',*,*,#3976,.T.);
#4094 = ORIENTED_EDGE('',*,*,#4025,.T.);
#4095 = ORIENTED_EDGE('',*,*,#3714,.T.);
#4096 = FACE_BOUND('',#4097,.F.);
#4097 = EDGE_LOOP('',(#4098));
#4098 = ORIENTED_EDGE('',*,*,#4099,.T.);
#4099 = EDGE_CURVE('',#4100,#4100,#4102,.T.);
#4100 = VERTEX_POINT('',#4101);
#4101 = CARTESIAN_POINT('',(3.81,-6.18095,7.3));
#4102 = SURFACE_CURVE('',#4103,(#4108,#4119),.PCURVE_S1.);
#4103 = CIRCLE('',#4104,2.63095);
#4104 = AXIS2_PLACEMENT_3D('',#4105,#4106,#4107);
#4105 = CARTESIAN_POINT('',(3.81,-3.55,7.3));
#4106 = DIRECTION('',(-3.259976882672E-16,3.771302387927E-16,1.));
#4107 = DIRECTION('',(2.22044604925E-16,-1.,3.771302387927E-16));
#4108 = PCURVE('',#3730,#4109);
#4109 = DEFINITIONAL_REPRESENTATION('',(#4110),#4118);
#4110 = ( BOUNDED_CURVE() B_SPLINE_CURVE(2,(#4111,#4112,#4113,#4114,
#4115,#4116,#4117),.UNSPECIFIED.,.T.,.F.) B_SPLINE_CURVE_WITH_KNOTS((1,2
    ,2,2,2,1),(-2.094395102393,0.,2.094395102393,4.188790204786,
6.28318530718,8.377580409573),.UNSPECIFIED.) CURVE() 
GEOMETRIC_REPRESENTATION_ITEM() RATIONAL_B_SPLINE_CURVE((1.,0.5,1.,0.5,
1.,0.5,1.)) REPRESENTATION_ITEM('') );
#4111 = CARTESIAN_POINT('',(2.648304,-1.024424101104E-15));
#4112 = CARTESIAN_POINT('',(2.648304,-4.556939072173));
#4113 = CARTESIAN_POINT('',(-1.298121,-2.278469536087));
#4114 = CARTESIAN_POINT('',(-5.244546,8.374375963548E-17));
#4115 = CARTESIAN_POINT('',(-1.298121,2.278469536087));
#4116 = CARTESIAN_POINT('',(2.648304,4.556939072173));
#4117 = CARTESIAN_POINT('',(2.648304,-1.024424101104E-15));
#4118 = ( GEOMETRIC_REPRESENTATION_CONTEXT(2) 
PARAMETRIC_REPRESENTATION_CONTEXT() REPRESENTATION_CONTEXT('2D SPACE',''
  ) );
#4119 = PCURVE('',#4120,#4125);
#4120 = CYLINDRICAL_SURFACE('',#4121,2.63095);
#4121 = AXIS2_PLACEMENT_3D('',#4122,#4123,#4124);
#4122 = CARTESIAN_POINT('',(3.81,-3.55,7.3));
#4123 = DIRECTION('',(3.259976882672E-16,-3.771302387927E-16,-1.));
#4124 = DIRECTION('',(2.22044604925E-16,-1.,3.771302387927E-16));
#4125 = DEFINITIONAL_REPRESENTATION('',(#4126),#4130);
#4126 = LINE('',#4127,#4128);
#4127 = CARTESIAN_POINT('',(-0.,0.));
#4128 = VECTOR('',#4129,1.);
#4129 = DIRECTION('',(-1.,0.));
#4130 = ( GEOMETRIC_REPRESENTATION_CONTEXT(2) 
PARAMETRIC_REPRESENTATION_CONTEXT() REPRESENTATION_CONTEXT('2D SPACE',''
  ) );
#4131 = ADVANCED_FACE('',(#4132),#4078,.T.);
#4132 = FACE_BOUND('',#4133,.F.);
#4133 = EDGE_LOOP('',(#4134,#4157,#4184,#4185));
#4134 = ORIENTED_EDGE('',*,*,#4135,.T.);
#4135 = EDGE_CURVE('',#4058,#4136,#4138,.T.);
#4136 = VERTEX_POINT('',#4137);
#4137 = CARTESIAN_POINT('',(-3.81,-6.18095,8.95));
#4138 = SEAM_CURVE('',#4139,(#4143,#4150),.PCURVE_S1.);
#4139 = LINE('',#4140,#4141);
#4140 = CARTESIAN_POINT('',(-3.81,-6.18095,7.3));
#4141 = VECTOR('',#4142,1.);
#4142 = DIRECTION('',(-3.259976882672E-16,3.771302387927E-16,1.));
#4143 = PCURVE('',#4078,#4144);
#4144 = DEFINITIONAL_REPRESENTATION('',(#4145),#4149);
#4145 = LINE('',#4146,#4147);
#4146 = CARTESIAN_POINT('',(-0.,0.));
#4147 = VECTOR('',#4148,1.);
#4148 = DIRECTION('',(-0.,-1.));
#4149 = ( GEOMETRIC_REPRESENTATION_CONTEXT(2) 
PARAMETRIC_REPRESENTATION_CONTEXT() REPRESENTATION_CONTEXT('2D SPACE',''
  ) );
#4150 = PCURVE('',#4078,#4151);
#4151 = DEFINITIONAL_REPRESENTATION('',(#4152),#4156);
#4152 = LINE('',#4153,#4154);
#4153 = CARTESIAN_POINT('',(-6.28318530718,0.));
#4154 = VECTOR('',#4155,1.);
#4155 = DIRECTION('',(-0.,-1.));
#4156 = ( GEOMETRIC_REPRESENTATION_CONTEXT(2) 
PARAMETRIC_REPRESENTATION_CONTEXT() REPRESENTATION_CONTEXT('2D SPACE',''
  ) );
#4157 = ORIENTED_EDGE('',*,*,#4158,.T.);
#4158 = EDGE_CURVE('',#4136,#4136,#4159,.T.);
#4159 = SURFACE_CURVE('',#4160,(#4165,#4172),.PCURVE_S1.);
#4160 = CIRCLE('',#4161,2.63095);
#4161 = AXIS2_PLACEMENT_3D('',#4162,#4163,#4164);
#4162 = CARTESIAN_POINT('',(-3.81,-3.55,8.95));
#4163 = DIRECTION('',(-1.949068016125E-16,3.375884831335E-16,1.));
#4164 = DIRECTION('',(4.330942711054E-16,-1.,3.375884831335E-16));
#4165 = PCURVE('',#4078,#4166);
#4166 = DEFINITIONAL_REPRESENTATION('',(#4167),#4171);
#4167 = LINE('',#4168,#4169);
#4168 = CARTESIAN_POINT('',(-0.,-1.65));
#4169 = VECTOR('',#4170,1.);
#4170 = DIRECTION('',(-1.,0.));
#4171 = ( GEOMETRIC_REPRESENTATION_CONTEXT(2) 
PARAMETRIC_REPRESENTATION_CONTEXT() REPRESENTATION_CONTEXT('2D SPACE',''
  ) );
#4172 = PCURVE('',#4173,#4178);
#4173 = TOROIDAL_SURFACE('',#4174,2.28095,0.35);
#4174 = AXIS2_PLACEMENT_3D('',#4175,#4176,#4177);
#4175 = CARTESIAN_POINT('',(-3.81,-3.55,8.95));
#4176 = DIRECTION('',(-1.949068016125E-16,3.375884831335E-16,1.));
#4177 = DIRECTION('',(4.330942711054E-16,-1.,3.375884831335E-16));
#4178 = DEFINITIONAL_REPRESENTATION('',(#4179),#4183);
#4179 = LINE('',#4180,#4181);
#4180 = CARTESIAN_POINT('',(0.,0.));
#4181 = VECTOR('',#4182,1.);
#4182 = DIRECTION('',(1.,0.));
#4183 = ( GEOMETRIC_REPRESENTATION_CONTEXT(2) 
PARAMETRIC_REPRESENTATION_CONTEXT() REPRESENTATION_CONTEXT('2D SPACE',''
  ) );
#4184 = ORIENTED_EDGE('',*,*,#4135,.F.);
#4185 = ORIENTED_EDGE('',*,*,#4057,.F.);
#4186 = ADVANCED_FACE('',(#4187),#4120,.T.);
#4187 = FACE_BOUND('',#4188,.F.);
#4188 = EDGE_LOOP('',(#4189,#4190,#4213,#4240));
#4189 = ORIENTED_EDGE('',*,*,#4099,.F.);
#4190 = ORIENTED_EDGE('',*,*,#4191,.T.);
#4191 = EDGE_CURVE('',#4100,#4192,#4194,.T.);
#4192 = VERTEX_POINT('',#4193);
#4193 = CARTESIAN_POINT('',(3.81,-6.18095,8.95));
#4194 = SEAM_CURVE('',#4195,(#4199,#4206),.PCURVE_S1.);
#4195 = LINE('',#4196,#4197);
#4196 = CARTESIAN_POINT('',(3.81,-6.18095,7.3));
#4197 = VECTOR('',#4198,1.);
#4198 = DIRECTION('',(-3.259976882672E-16,3.771302387927E-16,1.));
#4199 = PCURVE('',#4120,#4200);
#4200 = DEFINITIONAL_REPRESENTATION('',(#4201),#4205);
#4201 = LINE('',#4202,#4203);
#4202 = CARTESIAN_POINT('',(-6.28318530718,0.));
#4203 = VECTOR('',#4204,1.);
#4204 = DIRECTION('',(-0.,-1.));
#4205 = ( GEOMETRIC_REPRESENTATION_CONTEXT(2) 
PARAMETRIC_REPRESENTATION_CONTEXT() REPRESENTATION_CONTEXT('2D SPACE',''
  ) );
#4206 = PCURVE('',#4120,#4207);
#4207 = DEFINITIONAL_REPRESENTATION('',(#4208),#4212);
#4208 = LINE('',#4209,#4210);
#4209 = CARTESIAN_POINT('',(-0.,0.));
#4210 = VECTOR('',#4211,1.);
#4211 = DIRECTION('',(-0.,-1.));
#4212 = ( GEOMETRIC_REPRESENTATION_CONTEXT(2) 
PARAMETRIC_REPRESENTATION_CONTEXT() REPRESENTATION_CONTEXT('2D SPACE',''
  ) );
#4213 = ORIENTED_EDGE('',*,*,#4214,.T.);
#4214 = EDGE_CURVE('',#4192,#4192,#4215,.T.);
#4215 = SURFACE_CURVE('',#4216,(#4221,#4228),.PCURVE_S1.);
#4216 = CIRCLE('',#4217,2.63095);
#4217 = AXIS2_PLACEMENT_3D('',#4218,#4219,#4220);
#4218 = CARTESIAN_POINT('',(3.81,-3.55,8.95));
#4219 = DIRECTION('',(-1.949068016125E-16,3.375884831335E-16,1.));
#4220 = DIRECTION('',(1.000273637178E-16,-1.,3.375884831335E-16));
#4221 = PCURVE('',#4120,#4222);
#4222 = DEFINITIONAL_REPRESENTATION('',(#4223),#4227);
#4223 = LINE('',#4224,#4225);
#4224 = CARTESIAN_POINT('',(-0.,-1.65));
#4225 = VECTOR('',#4226,1.);
#4226 = DIRECTION('',(-1.,0.));
#4227 = ( GEOMETRIC_REPRESENTATION_CONTEXT(2) 
PARAMETRIC_REPRESENTATION_CONTEXT() REPRESENTATION_CONTEXT('2D SPACE',''
  ) );
#4228 = PCURVE('',#4229,#4234);
#4229 = TOROIDAL_SURFACE('',#4230,2.28095,0.35);
#4230 = AXIS2_PLACEMENT_3D('',#4231,#4232,#4233);
#4231 = CARTESIAN_POINT('',(3.81,-3.55,8.95));
#4232 = DIRECTION('',(-1.949068016125E-16,3.375884831335E-16,1.));
#4233 = DIRECTION('',(1.000273637178E-16,-1.,3.375884831335E-16));
#4234 = DEFINITIONAL_REPRESENTATION('',(#4235),#4239);
#4235 = LINE('',#4236,#4237);
#4236 = CARTESIAN_POINT('',(0.,0.));
#4237 = VECTOR('',#4238,1.);
#4238 = DIRECTION('',(1.,0.));
#4239 = ( GEOMETRIC_REPRESENTATION_CONTEXT(2) 
PARAMETRIC_REPRESENTATION_CONTEXT() REPRESENTATION_CONTEXT('2D SPACE',''
  ) );
#4240 = ORIENTED_EDGE('',*,*,#4191,.F.);
#4241 = ADVANCED_FACE('',(#4242),#4173,.T.);
#4242 = FACE_BOUND('',#4243,.T.);
#4243 = EDGE_LOOP('',(#4244,#4268,#4269,#4270));
#4244 = ORIENTED_EDGE('',*,*,#4245,.F.);
#4245 = EDGE_CURVE('',#4136,#4246,#4248,.T.);
#4246 = VERTEX_POINT('',#4247);
#4247 = CARTESIAN_POINT('',(-3.81,-5.83095,9.3));
#4248 = SEAM_CURVE('',#4249,(#4254,#4261),.PCURVE_S1.);
#4249 = CIRCLE('',#4250,0.35);
#4250 = AXIS2_PLACEMENT_3D('',#4251,#4252,#4253);
#4251 = CARTESIAN_POINT('',(-3.81,-5.83095,8.95));
#4252 = DIRECTION('',(-1.,-4.330942711054E-16,-1.949068016125E-16));
#4253 = DIRECTION('',(4.330942711054E-16,-1.,3.375884831335E-16));
#4254 = PCURVE('',#4173,#4255);
#4255 = DEFINITIONAL_REPRESENTATION('',(#4256),#4260);
#4256 = LINE('',#4257,#4258);
#4257 = CARTESIAN_POINT('',(0.,0.));
#4258 = VECTOR('',#4259,1.);
#4259 = DIRECTION('',(0.,1.));
#4260 = ( GEOMETRIC_REPRESENTATION_CONTEXT(2) 
PARAMETRIC_REPRESENTATION_CONTEXT() REPRESENTATION_CONTEXT('2D SPACE',''
  ) );
#4261 = PCURVE('',#4173,#4262);
#4262 = DEFINITIONAL_REPRESENTATION('',(#4263),#4267);
#4263 = LINE('',#4264,#4265);
#4264 = CARTESIAN_POINT('',(6.28318530718,0.));
#4265 = VECTOR('',#4266,1.);
#4266 = DIRECTION('',(0.,1.));
#4267 = ( GEOMETRIC_REPRESENTATION_CONTEXT(2) 
PARAMETRIC_REPRESENTATION_CONTEXT() REPRESENTATION_CONTEXT('2D SPACE',''
  ) );
#4268 = ORIENTED_EDGE('',*,*,#4158,.T.);
#4269 = ORIENTED_EDGE('',*,*,#4245,.T.);
#4270 = ORIENTED_EDGE('',*,*,#4271,.F.);
#4271 = EDGE_CURVE('',#4246,#4246,#4272,.T.);
#4272 = SURFACE_CURVE('',#4273,(#4278,#4285),.PCURVE_S1.);
#4273 = CIRCLE('',#4274,2.28095);
#4274 = AXIS2_PLACEMENT_3D('',#4275,#4276,#4277);
#4275 = CARTESIAN_POINT('',(-3.81,-3.55,9.3));
#4276 = DIRECTION('',(-1.949068016125E-16,3.375884831335E-16,1.));
#4277 = DIRECTION('',(4.330942711054E-16,-1.,3.375884831335E-16));
#4278 = PCURVE('',#4173,#4279);
#4279 = DEFINITIONAL_REPRESENTATION('',(#4280),#4284);
#4280 = LINE('',#4281,#4282);
#4281 = CARTESIAN_POINT('',(0.,1.570796326795));
#4282 = VECTOR('',#4283,1.);
#4283 = DIRECTION('',(1.,0.));
#4284 = ( GEOMETRIC_REPRESENTATION_CONTEXT(2) 
PARAMETRIC_REPRESENTATION_CONTEXT() REPRESENTATION_CONTEXT('2D SPACE',''
  ) );
#4285 = PCURVE('',#4286,#4291);
#4286 = PLANE('',#4287);
#4287 = AXIS2_PLACEMENT_3D('',#4288,#4289,#4290);
#4288 = CARTESIAN_POINT('',(-3.81,-3.55,9.3));
#4289 = DIRECTION('',(-1.949068016125E-16,3.375884831335E-16,1.));
#4290 = DIRECTION('',(-3.330669073875E-16,1.,-3.375884831335E-16));
#4291 = DEFINITIONAL_REPRESENTATION('',(#4292),#4296);
#4292 = CIRCLE('',#4293,2.28095);
#4293 = AXIS2_PLACEMENT_2D('',#4294,#4295);
#4294 = CARTESIAN_POINT('',(-4.440892098501E-16,-4.440892098501E-16));
#4295 = DIRECTION('',(-1.,-1.000273637178E-16));
#4296 = ( GEOMETRIC_REPRESENTATION_CONTEXT(2) 
PARAMETRIC_REPRESENTATION_CONTEXT() REPRESENTATION_CONTEXT('2D SPACE',''
  ) );
#4297 = ADVANCED_FACE('',(#4298),#4229,.T.);
#4298 = FACE_BOUND('',#4299,.T.);
#4299 = EDGE_LOOP('',(#4300,#4324,#4325,#4326));
#4300 = ORIENTED_EDGE('',*,*,#4301,.F.);
#4301 = EDGE_CURVE('',#4192,#4302,#4304,.T.);
#4302 = VERTEX_POINT('',#4303);
#4303 = CARTESIAN_POINT('',(3.81,-5.83095,9.3));
#4304 = SEAM_CURVE('',#4305,(#4310,#4317),.PCURVE_S1.);
#4305 = CIRCLE('',#4306,0.35);
#4306 = AXIS2_PLACEMENT_3D('',#4307,#4308,#4309);
#4307 = CARTESIAN_POINT('',(3.81,-5.83095,8.95));
#4308 = DIRECTION('',(-1.,-1.000273637178E-16,-1.949068016125E-16));
#4309 = DIRECTION('',(1.000273637178E-16,-1.,3.375884831335E-16));
#4310 = PCURVE('',#4229,#4311);
#4311 = DEFINITIONAL_REPRESENTATION('',(#4312),#4316);
#4312 = LINE('',#4313,#4314);
#4313 = CARTESIAN_POINT('',(0.,0.));
#4314 = VECTOR('',#4315,1.);
#4315 = DIRECTION('',(0.,1.));
#4316 = ( GEOMETRIC_REPRESENTATION_CONTEXT(2) 
PARAMETRIC_REPRESENTATION_CONTEXT() REPRESENTATION_CONTEXT('2D SPACE',''
  ) );
#4317 = PCURVE('',#4229,#4318);
#4318 = DEFINITIONAL_REPRESENTATION('',(#4319),#4323);
#4319 = LINE('',#4320,#4321);
#4320 = CARTESIAN_POINT('',(6.28318530718,0.));
#4321 = VECTOR('',#4322,1.);
#4322 = DIRECTION('',(0.,1.));
#4323 = ( GEOMETRIC_REPRESENTATION_CONTEXT(2) 
PARAMETRIC_REPRESENTATION_CONTEXT() REPRESENTATION_CONTEXT('2D SPACE',''
  ) );
#4324 = ORIENTED_EDGE('',*,*,#4214,.T.);
#4325 = ORIENTED_EDGE('',*,*,#4301,.T.);
#4326 = ORIENTED_EDGE('',*,*,#4327,.F.);
#4327 = EDGE_CURVE('',#4302,#4302,#4328,.T.);
#4328 = SURFACE_CURVE('',#4329,(#4334,#4341),.PCURVE_S1.);
#4329 = CIRCLE('',#4330,2.28095);
#4330 = AXIS2_PLACEMENT_3D('',#4331,#4332,#4333);
#4331 = CARTESIAN_POINT('',(3.81,-3.55,9.3));
#4332 = DIRECTION('',(-1.949068016125E-16,3.375884831335E-16,1.));
#4333 = DIRECTION('',(1.000273637178E-16,-1.,3.375884831335E-16));
#4334 = PCURVE('',#4229,#4335);
#4335 = DEFINITIONAL_REPRESENTATION('',(#4336),#4340);
#4336 = LINE('',#4337,#4338);
#4337 = CARTESIAN_POINT('',(0.,1.570796326795));
#4338 = VECTOR('',#4339,1.);
#4339 = DIRECTION('',(1.,0.));
#4340 = ( GEOMETRIC_REPRESENTATION_CONTEXT(2) 
PARAMETRIC_REPRESENTATION_CONTEXT() REPRESENTATION_CONTEXT('2D SPACE',''
  ) );
#4341 = PCURVE('',#4342,#4347);
#4342 = PLANE('',#4343);
#4343 = AXIS2_PLACEMENT_3D('',#4344,#4345,#4346);
#4344 = CARTESIAN_POINT('',(3.81,-3.55,9.3));
#4345 = DIRECTION('',(-1.949068016125E-16,3.375884831335E-16,1.));
#4346 = DIRECTION('',(-2.007983000305E-33,1.,-3.375884831335E-16));
#4347 = DEFINITIONAL_REPRESENTATION('',(#4348),#4352);
#4348 = CIRCLE('',#4349,2.28095);
#4349 = AXIS2_PLACEMENT_2D('',#4350,#4351);
#4350 = CARTESIAN_POINT('',(-1.7763568394E-15,-4.440892098501E-16));
#4351 = DIRECTION('',(-1.,-1.000273637178E-16));
#4352 = ( GEOMETRIC_REPRESENTATION_CONTEXT(2) 
PARAMETRIC_REPRESENTATION_CONTEXT() REPRESENTATION_CONTEXT('2D SPACE',''
  ) );
#4353 = ADVANCED_FACE('',(#4354,#4357),#4286,.T.);
#4354 = FACE_BOUND('',#4355,.T.);
#4355 = EDGE_LOOP('',(#4356));
#4356 = ORIENTED_EDGE('',*,*,#4271,.T.);
#4357 = FACE_BOUND('',#4358,.T.);
#4358 = EDGE_LOOP('',(#4359,#4389,#4417,#4445,#4473,#4501,#4529,#4557,
    #4585,#4613,#4641,#4669));
#4359 = ORIENTED_EDGE('',*,*,#4360,.T.);
#4360 = EDGE_CURVE('',#4361,#4363,#4365,.T.);
#4361 = VERTEX_POINT('',#4362);
#4362 = CARTESIAN_POINT('',(-3.410630000003,-1.617484666668,9.3));
#4363 = VERTEX_POINT('',#4364);
#4364 = CARTESIAN_POINT('',(-3.410630000003,-3.150630000003,9.3));
#4365 = SURFACE_CURVE('',#4366,(#4370,#4377),.PCURVE_S1.);
#4366 = LINE('',#4367,#4368);
#4367 = CARTESIAN_POINT('',(-3.410630000003,-1.617484666668,9.3));
#4368 = VECTOR('',#4369,1.);
#4369 = DIRECTION('',(4.440892098501E-16,-1.,3.375884831335E-16));
#4370 = PCURVE('',#4286,#4371);
#4371 = DEFINITIONAL_REPRESENTATION('',(#4372),#4376);
#4372 = LINE('',#4373,#4374);
#4373 = CARTESIAN_POINT('',(1.932515333332,-0.399369999997));
#4374 = VECTOR('',#4375,1.);
#4375 = DIRECTION('',(-1.,-1.110223024625E-16));
#4376 = ( GEOMETRIC_REPRESENTATION_CONTEXT(2) 
PARAMETRIC_REPRESENTATION_CONTEXT() REPRESENTATION_CONTEXT('2D SPACE',''
  ) );
#4377 = PCURVE('',#4378,#4383);
#4378 = PLANE('',#4379);
#4379 = AXIS2_PLACEMENT_3D('',#4380,#4381,#4382);
#4380 = CARTESIAN_POINT('',(-3.410630000003,-1.617484666668,9.3));
#4381 = DIRECTION('',(-1.,-4.440892098501E-16,-1.949068016125E-16));
#4382 = DIRECTION('',(4.440892098501E-16,-1.,3.375884831335E-16));
#4383 = DEFINITIONAL_REPRESENTATION('',(#4384),#4388);
#4384 = LINE('',#4385,#4386);
#4385 = CARTESIAN_POINT('',(0.,0.));
#4386 = VECTOR('',#4387,1.);
#4387 = DIRECTION('',(1.,4.930380657631E-32));
#4388 = ( GEOMETRIC_REPRESENTATION_CONTEXT(2) 
PARAMETRIC_REPRESENTATION_CONTEXT() REPRESENTATION_CONTEXT('2D SPACE',''
  ) );
#4389 = ORIENTED_EDGE('',*,*,#4390,.T.);
#4390 = EDGE_CURVE('',#4363,#4391,#4393,.T.);
#4391 = VERTEX_POINT('',#4392);
#4392 = CARTESIAN_POINT('',(-1.877484666669,-3.150630000003,9.3));
#4393 = SURFACE_CURVE('',#4394,(#4398,#4405),.PCURVE_S1.);
#4394 = LINE('',#4395,#4396);
#4395 = CARTESIAN_POINT('',(-3.410630000003,-3.150630000003,9.3));
#4396 = VECTOR('',#4397,1.);
#4397 = DIRECTION('',(1.,4.440892098501E-16,1.949068016125E-16));
#4398 = PCURVE('',#4286,#4399);
#4399 = DEFINITIONAL_REPRESENTATION('',(#4400),#4404);
#4400 = LINE('',#4401,#4402);
#4401 = CARTESIAN_POINT('',(0.399369999997,-0.399369999997));
#4402 = VECTOR('',#4403,1.);
#4403 = DIRECTION('',(1.110223024625E-16,-1.));
#4404 = ( GEOMETRIC_REPRESENTATION_CONTEXT(2) 
PARAMETRIC_REPRESENTATION_CONTEXT() REPRESENTATION_CONTEXT('2D SPACE',''
  ) );
#4405 = PCURVE('',#4406,#4411);
#4406 = PLANE('',#4407);
#4407 = AXIS2_PLACEMENT_3D('',#4408,#4409,#4410);
#4408 = CARTESIAN_POINT('',(-3.410630000003,-3.150630000003,9.3));
#4409 = DIRECTION('',(4.440892098501E-16,-1.,3.375884831335E-16));
#4410 = DIRECTION('',(1.,4.440892098501E-16,1.949068016125E-16));
#4411 = DEFINITIONAL_REPRESENTATION('',(#4412),#4416);
#4412 = LINE('',#4413,#4414);
#4413 = CARTESIAN_POINT('',(0.,0.));
#4414 = VECTOR('',#4415,1.);
#4415 = DIRECTION('',(1.,7.395570986447E-32));
#4416 = ( GEOMETRIC_REPRESENTATION_CONTEXT(2) 
PARAMETRIC_REPRESENTATION_CONTEXT() REPRESENTATION_CONTEXT('2D SPACE',''
  ) );
#4417 = ORIENTED_EDGE('',*,*,#4418,.T.);
#4418 = EDGE_CURVE('',#4391,#4419,#4421,.T.);
#4419 = VERTEX_POINT('',#4420);
#4420 = CARTESIAN_POINT('',(-1.877484666669,-3.949369999997,9.3));
#4421 = SURFACE_CURVE('',#4422,(#4426,#4433),.PCURVE_S1.);
#4422 = LINE('',#4423,#4424);
#4423 = CARTESIAN_POINT('',(-1.877484666669,-3.150630000003,9.3));
#4424 = VECTOR('',#4425,1.);
#4425 = DIRECTION('',(4.440892098501E-16,-1.,3.375884831335E-16));
#4426 = PCURVE('',#4286,#4427);
#4427 = DEFINITIONAL_REPRESENTATION('',(#4428),#4432);
#4428 = LINE('',#4429,#4430);
#4429 = CARTESIAN_POINT('',(0.399369999997,-1.932515333331));
#4430 = VECTOR('',#4431,1.);
#4431 = DIRECTION('',(-1.,-1.110223024625E-16));
#4432 = ( GEOMETRIC_REPRESENTATION_CONTEXT(2) 
PARAMETRIC_REPRESENTATION_CONTEXT() REPRESENTATION_CONTEXT('2D SPACE',''
  ) );
#4433 = PCURVE('',#4434,#4439);
#4434 = PLANE('',#4435);
#4435 = AXIS2_PLACEMENT_3D('',#4436,#4437,#4438);
#4436 = CARTESIAN_POINT('',(-1.877484666669,-3.150630000003,9.3));
#4437 = DIRECTION('',(-1.,-4.440892098501E-16,-1.949068016125E-16));
#4438 = DIRECTION('',(4.440892098501E-16,-1.,3.375884831335E-16));
#4439 = DEFINITIONAL_REPRESENTATION('',(#4440),#4444);
#4440 = LINE('',#4441,#4442);
#4441 = CARTESIAN_POINT('',(-4.440892098501E-16,1.499194027292E-31));
#4442 = VECTOR('',#4443,1.);
#4443 = DIRECTION('',(1.,4.930380657631E-32));
#4444 = ( GEOMETRIC_REPRESENTATION_CONTEXT(2) 
PARAMETRIC_REPRESENTATION_CONTEXT() REPRESENTATION_CONTEXT('2D SPACE',''
  ) );
#4445 = ORIENTED_EDGE('',*,*,#4446,.T.);
#4446 = EDGE_CURVE('',#4419,#4447,#4449,.T.);
#4447 = VERTEX_POINT('',#4448);
#4448 = CARTESIAN_POINT('',(-3.410630000003,-3.949369999997,9.3));
#4449 = SURFACE_CURVE('',#4450,(#4454,#4461),.PCURVE_S1.);
#4450 = LINE('',#4451,#4452);
#4451 = CARTESIAN_POINT('',(-1.877484666669,-3.949369999997,9.3));
#4452 = VECTOR('',#4453,1.);
#4453 = DIRECTION('',(-1.,-4.440892098501E-16,-1.949068016125E-16));
#4454 = PCURVE('',#4286,#4455);
#4455 = DEFINITIONAL_REPRESENTATION('',(#4456),#4460);
#4456 = LINE('',#4457,#4458);
#4457 = CARTESIAN_POINT('',(-0.399369999997,-1.932515333331));
#4458 = VECTOR('',#4459,1.);
#4459 = DIRECTION('',(-1.110223024625E-16,1.));
#4460 = ( GEOMETRIC_REPRESENTATION_CONTEXT(2) 
PARAMETRIC_REPRESENTATION_CONTEXT() REPRESENTATION_CONTEXT('2D SPACE',''
  ) );
#4461 = PCURVE('',#4462,#4467);
#4462 = PLANE('',#4463);
#4463 = AXIS2_PLACEMENT_3D('',#4464,#4465,#4466);
#4464 = CARTESIAN_POINT('',(-1.877484666669,-3.949369999997,9.3));
#4465 = DIRECTION('',(-4.440892098501E-16,1.,-3.375884831335E-16));
#4466 = DIRECTION('',(-1.,-4.440892098501E-16,-1.949068016125E-16));
#4467 = DEFINITIONAL_REPRESENTATION('',(#4468),#4472);
#4468 = LINE('',#4469,#4470);
#4469 = CARTESIAN_POINT('',(-0.,0.));
#4470 = VECTOR('',#4471,1.);
#4471 = DIRECTION('',(1.,-7.395570986447E-32));
#4472 = ( GEOMETRIC_REPRESENTATION_CONTEXT(2) 
PARAMETRIC_REPRESENTATION_CONTEXT() REPRESENTATION_CONTEXT('2D SPACE',''
  ) );
#4473 = ORIENTED_EDGE('',*,*,#4474,.T.);
#4474 = EDGE_CURVE('',#4447,#4475,#4477,.T.);
#4475 = VERTEX_POINT('',#4476);
#4476 = CARTESIAN_POINT('',(-3.410630000003,-5.482515333332,9.3));
#4477 = SURFACE_CURVE('',#4478,(#4482,#4489),.PCURVE_S1.);
#4478 = LINE('',#4479,#4480);
#4479 = CARTESIAN_POINT('',(-3.410630000003,-3.949369999997,9.3));
#4480 = VECTOR('',#4481,1.);
#4481 = DIRECTION('',(4.440892098501E-16,-1.,3.375884831335E-16));
#4482 = PCURVE('',#4286,#4483);
#4483 = DEFINITIONAL_REPRESENTATION('',(#4484),#4488);
#4484 = LINE('',#4485,#4486);
#4485 = CARTESIAN_POINT('',(-0.399369999997,-0.399369999997));
#4486 = VECTOR('',#4487,1.);
#4487 = DIRECTION('',(-1.,-1.110223024625E-16));
#4488 = ( GEOMETRIC_REPRESENTATION_CONTEXT(2) 
PARAMETRIC_REPRESENTATION_CONTEXT() REPRESENTATION_CONTEXT('2D SPACE',''
  ) );
#4489 = PCURVE('',#4490,#4495);
#4490 = PLANE('',#4491);
#4491 = AXIS2_PLACEMENT_3D('',#4492,#4493,#4494);
#4492 = CARTESIAN_POINT('',(-3.410630000003,-3.949369999997,9.3));
#4493 = DIRECTION('',(-1.,-4.440892098501E-16,-1.949068016125E-16));
#4494 = DIRECTION('',(4.440892098501E-16,-1.,3.375884831335E-16));
#4495 = DEFINITIONAL_REPRESENTATION('',(#4496),#4500);
#4496 = LINE('',#4497,#4498);
#4497 = CARTESIAN_POINT('',(-4.440892098501E-16,1.499194027292E-31));
#4498 = VECTOR('',#4499,1.);
#4499 = DIRECTION('',(1.,4.930380657631E-32));
#4500 = ( GEOMETRIC_REPRESENTATION_CONTEXT(2) 
PARAMETRIC_REPRESENTATION_CONTEXT() REPRESENTATION_CONTEXT('2D SPACE',''
  ) );
#4501 = ORIENTED_EDGE('',*,*,#4502,.T.);
#4502 = EDGE_CURVE('',#4475,#4503,#4505,.T.);
#4503 = VERTEX_POINT('',#4504);
#4504 = CARTESIAN_POINT('',(-4.209369999997,-5.482515333332,9.3));
#4505 = SURFACE_CURVE('',#4506,(#4510,#4517),.PCURVE_S1.);
#4506 = LINE('',#4507,#4508);
#4507 = CARTESIAN_POINT('',(-3.410630000003,-5.482515333332,9.3));
#4508 = VECTOR('',#4509,1.);
#4509 = DIRECTION('',(-1.,-4.440892098501E-16,-1.949068016125E-16));
#4510 = PCURVE('',#4286,#4511);
#4511 = DEFINITIONAL_REPRESENTATION('',(#4512),#4516);
#4512 = LINE('',#4513,#4514);
#4513 = CARTESIAN_POINT('',(-1.932515333332,-0.399369999997));
#4514 = VECTOR('',#4515,1.);
#4515 = DIRECTION('',(-1.110223024625E-16,1.));
#4516 = ( GEOMETRIC_REPRESENTATION_CONTEXT(2) 
PARAMETRIC_REPRESENTATION_CONTEXT() REPRESENTATION_CONTEXT('2D SPACE',''
  ) );
#4517 = PCURVE('',#4518,#4523);
#4518 = PLANE('',#4519);
#4519 = AXIS2_PLACEMENT_3D('',#4520,#4521,#4522);
#4520 = CARTESIAN_POINT('',(-3.410630000003,-5.482515333332,9.3));
#4521 = DIRECTION('',(-4.440892098501E-16,1.,-3.375884831335E-16));
#4522 = DIRECTION('',(-1.,-4.440892098501E-16,-1.949068016125E-16));
#4523 = DEFINITIONAL_REPRESENTATION('',(#4524),#4528);
#4524 = LINE('',#4525,#4526);
#4525 = CARTESIAN_POINT('',(-0.,0.));
#4526 = VECTOR('',#4527,1.);
#4527 = DIRECTION('',(1.,-7.395570986447E-32));
#4528 = ( GEOMETRIC_REPRESENTATION_CONTEXT(2) 
PARAMETRIC_REPRESENTATION_CONTEXT() REPRESENTATION_CONTEXT('2D SPACE',''
  ) );
#4529 = ORIENTED_EDGE('',*,*,#4530,.T.);
#4530 = EDGE_CURVE('',#4503,#4531,#4533,.T.);
#4531 = VERTEX_POINT('',#4532);
#4532 = CARTESIAN_POINT('',(-4.209369999997,-3.949369999997,9.3));
#4533 = SURFACE_CURVE('',#4534,(#4538,#4545),.PCURVE_S1.);
#4534 = LINE('',#4535,#4536);
#4535 = CARTESIAN_POINT('',(-4.209369999997,-5.482515333332,9.3));
#4536 = VECTOR('',#4537,1.);
#4537 = DIRECTION('',(-4.440892098501E-16,1.,-3.375884831335E-16));
#4538 = PCURVE('',#4286,#4539);
#4539 = DEFINITIONAL_REPRESENTATION('',(#4540),#4544);
#4540 = LINE('',#4541,#4542);
#4541 = CARTESIAN_POINT('',(-1.932515333332,0.399369999997));
#4542 = VECTOR('',#4543,1.);
#4543 = DIRECTION('',(1.,1.110223024625E-16));
#4544 = ( GEOMETRIC_REPRESENTATION_CONTEXT(2) 
PARAMETRIC_REPRESENTATION_CONTEXT() REPRESENTATION_CONTEXT('2D SPACE',''
  ) );
#4545 = PCURVE('',#4546,#4551);
#4546 = PLANE('',#4547);
#4547 = AXIS2_PLACEMENT_3D('',#4548,#4549,#4550);
#4548 = CARTESIAN_POINT('',(-4.209369999997,-5.482515333332,9.3));
#4549 = DIRECTION('',(1.,4.440892098501E-16,1.949068016125E-16));
#4550 = DIRECTION('',(-4.440892098501E-16,1.,-3.375884831335E-16));
#4551 = DEFINITIONAL_REPRESENTATION('',(#4552),#4556);
#4552 = LINE('',#4553,#4554);
#4553 = CARTESIAN_POINT('',(-8.881784197001E-16,-2.998388054585E-31));
#4554 = VECTOR('',#4555,1.);
#4555 = DIRECTION('',(1.,-4.930380657631E-32));
#4556 = ( GEOMETRIC_REPRESENTATION_CONTEXT(2) 
PARAMETRIC_REPRESENTATION_CONTEXT() REPRESENTATION_CONTEXT('2D SPACE',''
  ) );
#4557 = ORIENTED_EDGE('',*,*,#4558,.T.);
#4558 = EDGE_CURVE('',#4531,#4559,#4561,.T.);
#4559 = VERTEX_POINT('',#4560);
#4560 = CARTESIAN_POINT('',(-5.742515333332,-3.949369999997,9.3));
#4561 = SURFACE_CURVE('',#4562,(#4566,#4573),.PCURVE_S1.);
#4562 = LINE('',#4563,#4564);
#4563 = CARTESIAN_POINT('',(-4.209369999997,-3.949369999997,9.3));
#4564 = VECTOR('',#4565,1.);
#4565 = DIRECTION('',(-1.,-4.440892098501E-16,-1.949068016125E-16));
#4566 = PCURVE('',#4286,#4567);
#4567 = DEFINITIONAL_REPRESENTATION('',(#4568),#4572);
#4568 = LINE('',#4569,#4570);
#4569 = CARTESIAN_POINT('',(-0.399369999997,0.399369999997));
#4570 = VECTOR('',#4571,1.);
#4571 = DIRECTION('',(-1.110223024625E-16,1.));
#4572 = ( GEOMETRIC_REPRESENTATION_CONTEXT(2) 
PARAMETRIC_REPRESENTATION_CONTEXT() REPRESENTATION_CONTEXT('2D SPACE',''
  ) );
#4573 = PCURVE('',#4574,#4579);
#4574 = PLANE('',#4575);
#4575 = AXIS2_PLACEMENT_3D('',#4576,#4577,#4578);
#4576 = CARTESIAN_POINT('',(-4.209369999997,-3.949369999997,9.3));
#4577 = DIRECTION('',(-4.440892098501E-16,1.,-3.375884831335E-16));
#4578 = DIRECTION('',(-1.,-4.440892098501E-16,-1.949068016125E-16));
#4579 = DEFINITIONAL_REPRESENTATION('',(#4580),#4584);
#4580 = LINE('',#4581,#4582);
#4581 = CARTESIAN_POINT('',(-0.,0.));
#4582 = VECTOR('',#4583,1.);
#4583 = DIRECTION('',(1.,-7.395570986447E-32));
#4584 = ( GEOMETRIC_REPRESENTATION_CONTEXT(2) 
PARAMETRIC_REPRESENTATION_CONTEXT() REPRESENTATION_CONTEXT('2D SPACE',''
  ) );
#4585 = ORIENTED_EDGE('',*,*,#4586,.T.);
#4586 = EDGE_CURVE('',#4559,#4587,#4589,.T.);
#4587 = VERTEX_POINT('',#4588);
#4588 = CARTESIAN_POINT('',(-5.742515333332,-3.150630000003,9.3));
#4589 = SURFACE_CURVE('',#4590,(#4594,#4601),.PCURVE_S1.);
#4590 = LINE('',#4591,#4592);
#4591 = CARTESIAN_POINT('',(-5.742515333332,-3.949369999997,9.3));
#4592 = VECTOR('',#4593,1.);
#4593 = DIRECTION('',(-4.440892098501E-16,1.,-3.375884831335E-16));
#4594 = PCURVE('',#4286,#4595);
#4595 = DEFINITIONAL_REPRESENTATION('',(#4596),#4600);
#4596 = LINE('',#4597,#4598);
#4597 = CARTESIAN_POINT('',(-0.399369999997,1.932515333332));
#4598 = VECTOR('',#4599,1.);
#4599 = DIRECTION('',(1.,1.110223024625E-16));
#4600 = ( GEOMETRIC_REPRESENTATION_CONTEXT(2) 
PARAMETRIC_REPRESENTATION_CONTEXT() REPRESENTATION_CONTEXT('2D SPACE',''
  ) );
#4601 = PCURVE('',#4602,#4607);
#4602 = PLANE('',#4603);
#4603 = AXIS2_PLACEMENT_3D('',#4604,#4605,#4606);
#4604 = CARTESIAN_POINT('',(-5.742515333332,-3.949369999997,9.3));
#4605 = DIRECTION('',(1.,4.440892098501E-16,1.949068016125E-16));
#4606 = DIRECTION('',(-4.440892098501E-16,1.,-3.375884831335E-16));
#4607 = DEFINITIONAL_REPRESENTATION('',(#4608),#4612);
#4608 = LINE('',#4609,#4610);
#4609 = CARTESIAN_POINT('',(4.440892098501E-16,1.499194027292E-31));
#4610 = VECTOR('',#4611,1.);
#4611 = DIRECTION('',(1.,-4.930380657631E-32));
#4612 = ( GEOMETRIC_REPRESENTATION_CONTEXT(2) 
PARAMETRIC_REPRESENTATION_CONTEXT() REPRESENTATION_CONTEXT('2D SPACE',''
  ) );
#4613 = ORIENTED_EDGE('',*,*,#4614,.T.);
#4614 = EDGE_CURVE('',#4587,#4615,#4617,.T.);
#4615 = VERTEX_POINT('',#4616);
#4616 = CARTESIAN_POINT('',(-4.209369999997,-3.150630000003,9.3));
#4617 = SURFACE_CURVE('',#4618,(#4622,#4629),.PCURVE_S1.);
#4618 = LINE('',#4619,#4620);
#4619 = CARTESIAN_POINT('',(-5.742515333332,-3.150630000003,9.3));
#4620 = VECTOR('',#4621,1.);
#4621 = DIRECTION('',(1.,4.440892098501E-16,1.949068016125E-16));
#4622 = PCURVE('',#4286,#4623);
#4623 = DEFINITIONAL_REPRESENTATION('',(#4624),#4628);
#4624 = LINE('',#4625,#4626);
#4625 = CARTESIAN_POINT('',(0.399369999997,1.932515333332));
#4626 = VECTOR('',#4627,1.);
#4627 = DIRECTION('',(1.110223024625E-16,-1.));
#4628 = ( GEOMETRIC_REPRESENTATION_CONTEXT(2) 
PARAMETRIC_REPRESENTATION_CONTEXT() REPRESENTATION_CONTEXT('2D SPACE',''
  ) );
#4629 = PCURVE('',#4630,#4635);
#4630 = PLANE('',#4631);
#4631 = AXIS2_PLACEMENT_3D('',#4632,#4633,#4634);
#4632 = CARTESIAN_POINT('',(-5.742515333332,-3.150630000003,9.3));
#4633 = DIRECTION('',(4.440892098501E-16,-1.,3.375884831335E-16));
#4634 = DIRECTION('',(1.,4.440892098501E-16,1.949068016125E-16));
#4635 = DEFINITIONAL_REPRESENTATION('',(#4636),#4640);
#4636 = LINE('',#4637,#4638);
#4637 = CARTESIAN_POINT('',(0.,0.));
#4638 = VECTOR('',#4639,1.);
#4639 = DIRECTION('',(1.,7.395570986447E-32));
#4640 = ( GEOMETRIC_REPRESENTATION_CONTEXT(2) 
PARAMETRIC_REPRESENTATION_CONTEXT() REPRESENTATION_CONTEXT('2D SPACE',''
  ) );
#4641 = ORIENTED_EDGE('',*,*,#4642,.T.);
#4642 = EDGE_CURVE('',#4615,#4643,#4645,.T.);
#4643 = VERTEX_POINT('',#4644);
#4644 = CARTESIAN_POINT('',(-4.209369999997,-1.617484666668,9.3));
#4645 = SURFACE_CURVE('',#4646,(#4650,#4657),.PCURVE_S1.);
#4646 = LINE('',#4647,#4648);
#4647 = CARTESIAN_POINT('',(-4.209369999997,-3.150630000003,9.3));
#4648 = VECTOR('',#4649,1.);
#4649 = DIRECTION('',(-4.440892098501E-16,1.,-3.375884831335E-16));
#4650 = PCURVE('',#4286,#4651);
#4651 = DEFINITIONAL_REPRESENTATION('',(#4652),#4656);
#4652 = LINE('',#4653,#4654);
#4653 = CARTESIAN_POINT('',(0.399369999997,0.399369999997));
#4654 = VECTOR('',#4655,1.);
#4655 = DIRECTION('',(1.,1.110223024625E-16));
#4656 = ( GEOMETRIC_REPRESENTATION_CONTEXT(2) 
PARAMETRIC_REPRESENTATION_CONTEXT() REPRESENTATION_CONTEXT('2D SPACE',''
  ) );
#4657 = PCURVE('',#4658,#4663);
#4658 = PLANE('',#4659);
#4659 = AXIS2_PLACEMENT_3D('',#4660,#4661,#4662);
#4660 = CARTESIAN_POINT('',(-4.209369999997,-3.150630000003,9.3));
#4661 = DIRECTION('',(1.,4.440892098501E-16,1.949068016125E-16));
#4662 = DIRECTION('',(-4.440892098501E-16,1.,-3.375884831335E-16));
#4663 = DEFINITIONAL_REPRESENTATION('',(#4664),#4668);
#4664 = LINE('',#4665,#4666);
#4665 = CARTESIAN_POINT('',(4.440892098501E-16,1.499194027292E-31));
#4666 = VECTOR('',#4667,1.);
#4667 = DIRECTION('',(1.,-4.930380657631E-32));
#4668 = ( GEOMETRIC_REPRESENTATION_CONTEXT(2) 
PARAMETRIC_REPRESENTATION_CONTEXT() REPRESENTATION_CONTEXT('2D SPACE',''
  ) );
#4669 = ORIENTED_EDGE('',*,*,#4670,.T.);
#4670 = EDGE_CURVE('',#4643,#4361,#4671,.T.);
#4671 = SURFACE_CURVE('',#4672,(#4676,#4683),.PCURVE_S1.);
#4672 = LINE('',#4673,#4674);
#4673 = CARTESIAN_POINT('',(-4.209369999997,-1.617484666668,9.3));
#4674 = VECTOR('',#4675,1.);
#4675 = DIRECTION('',(1.,4.440892098501E-16,1.949068016125E-16));
#4676 = PCURVE('',#4286,#4677);
#4677 = DEFINITIONAL_REPRESENTATION('',(#4678),#4682);
#4678 = LINE('',#4679,#4680);
#4679 = CARTESIAN_POINT('',(1.932515333332,0.399369999997));
#4680 = VECTOR('',#4681,1.);
#4681 = DIRECTION('',(1.110223024625E-16,-1.));
#4682 = ( GEOMETRIC_REPRESENTATION_CONTEXT(2) 
PARAMETRIC_REPRESENTATION_CONTEXT() REPRESENTATION_CONTEXT('2D SPACE',''
  ) );
#4683 = PCURVE('',#4684,#4689);
#4684 = PLANE('',#4685);
#4685 = AXIS2_PLACEMENT_3D('',#4686,#4687,#4688);
#4686 = CARTESIAN_POINT('',(-4.209369999997,-1.617484666668,9.3));
#4687 = DIRECTION('',(4.440892098501E-16,-1.,3.375884831335E-16));
#4688 = DIRECTION('',(1.,4.440892098501E-16,1.949068016125E-16));
#4689 = DEFINITIONAL_REPRESENTATION('',(#4690),#4694);
#4690 = LINE('',#4691,#4692);
#4691 = CARTESIAN_POINT('',(0.,0.));
#4692 = VECTOR('',#4693,1.);
#4693 = DIRECTION('',(1.,7.395570986447E-32));
#4694 = ( GEOMETRIC_REPRESENTATION_CONTEXT(2) 
PARAMETRIC_REPRESENTATION_CONTEXT() REPRESENTATION_CONTEXT('2D SPACE',''
  ) );
#4695 = ADVANCED_FACE('',(#4696,#4699),#4342,.T.);
#4696 = FACE_BOUND('',#4697,.T.);
#4697 = EDGE_LOOP('',(#4698));
#4698 = ORIENTED_EDGE('',*,*,#4327,.T.);
#4699 = FACE_BOUND('',#4700,.T.);
#4700 = EDGE_LOOP('',(#4701,#4731,#4759,#4787,#4815,#4843,#4871,#4899,
    #4927,#4955,#4983,#5011));
#4701 = ORIENTED_EDGE('',*,*,#4702,.T.);
#4702 = EDGE_CURVE('',#4703,#4705,#4707,.T.);
#4703 = VERTEX_POINT('',#4704);
#4704 = CARTESIAN_POINT('',(4.209369999997,-1.617484666668,9.3));
#4705 = VERTEX_POINT('',#4706);
#4706 = CARTESIAN_POINT('',(4.209369999997,-3.150630000003,9.3));
#4707 = SURFACE_CURVE('',#4708,(#4712,#4719),.PCURVE_S1.);
#4708 = LINE('',#4709,#4710);
#4709 = CARTESIAN_POINT('',(4.209369999997,-1.617484666668,9.3));
#4710 = VECTOR('',#4711,1.);
#4711 = DIRECTION('',(2.22044604925E-16,-1.,3.375884831335E-16));
#4712 = PCURVE('',#4342,#4713);
#4713 = DEFINITIONAL_REPRESENTATION('',(#4714),#4718);
#4714 = LINE('',#4715,#4716);
#4715 = CARTESIAN_POINT('',(1.932515333332,-0.399369999997));
#4716 = VECTOR('',#4717,1.);
#4717 = DIRECTION('',(-1.,-2.22044604925E-16));
#4718 = ( GEOMETRIC_REPRESENTATION_CONTEXT(2) 
PARAMETRIC_REPRESENTATION_CONTEXT() REPRESENTATION_CONTEXT('2D SPACE',''
  ) );
#4719 = PCURVE('',#4720,#4725);
#4720 = PLANE('',#4721);
#4721 = AXIS2_PLACEMENT_3D('',#4722,#4723,#4724);
#4722 = CARTESIAN_POINT('',(4.209369999997,-1.617484666668,9.3));
#4723 = DIRECTION('',(-1.,-2.22044604925E-16,-1.949068016125E-16));
#4724 = DIRECTION('',(2.22044604925E-16,-1.,3.375884831335E-16));
#4725 = DEFINITIONAL_REPRESENTATION('',(#4726),#4730);
#4726 = LINE('',#4727,#4728);
#4727 = CARTESIAN_POINT('',(1.7763568394E-15,-1.7763568394E-15));
#4728 = VECTOR('',#4729,1.);
#4729 = DIRECTION('',(1.,4.930380657631E-32));
#4730 = ( GEOMETRIC_REPRESENTATION_CONTEXT(2) 
PARAMETRIC_REPRESENTATION_CONTEXT() REPRESENTATION_CONTEXT('2D SPACE',''
  ) );
#4731 = ORIENTED_EDGE('',*,*,#4732,.T.);
#4732 = EDGE_CURVE('',#4705,#4733,#4735,.T.);
#4733 = VERTEX_POINT('',#4734);
#4734 = CARTESIAN_POINT('',(5.742515333331,-3.150630000003,9.3));
#4735 = SURFACE_CURVE('',#4736,(#4740,#4747),.PCURVE_S1.);
#4736 = LINE('',#4737,#4738);
#4737 = CARTESIAN_POINT('',(4.209369999997,-3.150630000003,9.3));
#4738 = VECTOR('',#4739,1.);
#4739 = DIRECTION('',(1.,2.22044604925E-16,1.949068016125E-16));
#4740 = PCURVE('',#4342,#4741);
#4741 = DEFINITIONAL_REPRESENTATION('',(#4742),#4746);
#4742 = LINE('',#4743,#4744);
#4743 = CARTESIAN_POINT('',(0.399369999997,-0.399369999997));
#4744 = VECTOR('',#4745,1.);
#4745 = DIRECTION('',(2.22044604925E-16,-1.));
#4746 = ( GEOMETRIC_REPRESENTATION_CONTEXT(2) 
PARAMETRIC_REPRESENTATION_CONTEXT() REPRESENTATION_CONTEXT('2D SPACE',''
  ) );
#4747 = PCURVE('',#4748,#4753);
#4748 = PLANE('',#4749);
#4749 = AXIS2_PLACEMENT_3D('',#4750,#4751,#4752);
#4750 = CARTESIAN_POINT('',(4.209369999997,-3.150630000003,9.3));
#4751 = DIRECTION('',(2.22044604925E-16,-1.,3.375884831335E-16));
#4752 = DIRECTION('',(1.,2.22044604925E-16,1.949068016125E-16));
#4753 = DEFINITIONAL_REPRESENTATION('',(#4754),#4758);
#4754 = LINE('',#4755,#4756);
#4755 = CARTESIAN_POINT('',(-8.881784197001E-16,1.73112015045E-31));
#4756 = VECTOR('',#4757,1.);
#4757 = DIRECTION('',(1.,-2.465190328816E-32));
#4758 = ( GEOMETRIC_REPRESENTATION_CONTEXT(2) 
PARAMETRIC_REPRESENTATION_CONTEXT() REPRESENTATION_CONTEXT('2D SPACE',''
  ) );
#4759 = ORIENTED_EDGE('',*,*,#4760,.T.);
#4760 = EDGE_CURVE('',#4733,#4761,#4763,.T.);
#4761 = VERTEX_POINT('',#4762);
#4762 = CARTESIAN_POINT('',(5.742515333331,-3.949369999997,9.3));
#4763 = SURFACE_CURVE('',#4764,(#4768,#4775),.PCURVE_S1.);
#4764 = LINE('',#4765,#4766);
#4765 = CARTESIAN_POINT('',(5.742515333331,-3.150630000003,9.3));
#4766 = VECTOR('',#4767,1.);
#4767 = DIRECTION('',(2.22044604925E-16,-1.,3.375884831335E-16));
#4768 = PCURVE('',#4342,#4769);
#4769 = DEFINITIONAL_REPRESENTATION('',(#4770),#4774);
#4770 = LINE('',#4771,#4772);
#4771 = CARTESIAN_POINT('',(0.399369999997,-1.932515333331));
#4772 = VECTOR('',#4773,1.);
#4773 = DIRECTION('',(-1.,-2.22044604925E-16));
#4774 = ( GEOMETRIC_REPRESENTATION_CONTEXT(2) 
PARAMETRIC_REPRESENTATION_CONTEXT() REPRESENTATION_CONTEXT('2D SPACE',''
  ) );
#4775 = PCURVE('',#4776,#4781);
#4776 = PLANE('',#4777);
#4777 = AXIS2_PLACEMENT_3D('',#4778,#4779,#4780);
#4778 = CARTESIAN_POINT('',(5.742515333331,-3.150630000003,9.3));
#4779 = DIRECTION('',(-1.,-2.22044604925E-16,-1.949068016125E-16));
#4780 = DIRECTION('',(2.22044604925E-16,-1.,3.375884831335E-16));
#4781 = DEFINITIONAL_REPRESENTATION('',(#4782),#4786);
#4782 = LINE('',#4783,#4784);
#4783 = CARTESIAN_POINT('',(1.7763568394E-15,-1.7763568394E-15));
#4784 = VECTOR('',#4785,1.);
#4785 = DIRECTION('',(1.,4.930380657631E-32));
#4786 = ( GEOMETRIC_REPRESENTATION_CONTEXT(2) 
PARAMETRIC_REPRESENTATION_CONTEXT() REPRESENTATION_CONTEXT('2D SPACE',''
  ) );
#4787 = ORIENTED_EDGE('',*,*,#4788,.T.);
#4788 = EDGE_CURVE('',#4761,#4789,#4791,.T.);
#4789 = VERTEX_POINT('',#4790);
#4790 = CARTESIAN_POINT('',(4.209369999997,-3.949369999997,9.3));
#4791 = SURFACE_CURVE('',#4792,(#4796,#4803),.PCURVE_S1.);
#4792 = LINE('',#4793,#4794);
#4793 = CARTESIAN_POINT('',(5.742515333331,-3.949369999997,9.3));
#4794 = VECTOR('',#4795,1.);
#4795 = DIRECTION('',(-1.,-2.22044604925E-16,-1.949068016125E-16));
#4796 = PCURVE('',#4342,#4797);
#4797 = DEFINITIONAL_REPRESENTATION('',(#4798),#4802);
#4798 = LINE('',#4799,#4800);
#4799 = CARTESIAN_POINT('',(-0.399369999997,-1.932515333331));
#4800 = VECTOR('',#4801,1.);
#4801 = DIRECTION('',(-2.22044604925E-16,1.));
#4802 = ( GEOMETRIC_REPRESENTATION_CONTEXT(2) 
PARAMETRIC_REPRESENTATION_CONTEXT() REPRESENTATION_CONTEXT('2D SPACE',''
  ) );
#4803 = PCURVE('',#4804,#4809);
#4804 = PLANE('',#4805);
#4805 = AXIS2_PLACEMENT_3D('',#4806,#4807,#4808);
#4806 = CARTESIAN_POINT('',(5.742515333331,-3.949369999997,9.3));
#4807 = DIRECTION('',(-2.22044604925E-16,1.,-3.375884831335E-16));
#4808 = DIRECTION('',(-1.,-2.22044604925E-16,-1.949068016125E-16));
#4809 = DEFINITIONAL_REPRESENTATION('',(#4810),#4814);
#4810 = LINE('',#4811,#4812);
#4811 = CARTESIAN_POINT('',(8.881784197001E-16,-1.7763568394E-15));
#4812 = VECTOR('',#4813,1.);
#4813 = DIRECTION('',(1.,2.465190328816E-32));
#4814 = ( GEOMETRIC_REPRESENTATION_CONTEXT(2) 
PARAMETRIC_REPRESENTATION_CONTEXT() REPRESENTATION_CONTEXT('2D SPACE',''
  ) );
#4815 = ORIENTED_EDGE('',*,*,#4816,.T.);
#4816 = EDGE_CURVE('',#4789,#4817,#4819,.T.);
#4817 = VERTEX_POINT('',#4818);
#4818 = CARTESIAN_POINT('',(4.209369999997,-5.482515333332,9.3));
#4819 = SURFACE_CURVE('',#4820,(#4824,#4831),.PCURVE_S1.);
#4820 = LINE('',#4821,#4822);
#4821 = CARTESIAN_POINT('',(4.209369999997,-3.949369999997,9.3));
#4822 = VECTOR('',#4823,1.);
#4823 = DIRECTION('',(2.22044604925E-16,-1.,3.375884831335E-16));
#4824 = PCURVE('',#4342,#4825);
#4825 = DEFINITIONAL_REPRESENTATION('',(#4826),#4830);
#4826 = LINE('',#4827,#4828);
#4827 = CARTESIAN_POINT('',(-0.399369999997,-0.399369999997));
#4828 = VECTOR('',#4829,1.);
#4829 = DIRECTION('',(-1.,-2.22044604925E-16));
#4830 = ( GEOMETRIC_REPRESENTATION_CONTEXT(2) 
PARAMETRIC_REPRESENTATION_CONTEXT() REPRESENTATION_CONTEXT('2D SPACE',''
  ) );
#4831 = PCURVE('',#4832,#4837);
#4832 = PLANE('',#4833);
#4833 = AXIS2_PLACEMENT_3D('',#4834,#4835,#4836);
#4834 = CARTESIAN_POINT('',(4.209369999997,-3.949369999997,9.3));
#4835 = DIRECTION('',(-1.,-2.22044604925E-16,-1.949068016125E-16));
#4836 = DIRECTION('',(2.22044604925E-16,-1.,3.375884831335E-16));
#4837 = DEFINITIONAL_REPRESENTATION('',(#4838),#4842);
#4838 = LINE('',#4839,#4840);
#4839 = CARTESIAN_POINT('',(0.,0.));
#4840 = VECTOR('',#4841,1.);
#4841 = DIRECTION('',(1.,4.930380657631E-32));
#4842 = ( GEOMETRIC_REPRESENTATION_CONTEXT(2) 
PARAMETRIC_REPRESENTATION_CONTEXT() REPRESENTATION_CONTEXT('2D SPACE',''
  ) );
#4843 = ORIENTED_EDGE('',*,*,#4844,.T.);
#4844 = EDGE_CURVE('',#4817,#4845,#4847,.T.);
#4845 = VERTEX_POINT('',#4846);
#4846 = CARTESIAN_POINT('',(3.410630000003,-5.482515333332,9.3));
#4847 = SURFACE_CURVE('',#4848,(#4852,#4859),.PCURVE_S1.);
#4848 = LINE('',#4849,#4850);
#4849 = CARTESIAN_POINT('',(4.209369999997,-5.482515333332,9.3));
#4850 = VECTOR('',#4851,1.);
#4851 = DIRECTION('',(-1.,-2.22044604925E-16,-1.949068016125E-16));
#4852 = PCURVE('',#4342,#4853);
#4853 = DEFINITIONAL_REPRESENTATION('',(#4854),#4858);
#4854 = LINE('',#4855,#4856);
#4855 = CARTESIAN_POINT('',(-1.932515333332,-0.399369999997));
#4856 = VECTOR('',#4857,1.);
#4857 = DIRECTION('',(-2.22044604925E-16,1.));
#4858 = ( GEOMETRIC_REPRESENTATION_CONTEXT(2) 
PARAMETRIC_REPRESENTATION_CONTEXT() REPRESENTATION_CONTEXT('2D SPACE',''
  ) );
#4859 = PCURVE('',#4860,#4865);
#4860 = PLANE('',#4861);
#4861 = AXIS2_PLACEMENT_3D('',#4862,#4863,#4864);
#4862 = CARTESIAN_POINT('',(4.209369999997,-5.482515333332,9.3));
#4863 = DIRECTION('',(-2.22044604925E-16,1.,-3.375884831335E-16));
#4864 = DIRECTION('',(-1.,-2.22044604925E-16,-1.949068016125E-16));
#4865 = DEFINITIONAL_REPRESENTATION('',(#4866),#4870);
#4866 = LINE('',#4867,#4868);
#4867 = CARTESIAN_POINT('',(8.881784197001E-16,1.73112015045E-31));
#4868 = VECTOR('',#4869,1.);
#4869 = DIRECTION('',(1.,2.465190328816E-32));
#4870 = ( GEOMETRIC_REPRESENTATION_CONTEXT(2) 
PARAMETRIC_REPRESENTATION_CONTEXT() REPRESENTATION_CONTEXT('2D SPACE',''
  ) );
#4871 = ORIENTED_EDGE('',*,*,#4872,.T.);
#4872 = EDGE_CURVE('',#4845,#4873,#4875,.T.);
#4873 = VERTEX_POINT('',#4874);
#4874 = CARTESIAN_POINT('',(3.410630000003,-3.949369999997,9.3));
#4875 = SURFACE_CURVE('',#4876,(#4880,#4887),.PCURVE_S1.);
#4876 = LINE('',#4877,#4878);
#4877 = CARTESIAN_POINT('',(3.410630000003,-5.482515333332,9.3));
#4878 = VECTOR('',#4879,1.);
#4879 = DIRECTION('',(-2.22044604925E-16,1.,-3.375884831335E-16));
#4880 = PCURVE('',#4342,#4881);
#4881 = DEFINITIONAL_REPRESENTATION('',(#4882),#4886);
#4882 = LINE('',#4883,#4884);
#4883 = CARTESIAN_POINT('',(-1.932515333332,0.399369999997));
#4884 = VECTOR('',#4885,1.);
#4885 = DIRECTION('',(1.,2.22044604925E-16));
#4886 = ( GEOMETRIC_REPRESENTATION_CONTEXT(2) 
PARAMETRIC_REPRESENTATION_CONTEXT() REPRESENTATION_CONTEXT('2D SPACE',''
  ) );
#4887 = PCURVE('',#4888,#4893);
#4888 = PLANE('',#4889);
#4889 = AXIS2_PLACEMENT_3D('',#4890,#4891,#4892);
#4890 = CARTESIAN_POINT('',(3.410630000003,-5.482515333332,9.3));
#4891 = DIRECTION('',(1.,2.22044604925E-16,1.949068016125E-16));
#4892 = DIRECTION('',(-2.22044604925E-16,1.,-3.375884831335E-16));
#4893 = DEFINITIONAL_REPRESENTATION('',(#4894),#4898);
#4894 = LINE('',#4895,#4896);
#4895 = CARTESIAN_POINT('',(-1.7763568394E-15,-5.99677610917E-31));
#4896 = VECTOR('',#4897,1.);
#4897 = DIRECTION('',(1.,-4.930380657631E-32));
#4898 = ( GEOMETRIC_REPRESENTATION_CONTEXT(2) 
PARAMETRIC_REPRESENTATION_CONTEXT() REPRESENTATION_CONTEXT('2D SPACE',''
  ) );
#4899 = ORIENTED_EDGE('',*,*,#4900,.T.);
#4900 = EDGE_CURVE('',#4873,#4901,#4903,.T.);
#4901 = VERTEX_POINT('',#4902);
#4902 = CARTESIAN_POINT('',(1.877484666668,-3.949369999997,9.3));
#4903 = SURFACE_CURVE('',#4904,(#4908,#4915),.PCURVE_S1.);
#4904 = LINE('',#4905,#4906);
#4905 = CARTESIAN_POINT('',(3.410630000003,-3.949369999997,9.3));
#4906 = VECTOR('',#4907,1.);
#4907 = DIRECTION('',(-1.,-2.22044604925E-16,-1.949068016125E-16));
#4908 = PCURVE('',#4342,#4909);
#4909 = DEFINITIONAL_REPRESENTATION('',(#4910),#4914);
#4910 = LINE('',#4911,#4912);
#4911 = CARTESIAN_POINT('',(-0.399369999997,0.399369999997));
#4912 = VECTOR('',#4913,1.);
#4913 = DIRECTION('',(-2.22044604925E-16,1.));
#4914 = ( GEOMETRIC_REPRESENTATION_CONTEXT(2) 
PARAMETRIC_REPRESENTATION_CONTEXT() REPRESENTATION_CONTEXT('2D SPACE',''
  ) );
#4915 = PCURVE('',#4916,#4921);
#4916 = PLANE('',#4917);
#4917 = AXIS2_PLACEMENT_3D('',#4918,#4919,#4920);
#4918 = CARTESIAN_POINT('',(3.410630000003,-3.949369999997,9.3));
#4919 = DIRECTION('',(-2.22044604925E-16,1.,-3.375884831335E-16));
#4920 = DIRECTION('',(-1.,-2.22044604925E-16,-1.949068016125E-16));
#4921 = DEFINITIONAL_REPRESENTATION('',(#4922),#4926);
#4922 = LINE('',#4923,#4924);
#4923 = CARTESIAN_POINT('',(-4.440892098501E-16,1.7763568394E-15));
#4924 = VECTOR('',#4925,1.);
#4925 = DIRECTION('',(1.,2.465190328816E-32));
#4926 = ( GEOMETRIC_REPRESENTATION_CONTEXT(2) 
PARAMETRIC_REPRESENTATION_CONTEXT() REPRESENTATION_CONTEXT('2D SPACE',''
  ) );
#4927 = ORIENTED_EDGE('',*,*,#4928,.T.);
#4928 = EDGE_CURVE('',#4901,#4929,#4931,.T.);
#4929 = VERTEX_POINT('',#4930);
#4930 = CARTESIAN_POINT('',(1.877484666668,-3.150630000003,9.3));
#4931 = SURFACE_CURVE('',#4932,(#4936,#4943),.PCURVE_S1.);
#4932 = LINE('',#4933,#4934);
#4933 = CARTESIAN_POINT('',(1.877484666668,-3.949369999997,9.3));
#4934 = VECTOR('',#4935,1.);
#4935 = DIRECTION('',(-2.22044604925E-16,1.,-3.375884831335E-16));
#4936 = PCURVE('',#4342,#4937);
#4937 = DEFINITIONAL_REPRESENTATION('',(#4938),#4942);
#4938 = LINE('',#4939,#4940);
#4939 = CARTESIAN_POINT('',(-0.399369999997,1.932515333332));
#4940 = VECTOR('',#4941,1.);
#4941 = DIRECTION('',(1.,2.22044604925E-16));
#4942 = ( GEOMETRIC_REPRESENTATION_CONTEXT(2) 
PARAMETRIC_REPRESENTATION_CONTEXT() REPRESENTATION_CONTEXT('2D SPACE',''
  ) );
#4943 = PCURVE('',#4944,#4949);
#4944 = PLANE('',#4945);
#4945 = AXIS2_PLACEMENT_3D('',#4946,#4947,#4948);
#4946 = CARTESIAN_POINT('',(1.877484666668,-3.949369999997,9.3));
#4947 = DIRECTION('',(1.,2.22044604925E-16,1.949068016125E-16));
#4948 = DIRECTION('',(-2.22044604925E-16,1.,-3.375884831335E-16));
#4949 = DEFINITIONAL_REPRESENTATION('',(#4950),#4954);
#4950 = LINE('',#4951,#4952);
#4951 = CARTESIAN_POINT('',(-1.7763568394E-15,-5.99677610917E-31));
#4952 = VECTOR('',#4953,1.);
#4953 = DIRECTION('',(1.,-4.930380657631E-32));
#4954 = ( GEOMETRIC_REPRESENTATION_CONTEXT(2) 
PARAMETRIC_REPRESENTATION_CONTEXT() REPRESENTATION_CONTEXT('2D SPACE',''
  ) );
#4955 = ORIENTED_EDGE('',*,*,#4956,.T.);
#4956 = EDGE_CURVE('',#4929,#4957,#4959,.T.);
#4957 = VERTEX_POINT('',#4958);
#4958 = CARTESIAN_POINT('',(3.410630000003,-3.150630000003,9.3));
#4959 = SURFACE_CURVE('',#4960,(#4964,#4971),.PCURVE_S1.);
#4960 = LINE('',#4961,#4962);
#4961 = CARTESIAN_POINT('',(1.877484666668,-3.150630000003,9.3));
#4962 = VECTOR('',#4963,1.);
#4963 = DIRECTION('',(1.,2.22044604925E-16,1.949068016125E-16));
#4964 = PCURVE('',#4342,#4965);
#4965 = DEFINITIONAL_REPRESENTATION('',(#4966),#4970);
#4966 = LINE('',#4967,#4968);
#4967 = CARTESIAN_POINT('',(0.399369999997,1.932515333332));
#4968 = VECTOR('',#4969,1.);
#4969 = DIRECTION('',(2.22044604925E-16,-1.));
#4970 = ( GEOMETRIC_REPRESENTATION_CONTEXT(2) 
PARAMETRIC_REPRESENTATION_CONTEXT() REPRESENTATION_CONTEXT('2D SPACE',''
  ) );
#4971 = PCURVE('',#4972,#4977);
#4972 = PLANE('',#4973);
#4973 = AXIS2_PLACEMENT_3D('',#4974,#4975,#4976);
#4974 = CARTESIAN_POINT('',(1.877484666668,-3.150630000003,9.3));
#4975 = DIRECTION('',(2.22044604925E-16,-1.,3.375884831335E-16));
#4976 = DIRECTION('',(1.,2.22044604925E-16,1.949068016125E-16));
#4977 = DEFINITIONAL_REPRESENTATION('',(#4978),#4982);
#4978 = LINE('',#4979,#4980);
#4979 = CARTESIAN_POINT('',(4.440892098501E-16,-8.655600752248E-32));
#4980 = VECTOR('',#4981,1.);
#4981 = DIRECTION('',(1.,-2.465190328816E-32));
#4982 = ( GEOMETRIC_REPRESENTATION_CONTEXT(2) 
PARAMETRIC_REPRESENTATION_CONTEXT() REPRESENTATION_CONTEXT('2D SPACE',''
  ) );
#4983 = ORIENTED_EDGE('',*,*,#4984,.T.);
#4984 = EDGE_CURVE('',#4957,#4985,#4987,.T.);
#4985 = VERTEX_POINT('',#4986);
#4986 = CARTESIAN_POINT('',(3.410630000003,-1.617484666668,9.3));
#4987 = SURFACE_CURVE('',#4988,(#4992,#4999),.PCURVE_S1.);
#4988 = LINE('',#4989,#4990);
#4989 = CARTESIAN_POINT('',(3.410630000003,-3.150630000003,9.3));
#4990 = VECTOR('',#4991,1.);
#4991 = DIRECTION('',(-2.22044604925E-16,1.,-3.375884831335E-16));
#4992 = PCURVE('',#4342,#4993);
#4993 = DEFINITIONAL_REPRESENTATION('',(#4994),#4998);
#4994 = LINE('',#4995,#4996);
#4995 = CARTESIAN_POINT('',(0.399369999997,0.399369999997));
#4996 = VECTOR('',#4997,1.);
#4997 = DIRECTION('',(1.,2.22044604925E-16));
#4998 = ( GEOMETRIC_REPRESENTATION_CONTEXT(2) 
PARAMETRIC_REPRESENTATION_CONTEXT() REPRESENTATION_CONTEXT('2D SPACE',''
  ) );
#4999 = PCURVE('',#5000,#5005);
#5000 = PLANE('',#5001);
#5001 = AXIS2_PLACEMENT_3D('',#5002,#5003,#5004);
#5002 = CARTESIAN_POINT('',(3.410630000003,-3.150630000003,9.3));
#5003 = DIRECTION('',(1.,2.22044604925E-16,1.949068016125E-16));
#5004 = DIRECTION('',(-2.22044604925E-16,1.,-3.375884831335E-16));
#5005 = DEFINITIONAL_REPRESENTATION('',(#5006),#5010);
#5006 = LINE('',#5007,#5008);
#5007 = CARTESIAN_POINT('',(0.,0.));
#5008 = VECTOR('',#5009,1.);
#5009 = DIRECTION('',(1.,-4.930380657631E-32));
#5010 = ( GEOMETRIC_REPRESENTATION_CONTEXT(2) 
PARAMETRIC_REPRESENTATION_CONTEXT() REPRESENTATION_CONTEXT('2D SPACE',''
  ) );
#5011 = ORIENTED_EDGE('',*,*,#5012,.T.);
#5012 = EDGE_CURVE('',#4985,#4703,#5013,.T.);
#5013 = SURFACE_CURVE('',#5014,(#5018,#5025),.PCURVE_S1.);
#5014 = LINE('',#5015,#5016);
#5015 = CARTESIAN_POINT('',(3.410630000003,-1.617484666668,9.3));
#5016 = VECTOR('',#5017,1.);
#5017 = DIRECTION('',(1.,2.22044604925E-16,1.949068016125E-16));
#5018 = PCURVE('',#4342,#5019);
#5019 = DEFINITIONAL_REPRESENTATION('',(#5020),#5024);
#5020 = LINE('',#5021,#5022);
#5021 = CARTESIAN_POINT('',(1.932515333332,0.399369999997));
#5022 = VECTOR('',#5023,1.);
#5023 = DIRECTION('',(2.22044604925E-16,-1.));
#5024 = ( GEOMETRIC_REPRESENTATION_CONTEXT(2) 
PARAMETRIC_REPRESENTATION_CONTEXT() REPRESENTATION_CONTEXT('2D SPACE',''
  ) );
#5025 = PCURVE('',#5026,#5031);
#5026 = PLANE('',#5027);
#5027 = AXIS2_PLACEMENT_3D('',#5028,#5029,#5030);
#5028 = CARTESIAN_POINT('',(3.410630000003,-1.617484666668,9.3));
#5029 = DIRECTION('',(2.22044604925E-16,-1.,3.375884831335E-16));
#5030 = DIRECTION('',(1.,2.22044604925E-16,1.949068016125E-16));
#5031 = DEFINITIONAL_REPRESENTATION('',(#5032),#5036);
#5032 = LINE('',#5033,#5034);
#5033 = CARTESIAN_POINT('',(-3.462240300899E-31,-1.7763568394E-15));
#5034 = VECTOR('',#5035,1.);
#5035 = DIRECTION('',(1.,-2.465190328816E-32));
#5036 = ( GEOMETRIC_REPRESENTATION_CONTEXT(2) 
PARAMETRIC_REPRESENTATION_CONTEXT() REPRESENTATION_CONTEXT('2D SPACE',''
  ) );
#5037 = ADVANCED_FACE('',(#5038),#4378,.T.);
#5038 = FACE_BOUND('',#5039,.T.);
#5039 = EDGE_LOOP('',(#5040,#5063,#5091,#5112));
#5040 = ORIENTED_EDGE('',*,*,#5041,.T.);
#5041 = EDGE_CURVE('',#4361,#5042,#5044,.T.);
#5042 = VERTEX_POINT('',#5043);
#5043 = CARTESIAN_POINT('',(-3.410630000003,-1.617484666668,7.8));
#5044 = SURFACE_CURVE('',#5045,(#5049,#5056),.PCURVE_S1.);
#5045 = LINE('',#5046,#5047);
#5046 = CARTESIAN_POINT('',(-3.410630000003,-1.617484666668,9.3));
#5047 = VECTOR('',#5048,1.);
#5048 = DIRECTION('',(1.949068016125E-16,-3.375884831335E-16,-1.));
#5049 = PCURVE('',#4378,#5050);
#5050 = DEFINITIONAL_REPRESENTATION('',(#5051),#5055);
#5051 = LINE('',#5052,#5053);
#5052 = CARTESIAN_POINT('',(0.,0.));
#5053 = VECTOR('',#5054,1.);
#5054 = DIRECTION('',(-4.930380657631E-32,-1.));
#5055 = ( GEOMETRIC_REPRESENTATION_CONTEXT(2) 
PARAMETRIC_REPRESENTATION_CONTEXT() REPRESENTATION_CONTEXT('2D SPACE',''
  ) );
#5056 = PCURVE('',#4684,#5057);
#5057 = DEFINITIONAL_REPRESENTATION('',(#5058),#5062);
#5058 = LINE('',#5059,#5060);
#5059 = CARTESIAN_POINT('',(0.798739999994,-1.556798587188E-16));
#5060 = VECTOR('',#5061,1.);
#5061 = DIRECTION('',(-2.465190328816E-32,-1.));
#5062 = ( GEOMETRIC_REPRESENTATION_CONTEXT(2) 
PARAMETRIC_REPRESENTATION_CONTEXT() REPRESENTATION_CONTEXT('2D SPACE',''
  ) );
#5063 = ORIENTED_EDGE('',*,*,#5064,.T.);
#5064 = EDGE_CURVE('',#5042,#5065,#5067,.T.);
#5065 = VERTEX_POINT('',#5066);
#5066 = CARTESIAN_POINT('',(-3.410630000003,-3.150630000003,7.8));
#5067 = SURFACE_CURVE('',#5068,(#5072,#5079),.PCURVE_S1.);
#5068 = LINE('',#5069,#5070);
#5069 = CARTESIAN_POINT('',(-3.410630000003,-1.617484666668,7.8));
#5070 = VECTOR('',#5071,1.);
#5071 = DIRECTION('',(4.440892098501E-16,-1.,3.375884831335E-16));
#5072 = PCURVE('',#4378,#5073);
#5073 = DEFINITIONAL_REPRESENTATION('',(#5074),#5078);
#5074 = LINE('',#5075,#5076);
#5075 = CARTESIAN_POINT('',(-6.229351485021E-17,-1.5));
#5076 = VECTOR('',#5077,1.);
#5077 = DIRECTION('',(1.,4.930380657631E-32));
#5078 = ( GEOMETRIC_REPRESENTATION_CONTEXT(2) 
PARAMETRIC_REPRESENTATION_CONTEXT() REPRESENTATION_CONTEXT('2D SPACE',''
  ) );
#5079 = PCURVE('',#5080,#5085);
#5080 = PLANE('',#5081);
#5081 = AXIS2_PLACEMENT_3D('',#5082,#5083,#5084);
#5082 = CARTESIAN_POINT('',(-3.81,-3.55,7.8));
#5083 = DIRECTION('',(2.091234469184E-16,-4.614639537765E-16,-1.));
#5084 = DIRECTION('',(2.22044604925E-16,-1.,4.614639537765E-16));
#5085 = DEFINITIONAL_REPRESENTATION('',(#5086),#5090);
#5086 = LINE('',#5087,#5088);
#5087 = CARTESIAN_POINT('',(-1.932515333332,-0.399369999997));
#5088 = VECTOR('',#5089,1.);
#5089 = DIRECTION('',(1.,-2.22044604925E-16));
#5090 = ( GEOMETRIC_REPRESENTATION_CONTEXT(2) 
PARAMETRIC_REPRESENTATION_CONTEXT() REPRESENTATION_CONTEXT('2D SPACE',''
  ) );
#5091 = ORIENTED_EDGE('',*,*,#5092,.F.);
#5092 = EDGE_CURVE('',#4363,#5065,#5093,.T.);
#5093 = SURFACE_CURVE('',#5094,(#5098,#5105),.PCURVE_S1.);
#5094 = LINE('',#5095,#5096);
#5095 = CARTESIAN_POINT('',(-3.410630000003,-3.150630000003,9.3));
#5096 = VECTOR('',#5097,1.);
#5097 = DIRECTION('',(1.949068016125E-16,-3.375884831335E-16,-1.));
#5098 = PCURVE('',#4378,#5099);
#5099 = DEFINITIONAL_REPRESENTATION('',(#5100),#5104);
#5100 = LINE('',#5101,#5102);
#5101 = CARTESIAN_POINT('',(1.533145333335,-5.175722075038E-16));
#5102 = VECTOR('',#5103,1.);
#5103 = DIRECTION('',(-4.930380657631E-32,-1.));
#5104 = ( GEOMETRIC_REPRESENTATION_CONTEXT(2) 
PARAMETRIC_REPRESENTATION_CONTEXT() REPRESENTATION_CONTEXT('2D SPACE',''
  ) );
#5105 = PCURVE('',#4406,#5106);
#5106 = DEFINITIONAL_REPRESENTATION('',(#5107),#5111);
#5107 = LINE('',#5108,#5109);
#5108 = CARTESIAN_POINT('',(0.,0.));
#5109 = VECTOR('',#5110,1.);
#5110 = DIRECTION('',(-2.465190328816E-32,-1.));
#5111 = ( GEOMETRIC_REPRESENTATION_CONTEXT(2) 
PARAMETRIC_REPRESENTATION_CONTEXT() REPRESENTATION_CONTEXT('2D SPACE',''
  ) );
#5112 = ORIENTED_EDGE('',*,*,#4360,.F.);
#5113 = ADVANCED_FACE('',(#5114),#4684,.T.);
#5114 = FACE_BOUND('',#5115,.T.);
#5115 = EDGE_LOOP('',(#5116,#5139,#5160,#5161));
#5116 = ORIENTED_EDGE('',*,*,#5117,.T.);
#5117 = EDGE_CURVE('',#4643,#5118,#5120,.T.);
#5118 = VERTEX_POINT('',#5119);
#5119 = CARTESIAN_POINT('',(-4.209369999997,-1.617484666668,7.8));
#5120 = SURFACE_CURVE('',#5121,(#5125,#5132),.PCURVE_S1.);
#5121 = LINE('',#5122,#5123);
#5122 = CARTESIAN_POINT('',(-4.209369999997,-1.617484666668,9.3));
#5123 = VECTOR('',#5124,1.);
#5124 = DIRECTION('',(1.949068016125E-16,-3.375884831335E-16,-1.));
#5125 = PCURVE('',#4684,#5126);
#5126 = DEFINITIONAL_REPRESENTATION('',(#5127),#5131);
#5127 = LINE('',#5128,#5129);
#5128 = CARTESIAN_POINT('',(0.,0.));
#5129 = VECTOR('',#5130,1.);
#5130 = DIRECTION('',(-2.465190328816E-32,-1.));
#5131 = ( GEOMETRIC_REPRESENTATION_CONTEXT(2) 
PARAMETRIC_REPRESENTATION_CONTEXT() REPRESENTATION_CONTEXT('2D SPACE',''
  ) );
#5132 = PCURVE('',#4658,#5133);
#5133 = DEFINITIONAL_REPRESENTATION('',(#5134),#5138);
#5134 = LINE('',#5135,#5136);
#5135 = CARTESIAN_POINT('',(1.533145333335,5.175722075038E-16));
#5136 = VECTOR('',#5137,1.);
#5137 = DIRECTION('',(4.930380657631E-32,-1.));
#5138 = ( GEOMETRIC_REPRESENTATION_CONTEXT(2) 
PARAMETRIC_REPRESENTATION_CONTEXT() REPRESENTATION_CONTEXT('2D SPACE',''
  ) );
#5139 = ORIENTED_EDGE('',*,*,#5140,.T.);
#5140 = EDGE_CURVE('',#5118,#5042,#5141,.T.);
#5141 = SURFACE_CURVE('',#5142,(#5146,#5153),.PCURVE_S1.);
#5142 = LINE('',#5143,#5144);
#5143 = CARTESIAN_POINT('',(-4.209369999997,-1.617484666668,7.8));
#5144 = VECTOR('',#5145,1.);
#5145 = DIRECTION('',(1.,4.440892098501E-16,1.949068016125E-16));
#5146 = PCURVE('',#4684,#5147);
#5147 = DEFINITIONAL_REPRESENTATION('',(#5148),#5152);
#5148 = LINE('',#5149,#5150);
#5149 = CARTESIAN_POINT('',(5.958182172814E-16,-1.5));
#5150 = VECTOR('',#5151,1.);
#5151 = DIRECTION('',(1.,7.395570986447E-32));
#5152 = ( GEOMETRIC_REPRESENTATION_CONTEXT(2) 
PARAMETRIC_REPRESENTATION_CONTEXT() REPRESENTATION_CONTEXT('2D SPACE',''
  ) );
#5153 = PCURVE('',#5080,#5154);
#5154 = DEFINITIONAL_REPRESENTATION('',(#5155),#5159);
#5155 = LINE('',#5156,#5157);
#5156 = CARTESIAN_POINT('',(-1.932515333332,0.399369999997));
#5157 = VECTOR('',#5158,1.);
#5158 = DIRECTION('',(-2.22044604925E-16,-1.));
#5159 = ( GEOMETRIC_REPRESENTATION_CONTEXT(2) 
PARAMETRIC_REPRESENTATION_CONTEXT() REPRESENTATION_CONTEXT('2D SPACE',''
  ) );
#5160 = ORIENTED_EDGE('',*,*,#5041,.F.);
#5161 = ORIENTED_EDGE('',*,*,#4670,.F.);
#5162 = ADVANCED_FACE('',(#5163),#4658,.T.);
#5163 = FACE_BOUND('',#5164,.T.);
#5164 = EDGE_LOOP('',(#5165,#5188,#5209,#5210));
#5165 = ORIENTED_EDGE('',*,*,#5166,.T.);
#5166 = EDGE_CURVE('',#4615,#5167,#5169,.T.);
#5167 = VERTEX_POINT('',#5168);
#5168 = CARTESIAN_POINT('',(-4.209369999997,-3.150630000003,7.8));
#5169 = SURFACE_CURVE('',#5170,(#5174,#5181),.PCURVE_S1.);
#5170 = LINE('',#5171,#5172);
#5171 = CARTESIAN_POINT('',(-4.209369999997,-3.150630000003,9.3));
#5172 = VECTOR('',#5173,1.);
#5173 = DIRECTION('',(1.949068016125E-16,-3.375884831335E-16,-1.));
#5174 = PCURVE('',#4658,#5175);
#5175 = DEFINITIONAL_REPRESENTATION('',(#5176),#5180);
#5176 = LINE('',#5177,#5178);
#5177 = CARTESIAN_POINT('',(0.,0.));
#5178 = VECTOR('',#5179,1.);
#5179 = DIRECTION('',(4.930380657631E-32,-1.));
#5180 = ( GEOMETRIC_REPRESENTATION_CONTEXT(2) 
PARAMETRIC_REPRESENTATION_CONTEXT() REPRESENTATION_CONTEXT('2D SPACE',''
  ) );
#5181 = PCURVE('',#4630,#5182);
#5182 = DEFINITIONAL_REPRESENTATION('',(#5183),#5187);
#5183 = LINE('',#5184,#5185);
#5184 = CARTESIAN_POINT('',(1.533145333335,-2.988204533274E-16));
#5185 = VECTOR('',#5186,1.);
#5186 = DIRECTION('',(-2.465190328816E-32,-1.));
#5187 = ( GEOMETRIC_REPRESENTATION_CONTEXT(2) 
PARAMETRIC_REPRESENTATION_CONTEXT() REPRESENTATION_CONTEXT('2D SPACE',''
  ) );
#5188 = ORIENTED_EDGE('',*,*,#5189,.T.);
#5189 = EDGE_CURVE('',#5167,#5118,#5190,.T.);
#5190 = SURFACE_CURVE('',#5191,(#5195,#5202),.PCURVE_S1.);
#5191 = LINE('',#5192,#5193);
#5192 = CARTESIAN_POINT('',(-4.209369999997,-3.150630000003,7.8));
#5193 = VECTOR('',#5194,1.);
#5194 = DIRECTION('',(-4.440892098501E-16,1.,-3.375884831335E-16));
#5195 = PCURVE('',#4658,#5196);
#5196 = DEFINITIONAL_REPRESENTATION('',(#5197),#5201);
#5197 = LINE('',#5198,#5199);
#5198 = CARTESIAN_POINT('',(6.229351485021E-17,-1.5));
#5199 = VECTOR('',#5200,1.);
#5200 = DIRECTION('',(1.,-4.930380657631E-32));
#5201 = ( GEOMETRIC_REPRESENTATION_CONTEXT(2) 
PARAMETRIC_REPRESENTATION_CONTEXT() REPRESENTATION_CONTEXT('2D SPACE',''
  ) );
#5202 = PCURVE('',#5080,#5203);
#5203 = DEFINITIONAL_REPRESENTATION('',(#5204),#5208);
#5204 = LINE('',#5205,#5206);
#5205 = CARTESIAN_POINT('',(-0.399369999997,0.399369999997));
#5206 = VECTOR('',#5207,1.);
#5207 = DIRECTION('',(-1.,2.22044604925E-16));
#5208 = ( GEOMETRIC_REPRESENTATION_CONTEXT(2) 
PARAMETRIC_REPRESENTATION_CONTEXT() REPRESENTATION_CONTEXT('2D SPACE',''
  ) );
#5209 = ORIENTED_EDGE('',*,*,#5117,.F.);
#5210 = ORIENTED_EDGE('',*,*,#4642,.F.);
#5211 = ADVANCED_FACE('',(#5212),#4630,.T.);
#5212 = FACE_BOUND('',#5213,.T.);
#5213 = EDGE_LOOP('',(#5214,#5237,#5258,#5259));
#5214 = ORIENTED_EDGE('',*,*,#5215,.T.);
#5215 = EDGE_CURVE('',#4587,#5216,#5218,.T.);
#5216 = VERTEX_POINT('',#5217);
#5217 = CARTESIAN_POINT('',(-5.742515333332,-3.150630000003,7.8));
#5218 = SURFACE_CURVE('',#5219,(#5223,#5230),.PCURVE_S1.);
#5219 = LINE('',#5220,#5221);
#5220 = CARTESIAN_POINT('',(-5.742515333332,-3.150630000003,9.3));
#5221 = VECTOR('',#5222,1.);
#5222 = DIRECTION('',(1.949068016125E-16,-3.375884831335E-16,-1.));
#5223 = PCURVE('',#4630,#5224);
#5224 = DEFINITIONAL_REPRESENTATION('',(#5225),#5229);
#5225 = LINE('',#5226,#5227);
#5226 = CARTESIAN_POINT('',(0.,0.));
#5227 = VECTOR('',#5228,1.);
#5228 = DIRECTION('',(-2.465190328816E-32,-1.));
#5229 = ( GEOMETRIC_REPRESENTATION_CONTEXT(2) 
PARAMETRIC_REPRESENTATION_CONTEXT() REPRESENTATION_CONTEXT('2D SPACE',''
  ) );
#5230 = PCURVE('',#4602,#5231);
#5231 = DEFINITIONAL_REPRESENTATION('',(#5232),#5236);
#5232 = LINE('',#5233,#5234);
#5233 = CARTESIAN_POINT('',(0.798739999994,2.696454250162E-16));
#5234 = VECTOR('',#5235,1.);
#5235 = DIRECTION('',(4.930380657631E-32,-1.));
#5236 = ( GEOMETRIC_REPRESENTATION_CONTEXT(2) 
PARAMETRIC_REPRESENTATION_CONTEXT() REPRESENTATION_CONTEXT('2D SPACE',''
  ) );
#5237 = ORIENTED_EDGE('',*,*,#5238,.T.);
#5238 = EDGE_CURVE('',#5216,#5167,#5239,.T.);
#5239 = SURFACE_CURVE('',#5240,(#5244,#5251),.PCURVE_S1.);
#5240 = LINE('',#5241,#5242);
#5241 = CARTESIAN_POINT('',(-5.742515333332,-3.150630000003,7.8));
#5242 = VECTOR('',#5243,1.);
#5243 = DIRECTION('',(1.,4.440892098501E-16,1.949068016125E-16));
#5244 = PCURVE('',#4630,#5245);
#5245 = DEFINITIONAL_REPRESENTATION('',(#5246),#5250);
#5246 = LINE('',#5247,#5248);
#5247 = CARTESIAN_POINT('',(5.958182172814E-16,-1.5));
#5248 = VECTOR('',#5249,1.);
#5249 = DIRECTION('',(1.,7.395570986447E-32));
#5250 = ( GEOMETRIC_REPRESENTATION_CONTEXT(2) 
PARAMETRIC_REPRESENTATION_CONTEXT() REPRESENTATION_CONTEXT('2D SPACE',''
  ) );
#5251 = PCURVE('',#5080,#5252);
#5252 = DEFINITIONAL_REPRESENTATION('',(#5253),#5257);
#5253 = LINE('',#5254,#5255);
#5254 = CARTESIAN_POINT('',(-0.399369999997,1.932515333332));
#5255 = VECTOR('',#5256,1.);
#5256 = DIRECTION('',(-2.22044604925E-16,-1.));
#5257 = ( GEOMETRIC_REPRESENTATION_CONTEXT(2) 
PARAMETRIC_REPRESENTATION_CONTEXT() REPRESENTATION_CONTEXT('2D SPACE',''
  ) );
#5258 = ORIENTED_EDGE('',*,*,#5166,.F.);
#5259 = ORIENTED_EDGE('',*,*,#4614,.F.);
#5260 = ADVANCED_FACE('',(#5261),#4602,.T.);
#5261 = FACE_BOUND('',#5262,.T.);
#5262 = EDGE_LOOP('',(#5263,#5286,#5307,#5308));
#5263 = ORIENTED_EDGE('',*,*,#5264,.T.);
#5264 = EDGE_CURVE('',#4559,#5265,#5267,.T.);
#5265 = VERTEX_POINT('',#5266);
#5266 = CARTESIAN_POINT('',(-5.742515333332,-3.949369999997,7.8));
#5267 = SURFACE_CURVE('',#5268,(#5272,#5279),.PCURVE_S1.);
#5268 = LINE('',#5269,#5270);
#5269 = CARTESIAN_POINT('',(-5.742515333332,-3.949369999997,9.3));
#5270 = VECTOR('',#5271,1.);
#5271 = DIRECTION('',(1.949068016125E-16,-3.375884831335E-16,-1.));
#5272 = PCURVE('',#4602,#5273);
#5273 = DEFINITIONAL_REPRESENTATION('',(#5274),#5278);
#5274 = LINE('',#5275,#5276);
#5275 = CARTESIAN_POINT('',(0.,0.));
#5276 = VECTOR('',#5277,1.);
#5277 = DIRECTION('',(4.930380657631E-32,-1.));
#5278 = ( GEOMETRIC_REPRESENTATION_CONTEXT(2) 
PARAMETRIC_REPRESENTATION_CONTEXT() REPRESENTATION_CONTEXT('2D SPACE',''
  ) );
#5279 = PCURVE('',#4574,#5280);
#5280 = DEFINITIONAL_REPRESENTATION('',(#5281),#5285);
#5281 = LINE('',#5282,#5283);
#5282 = CARTESIAN_POINT('',(1.533145333335,2.988204533274E-16));
#5283 = VECTOR('',#5284,1.);
#5284 = DIRECTION('',(2.465190328816E-32,-1.));
#5285 = ( GEOMETRIC_REPRESENTATION_CONTEXT(2) 
PARAMETRIC_REPRESENTATION_CONTEXT() REPRESENTATION_CONTEXT('2D SPACE',''
  ) );
#5286 = ORIENTED_EDGE('',*,*,#5287,.T.);
#5287 = EDGE_CURVE('',#5265,#5216,#5288,.T.);
#5288 = SURFACE_CURVE('',#5289,(#5293,#5300),.PCURVE_S1.);
#5289 = LINE('',#5290,#5291);
#5290 = CARTESIAN_POINT('',(-5.742515333332,-3.949369999997,7.8));
#5291 = VECTOR('',#5292,1.);
#5292 = DIRECTION('',(-4.440892098501E-16,1.,-3.375884831335E-16));
#5293 = PCURVE('',#4602,#5294);
#5294 = DEFINITIONAL_REPRESENTATION('',(#5295),#5299);
#5295 = LINE('',#5296,#5297);
#5296 = CARTESIAN_POINT('',(6.229351485021E-17,-1.5));
#5297 = VECTOR('',#5298,1.);
#5298 = DIRECTION('',(1.,-4.930380657631E-32));
#5299 = ( GEOMETRIC_REPRESENTATION_CONTEXT(2) 
PARAMETRIC_REPRESENTATION_CONTEXT() REPRESENTATION_CONTEXT('2D SPACE',''
  ) );
#5300 = PCURVE('',#5080,#5301);
#5301 = DEFINITIONAL_REPRESENTATION('',(#5302),#5306);
#5302 = LINE('',#5303,#5304);
#5303 = CARTESIAN_POINT('',(0.399369999997,1.932515333332));
#5304 = VECTOR('',#5305,1.);
#5305 = DIRECTION('',(-1.,2.22044604925E-16));
#5306 = ( GEOMETRIC_REPRESENTATION_CONTEXT(2) 
PARAMETRIC_REPRESENTATION_CONTEXT() REPRESENTATION_CONTEXT('2D SPACE',''
  ) );
#5307 = ORIENTED_EDGE('',*,*,#5215,.F.);
#5308 = ORIENTED_EDGE('',*,*,#4586,.F.);
#5309 = ADVANCED_FACE('',(#5310),#4574,.T.);
#5310 = FACE_BOUND('',#5311,.T.);
#5311 = EDGE_LOOP('',(#5312,#5335,#5356,#5357));
#5312 = ORIENTED_EDGE('',*,*,#5313,.T.);
#5313 = EDGE_CURVE('',#4531,#5314,#5316,.T.);
#5314 = VERTEX_POINT('',#5315);
#5315 = CARTESIAN_POINT('',(-4.209369999997,-3.949369999997,7.8));
#5316 = SURFACE_CURVE('',#5317,(#5321,#5328),.PCURVE_S1.);
#5317 = LINE('',#5318,#5319);
#5318 = CARTESIAN_POINT('',(-4.209369999997,-3.949369999997,9.3));
#5319 = VECTOR('',#5320,1.);
#5320 = DIRECTION('',(1.949068016125E-16,-3.375884831335E-16,-1.));
#5321 = PCURVE('',#4574,#5322);
#5322 = DEFINITIONAL_REPRESENTATION('',(#5323),#5327);
#5323 = LINE('',#5324,#5325);
#5324 = CARTESIAN_POINT('',(-0.,0.));
#5325 = VECTOR('',#5326,1.);
#5326 = DIRECTION('',(2.465190328816E-32,-1.));
#5327 = ( GEOMETRIC_REPRESENTATION_CONTEXT(2) 
PARAMETRIC_REPRESENTATION_CONTEXT() REPRESENTATION_CONTEXT('2D SPACE',''
  ) );
#5328 = PCURVE('',#4546,#5329);
#5329 = DEFINITIONAL_REPRESENTATION('',(#5330),#5334);
#5330 = LINE('',#5331,#5332);
#5331 = CARTESIAN_POINT('',(1.533145333335,5.175722075038E-16));
#5332 = VECTOR('',#5333,1.);
#5333 = DIRECTION('',(4.930380657631E-32,-1.));
#5334 = ( GEOMETRIC_REPRESENTATION_CONTEXT(2) 
PARAMETRIC_REPRESENTATION_CONTEXT() REPRESENTATION_CONTEXT('2D SPACE',''
  ) );
#5335 = ORIENTED_EDGE('',*,*,#5336,.T.);
#5336 = EDGE_CURVE('',#5314,#5265,#5337,.T.);
#5337 = SURFACE_CURVE('',#5338,(#5342,#5349),.PCURVE_S1.);
#5338 = LINE('',#5339,#5340);
#5339 = CARTESIAN_POINT('',(-4.209369999997,-3.949369999997,7.8));
#5340 = VECTOR('',#5341,1.);
#5341 = DIRECTION('',(-1.,-4.440892098501E-16,-1.949068016125E-16));
#5342 = PCURVE('',#4574,#5343);
#5343 = DEFINITIONAL_REPRESENTATION('',(#5344),#5348);
#5344 = LINE('',#5345,#5346);
#5345 = CARTESIAN_POINT('',(-5.958182172814E-16,-1.5));
#5346 = VECTOR('',#5347,1.);
#5347 = DIRECTION('',(1.,-7.395570986447E-32));
#5348 = ( GEOMETRIC_REPRESENTATION_CONTEXT(2) 
PARAMETRIC_REPRESENTATION_CONTEXT() REPRESENTATION_CONTEXT('2D SPACE',''
  ) );
#5349 = PCURVE('',#5080,#5350);
#5350 = DEFINITIONAL_REPRESENTATION('',(#5351),#5355);
#5351 = LINE('',#5352,#5353);
#5352 = CARTESIAN_POINT('',(0.399369999997,0.399369999997));
#5353 = VECTOR('',#5354,1.);
#5354 = DIRECTION('',(2.22044604925E-16,1.));
#5355 = ( GEOMETRIC_REPRESENTATION_CONTEXT(2) 
PARAMETRIC_REPRESENTATION_CONTEXT() REPRESENTATION_CONTEXT('2D SPACE',''
  ) );
#5356 = ORIENTED_EDGE('',*,*,#5264,.F.);
#5357 = ORIENTED_EDGE('',*,*,#4558,.F.);
#5358 = ADVANCED_FACE('',(#5359),#4546,.T.);
#5359 = FACE_BOUND('',#5360,.T.);
#5360 = EDGE_LOOP('',(#5361,#5384,#5405,#5406));
#5361 = ORIENTED_EDGE('',*,*,#5362,.T.);
#5362 = EDGE_CURVE('',#4503,#5363,#5365,.T.);
#5363 = VERTEX_POINT('',#5364);
#5364 = CARTESIAN_POINT('',(-4.209369999997,-5.482515333332,7.8));
#5365 = SURFACE_CURVE('',#5366,(#5370,#5377),.PCURVE_S1.);
#5366 = LINE('',#5367,#5368);
#5367 = CARTESIAN_POINT('',(-4.209369999997,-5.482515333332,9.3));
#5368 = VECTOR('',#5369,1.);
#5369 = DIRECTION('',(1.949068016125E-16,-3.375884831335E-16,-1.));
#5370 = PCURVE('',#4546,#5371);
#5371 = DEFINITIONAL_REPRESENTATION('',(#5372),#5376);
#5372 = LINE('',#5373,#5374);
#5373 = CARTESIAN_POINT('',(0.,0.));
#5374 = VECTOR('',#5375,1.);
#5375 = DIRECTION('',(4.930380657631E-32,-1.));
#5376 = ( GEOMETRIC_REPRESENTATION_CONTEXT(2) 
PARAMETRIC_REPRESENTATION_CONTEXT() REPRESENTATION_CONTEXT('2D SPACE',''
  ) );
#5377 = PCURVE('',#4518,#5378);
#5378 = DEFINITIONAL_REPRESENTATION('',(#5379),#5383);
#5379 = LINE('',#5380,#5381);
#5380 = CARTESIAN_POINT('',(0.798739999994,1.556798587188E-16));
#5381 = VECTOR('',#5382,1.);
#5382 = DIRECTION('',(2.465190328816E-32,-1.));
#5383 = ( GEOMETRIC_REPRESENTATION_CONTEXT(2) 
PARAMETRIC_REPRESENTATION_CONTEXT() REPRESENTATION_CONTEXT('2D SPACE',''
  ) );
#5384 = ORIENTED_EDGE('',*,*,#5385,.T.);
#5385 = EDGE_CURVE('',#5363,#5314,#5386,.T.);
#5386 = SURFACE_CURVE('',#5387,(#5391,#5398),.PCURVE_S1.);
#5387 = LINE('',#5388,#5389);
#5388 = CARTESIAN_POINT('',(-4.209369999997,-5.482515333332,7.8));
#5389 = VECTOR('',#5390,1.);
#5390 = DIRECTION('',(-4.440892098501E-16,1.,-3.375884831335E-16));
#5391 = PCURVE('',#4546,#5392);
#5392 = DEFINITIONAL_REPRESENTATION('',(#5393),#5397);
#5393 = LINE('',#5394,#5395);
#5394 = CARTESIAN_POINT('',(-3.817956949999E-16,-1.5));
#5395 = VECTOR('',#5396,1.);
#5396 = DIRECTION('',(1.,-4.930380657631E-32));
#5397 = ( GEOMETRIC_REPRESENTATION_CONTEXT(2) 
PARAMETRIC_REPRESENTATION_CONTEXT() REPRESENTATION_CONTEXT('2D SPACE',''
  ) );
#5398 = PCURVE('',#5080,#5399);
#5399 = DEFINITIONAL_REPRESENTATION('',(#5400),#5404);
#5400 = LINE('',#5401,#5402);
#5401 = CARTESIAN_POINT('',(1.932515333332,0.399369999997));
#5402 = VECTOR('',#5403,1.);
#5403 = DIRECTION('',(-1.,2.22044604925E-16));
#5404 = ( GEOMETRIC_REPRESENTATION_CONTEXT(2) 
PARAMETRIC_REPRESENTATION_CONTEXT() REPRESENTATION_CONTEXT('2D SPACE',''
  ) );
#5405 = ORIENTED_EDGE('',*,*,#5313,.F.);
#5406 = ORIENTED_EDGE('',*,*,#4530,.F.);
#5407 = ADVANCED_FACE('',(#5408),#4518,.T.);
#5408 = FACE_BOUND('',#5409,.T.);
#5409 = EDGE_LOOP('',(#5410,#5433,#5454,#5455));
#5410 = ORIENTED_EDGE('',*,*,#5411,.T.);
#5411 = EDGE_CURVE('',#4475,#5412,#5414,.T.);
#5412 = VERTEX_POINT('',#5413);
#5413 = CARTESIAN_POINT('',(-3.410630000003,-5.482515333332,7.8));
#5414 = SURFACE_CURVE('',#5415,(#5419,#5426),.PCURVE_S1.);
#5415 = LINE('',#5416,#5417);
#5416 = CARTESIAN_POINT('',(-3.410630000003,-5.482515333332,9.3));
#5417 = VECTOR('',#5418,1.);
#5418 = DIRECTION('',(1.949068016125E-16,-3.375884831335E-16,-1.));
#5419 = PCURVE('',#4518,#5420);
#5420 = DEFINITIONAL_REPRESENTATION('',(#5421),#5425);
#5421 = LINE('',#5422,#5423);
#5422 = CARTESIAN_POINT('',(-0.,0.));
#5423 = VECTOR('',#5424,1.);
#5424 = DIRECTION('',(2.465190328816E-32,-1.));
#5425 = ( GEOMETRIC_REPRESENTATION_CONTEXT(2) 
PARAMETRIC_REPRESENTATION_CONTEXT() REPRESENTATION_CONTEXT('2D SPACE',''
  ) );
#5426 = PCURVE('',#4490,#5427);
#5427 = DEFINITIONAL_REPRESENTATION('',(#5428),#5432);
#5428 = LINE('',#5429,#5430);
#5429 = CARTESIAN_POINT('',(1.533145333335,-5.175722075038E-16));
#5430 = VECTOR('',#5431,1.);
#5431 = DIRECTION('',(-4.930380657631E-32,-1.));
#5432 = ( GEOMETRIC_REPRESENTATION_CONTEXT(2) 
PARAMETRIC_REPRESENTATION_CONTEXT() REPRESENTATION_CONTEXT('2D SPACE',''
  ) );
#5433 = ORIENTED_EDGE('',*,*,#5434,.T.);
#5434 = EDGE_CURVE('',#5412,#5363,#5435,.T.);
#5435 = SURFACE_CURVE('',#5436,(#5440,#5447),.PCURVE_S1.);
#5436 = LINE('',#5437,#5438);
#5437 = CARTESIAN_POINT('',(-3.410630000003,-5.482515333332,7.8));
#5438 = VECTOR('',#5439,1.);
#5439 = DIRECTION('',(-1.,-4.440892098501E-16,-1.949068016125E-16));
#5440 = PCURVE('',#4518,#5441);
#5441 = DEFINITIONAL_REPRESENTATION('',(#5442),#5446);
#5442 = LINE('',#5443,#5444);
#5443 = CARTESIAN_POINT('',(2.923602024187E-16,-1.5));
#5444 = VECTOR('',#5445,1.);
#5445 = DIRECTION('',(1.,-7.395570986447E-32));
#5446 = ( GEOMETRIC_REPRESENTATION_CONTEXT(2) 
PARAMETRIC_REPRESENTATION_CONTEXT() REPRESENTATION_CONTEXT('2D SPACE',''
  ) );
#5447 = PCURVE('',#5080,#5448);
#5448 = DEFINITIONAL_REPRESENTATION('',(#5449),#5453);
#5449 = LINE('',#5450,#5451);
#5450 = CARTESIAN_POINT('',(1.932515333332,-0.399369999997));
#5451 = VECTOR('',#5452,1.);
#5452 = DIRECTION('',(2.22044604925E-16,1.));
#5453 = ( GEOMETRIC_REPRESENTATION_CONTEXT(2) 
PARAMETRIC_REPRESENTATION_CONTEXT() REPRESENTATION_CONTEXT('2D SPACE',''
  ) );
#5454 = ORIENTED_EDGE('',*,*,#5362,.F.);
#5455 = ORIENTED_EDGE('',*,*,#4502,.F.);
#5456 = ADVANCED_FACE('',(#5457),#4490,.T.);
#5457 = FACE_BOUND('',#5458,.T.);
#5458 = EDGE_LOOP('',(#5459,#5482,#5503,#5504));
#5459 = ORIENTED_EDGE('',*,*,#5460,.T.);
#5460 = EDGE_CURVE('',#4447,#5461,#5463,.T.);
#5461 = VERTEX_POINT('',#5462);
#5462 = CARTESIAN_POINT('',(-3.410630000003,-3.949369999997,7.8));
#5463 = SURFACE_CURVE('',#5464,(#5468,#5475),.PCURVE_S1.);
#5464 = LINE('',#5465,#5466);
#5465 = CARTESIAN_POINT('',(-3.410630000003,-3.949369999997,9.3));
#5466 = VECTOR('',#5467,1.);
#5467 = DIRECTION('',(1.949068016125E-16,-3.375884831335E-16,-1.));
#5468 = PCURVE('',#4490,#5469);
#5469 = DEFINITIONAL_REPRESENTATION('',(#5470),#5474);
#5470 = LINE('',#5471,#5472);
#5471 = CARTESIAN_POINT('',(0.,0.));
#5472 = VECTOR('',#5473,1.);
#5473 = DIRECTION('',(-4.930380657631E-32,-1.));
#5474 = ( GEOMETRIC_REPRESENTATION_CONTEXT(2) 
PARAMETRIC_REPRESENTATION_CONTEXT() REPRESENTATION_CONTEXT('2D SPACE',''
  ) );
#5475 = PCURVE('',#4462,#5476);
#5476 = DEFINITIONAL_REPRESENTATION('',(#5477),#5481);
#5477 = LINE('',#5478,#5479);
#5478 = CARTESIAN_POINT('',(1.533145333334,2.988204533272E-16));
#5479 = VECTOR('',#5480,1.);
#5480 = DIRECTION('',(2.465190328816E-32,-1.));
#5481 = ( GEOMETRIC_REPRESENTATION_CONTEXT(2) 
PARAMETRIC_REPRESENTATION_CONTEXT() REPRESENTATION_CONTEXT('2D SPACE',''
  ) );
#5482 = ORIENTED_EDGE('',*,*,#5483,.T.);
#5483 = EDGE_CURVE('',#5461,#5412,#5484,.T.);
#5484 = SURFACE_CURVE('',#5485,(#5489,#5496),.PCURVE_S1.);
#5485 = LINE('',#5486,#5487);
#5486 = CARTESIAN_POINT('',(-3.410630000003,-3.949369999997,7.8));
#5487 = VECTOR('',#5488,1.);
#5488 = DIRECTION('',(4.440892098501E-16,-1.,3.375884831335E-16));
#5489 = PCURVE('',#4490,#5490);
#5490 = DEFINITIONAL_REPRESENTATION('',(#5491),#5495);
#5491 = LINE('',#5492,#5493);
#5492 = CARTESIAN_POINT('',(-6.229351485021E-17,-1.5));
#5493 = VECTOR('',#5494,1.);
#5494 = DIRECTION('',(1.,4.930380657631E-32));
#5495 = ( GEOMETRIC_REPRESENTATION_CONTEXT(2) 
PARAMETRIC_REPRESENTATION_CONTEXT() REPRESENTATION_CONTEXT('2D SPACE',''
  ) );
#5496 = PCURVE('',#5080,#5497);
#5497 = DEFINITIONAL_REPRESENTATION('',(#5498),#5502);
#5498 = LINE('',#5499,#5500);
#5499 = CARTESIAN_POINT('',(0.399369999997,-0.399369999997));
#5500 = VECTOR('',#5501,1.);
#5501 = DIRECTION('',(1.,-2.22044604925E-16));
#5502 = ( GEOMETRIC_REPRESENTATION_CONTEXT(2) 
PARAMETRIC_REPRESENTATION_CONTEXT() REPRESENTATION_CONTEXT('2D SPACE',''
  ) );
#5503 = ORIENTED_EDGE('',*,*,#5411,.F.);
#5504 = ORIENTED_EDGE('',*,*,#4474,.F.);
#5505 = ADVANCED_FACE('',(#5506),#4462,.T.);
#5506 = FACE_BOUND('',#5507,.T.);
#5507 = EDGE_LOOP('',(#5508,#5531,#5552,#5553));
#5508 = ORIENTED_EDGE('',*,*,#5509,.T.);
#5509 = EDGE_CURVE('',#4419,#5510,#5512,.T.);
#5510 = VERTEX_POINT('',#5511);
#5511 = CARTESIAN_POINT('',(-1.877484666669,-3.949369999997,7.8));
#5512 = SURFACE_CURVE('',#5513,(#5517,#5524),.PCURVE_S1.);
#5513 = LINE('',#5514,#5515);
#5514 = CARTESIAN_POINT('',(-1.877484666669,-3.949369999997,9.3));
#5515 = VECTOR('',#5516,1.);
#5516 = DIRECTION('',(1.949068016125E-16,-3.375884831335E-16,-1.));
#5517 = PCURVE('',#4462,#5518);
#5518 = DEFINITIONAL_REPRESENTATION('',(#5519),#5523);
#5519 = LINE('',#5520,#5521);
#5520 = CARTESIAN_POINT('',(-0.,0.));
#5521 = VECTOR('',#5522,1.);
#5522 = DIRECTION('',(2.465190328816E-32,-1.));
#5523 = ( GEOMETRIC_REPRESENTATION_CONTEXT(2) 
PARAMETRIC_REPRESENTATION_CONTEXT() REPRESENTATION_CONTEXT('2D SPACE',''
  ) );
#5524 = PCURVE('',#4434,#5525);
#5525 = DEFINITIONAL_REPRESENTATION('',(#5526),#5530);
#5526 = LINE('',#5527,#5528);
#5527 = CARTESIAN_POINT('',(0.798739999994,-2.696454250162E-16));
#5528 = VECTOR('',#5529,1.);
#5529 = DIRECTION('',(-4.930380657631E-32,-1.));
#5530 = ( GEOMETRIC_REPRESENTATION_CONTEXT(2) 
PARAMETRIC_REPRESENTATION_CONTEXT() REPRESENTATION_CONTEXT('2D SPACE',''
  ) );
#5531 = ORIENTED_EDGE('',*,*,#5532,.T.);
#5532 = EDGE_CURVE('',#5510,#5461,#5533,.T.);
#5533 = SURFACE_CURVE('',#5534,(#5538,#5545),.PCURVE_S1.);
#5534 = LINE('',#5535,#5536);
#5535 = CARTESIAN_POINT('',(-1.877484666669,-3.949369999997,7.8));
#5536 = VECTOR('',#5537,1.);
#5537 = DIRECTION('',(-1.,-4.440892098501E-16,-1.949068016125E-16));
#5538 = PCURVE('',#4462,#5539);
#5539 = DEFINITIONAL_REPRESENTATION('',(#5540),#5544);
#5540 = LINE('',#5541,#5542);
#5541 = CARTESIAN_POINT('',(7.031559749365E-17,-1.5));
#5542 = VECTOR('',#5543,1.);
#5543 = DIRECTION('',(1.,-7.395570986447E-32));
#5544 = ( GEOMETRIC_REPRESENTATION_CONTEXT(2) 
PARAMETRIC_REPRESENTATION_CONTEXT() REPRESENTATION_CONTEXT('2D SPACE',''
  ) );
#5545 = PCURVE('',#5080,#5546);
#5546 = DEFINITIONAL_REPRESENTATION('',(#5547),#5551);
#5547 = LINE('',#5548,#5549);
#5548 = CARTESIAN_POINT('',(0.399369999997,-1.932515333332));
#5549 = VECTOR('',#5550,1.);
#5550 = DIRECTION('',(2.22044604925E-16,1.));
#5551 = ( GEOMETRIC_REPRESENTATION_CONTEXT(2) 
PARAMETRIC_REPRESENTATION_CONTEXT() REPRESENTATION_CONTEXT('2D SPACE',''
  ) );
#5552 = ORIENTED_EDGE('',*,*,#5460,.F.);
#5553 = ORIENTED_EDGE('',*,*,#4446,.F.);
#5554 = ADVANCED_FACE('',(#5555),#4434,.T.);
#5555 = FACE_BOUND('',#5556,.T.);
#5556 = EDGE_LOOP('',(#5557,#5580,#5601,#5602));
#5557 = ORIENTED_EDGE('',*,*,#5558,.T.);
#5558 = EDGE_CURVE('',#4391,#5559,#5561,.T.);
#5559 = VERTEX_POINT('',#5560);
#5560 = CARTESIAN_POINT('',(-1.877484666669,-3.150630000003,7.8));
#5561 = SURFACE_CURVE('',#5562,(#5566,#5573),.PCURVE_S1.);
#5562 = LINE('',#5563,#5564);
#5563 = CARTESIAN_POINT('',(-1.877484666669,-3.150630000003,9.3));
#5564 = VECTOR('',#5565,1.);
#5565 = DIRECTION('',(1.949068016125E-16,-3.375884831335E-16,-1.));
#5566 = PCURVE('',#4434,#5567);
#5567 = DEFINITIONAL_REPRESENTATION('',(#5568),#5572);
#5568 = LINE('',#5569,#5570);
#5569 = CARTESIAN_POINT('',(0.,0.));
#5570 = VECTOR('',#5571,1.);
#5571 = DIRECTION('',(-4.930380657631E-32,-1.));
#5572 = ( GEOMETRIC_REPRESENTATION_CONTEXT(2) 
PARAMETRIC_REPRESENTATION_CONTEXT() REPRESENTATION_CONTEXT('2D SPACE',''
  ) );
#5573 = PCURVE('',#4406,#5574);
#5574 = DEFINITIONAL_REPRESENTATION('',(#5575),#5579);
#5575 = LINE('',#5576,#5577);
#5576 = CARTESIAN_POINT('',(1.533145333334,-2.988204533272E-16));
#5577 = VECTOR('',#5578,1.);
#5578 = DIRECTION('',(-2.465190328816E-32,-1.));
#5579 = ( GEOMETRIC_REPRESENTATION_CONTEXT(2) 
PARAMETRIC_REPRESENTATION_CONTEXT() REPRESENTATION_CONTEXT('2D SPACE',''
  ) );
#5580 = ORIENTED_EDGE('',*,*,#5581,.T.);
#5581 = EDGE_CURVE('',#5559,#5510,#5582,.T.);
#5582 = SURFACE_CURVE('',#5583,(#5587,#5594),.PCURVE_S1.);
#5583 = LINE('',#5584,#5585);
#5584 = CARTESIAN_POINT('',(-1.877484666669,-3.150630000003,7.8));
#5585 = VECTOR('',#5586,1.);
#5586 = DIRECTION('',(4.440892098501E-16,-1.,3.375884831335E-16));
#5587 = PCURVE('',#4434,#5588);
#5588 = DEFINITIONAL_REPRESENTATION('',(#5589),#5593);
#5589 = LINE('',#5590,#5591);
#5590 = CARTESIAN_POINT('',(-6.229351485021E-17,-1.5));
#5591 = VECTOR('',#5592,1.);
#5592 = DIRECTION('',(1.,4.930380657631E-32));
#5593 = ( GEOMETRIC_REPRESENTATION_CONTEXT(2) 
PARAMETRIC_REPRESENTATION_CONTEXT() REPRESENTATION_CONTEXT('2D SPACE',''
  ) );
#5594 = PCURVE('',#5080,#5595);
#5595 = DEFINITIONAL_REPRESENTATION('',(#5596),#5600);
#5596 = LINE('',#5597,#5598);
#5597 = CARTESIAN_POINT('',(-0.399369999997,-1.932515333332));
#5598 = VECTOR('',#5599,1.);
#5599 = DIRECTION('',(1.,-2.22044604925E-16));
#5600 = ( GEOMETRIC_REPRESENTATION_CONTEXT(2) 
PARAMETRIC_REPRESENTATION_CONTEXT() REPRESENTATION_CONTEXT('2D SPACE',''
  ) );
#5601 = ORIENTED_EDGE('',*,*,#5509,.F.);
#5602 = ORIENTED_EDGE('',*,*,#4418,.F.);
#5603 = ADVANCED_FACE('',(#5604),#4406,.T.);
#5604 = FACE_BOUND('',#5605,.T.);
#5605 = EDGE_LOOP('',(#5606,#5607,#5628,#5629));
#5606 = ORIENTED_EDGE('',*,*,#5092,.T.);
#5607 = ORIENTED_EDGE('',*,*,#5608,.T.);
#5608 = EDGE_CURVE('',#5065,#5559,#5609,.T.);
#5609 = SURFACE_CURVE('',#5610,(#5614,#5621),.PCURVE_S1.);
#5610 = LINE('',#5611,#5612);
#5611 = CARTESIAN_POINT('',(-3.410630000003,-3.150630000003,7.8));
#5612 = VECTOR('',#5613,1.);
#5613 = DIRECTION('',(1.,4.440892098501E-16,1.949068016125E-16));
#5614 = PCURVE('',#4406,#5615);
#5615 = DEFINITIONAL_REPRESENTATION('',(#5616),#5620);
#5616 = LINE('',#5617,#5618);
#5617 = CARTESIAN_POINT('',(-2.923602024187E-16,-1.5));
#5618 = VECTOR('',#5619,1.);
#5619 = DIRECTION('',(1.,7.395570986447E-32));
#5620 = ( GEOMETRIC_REPRESENTATION_CONTEXT(2) 
PARAMETRIC_REPRESENTATION_CONTEXT() REPRESENTATION_CONTEXT('2D SPACE',''
  ) );
#5621 = PCURVE('',#5080,#5622);
#5622 = DEFINITIONAL_REPRESENTATION('',(#5623),#5627);
#5623 = LINE('',#5624,#5625);
#5624 = CARTESIAN_POINT('',(-0.399369999997,-0.399369999997));
#5625 = VECTOR('',#5626,1.);
#5626 = DIRECTION('',(-2.22044604925E-16,-1.));
#5627 = ( GEOMETRIC_REPRESENTATION_CONTEXT(2) 
PARAMETRIC_REPRESENTATION_CONTEXT() REPRESENTATION_CONTEXT('2D SPACE',''
  ) );
#5628 = ORIENTED_EDGE('',*,*,#5558,.F.);
#5629 = ORIENTED_EDGE('',*,*,#4390,.F.);
#5630 = ADVANCED_FACE('',(#5631),#4720,.T.);
#5631 = FACE_BOUND('',#5632,.T.);
#5632 = EDGE_LOOP('',(#5633,#5656,#5684,#5705));
#5633 = ORIENTED_EDGE('',*,*,#5634,.T.);
#5634 = EDGE_CURVE('',#4703,#5635,#5637,.T.);
#5635 = VERTEX_POINT('',#5636);
#5636 = CARTESIAN_POINT('',(4.209369999997,-1.617484666668,7.8));
#5637 = SURFACE_CURVE('',#5638,(#5642,#5649),.PCURVE_S1.);
#5638 = LINE('',#5639,#5640);
#5639 = CARTESIAN_POINT('',(4.209369999997,-1.617484666668,9.3));
#5640 = VECTOR('',#5641,1.);
#5641 = DIRECTION('',(1.949068016125E-16,-3.375884831335E-16,-1.));
#5642 = PCURVE('',#4720,#5643);
#5643 = DEFINITIONAL_REPRESENTATION('',(#5644),#5648);
#5644 = LINE('',#5645,#5646);
#5645 = CARTESIAN_POINT('',(0.,0.));
#5646 = VECTOR('',#5647,1.);
#5647 = DIRECTION('',(-4.930380657631E-32,-1.));
#5648 = ( GEOMETRIC_REPRESENTATION_CONTEXT(2) 
PARAMETRIC_REPRESENTATION_CONTEXT() REPRESENTATION_CONTEXT('2D SPACE',''
  ) );
#5649 = PCURVE('',#5026,#5650);
#5650 = DEFINITIONAL_REPRESENTATION('',(#5651),#5655);
#5651 = LINE('',#5652,#5653);
#5652 = CARTESIAN_POINT('',(0.798739999994,-1.556798587188E-16));
#5653 = VECTOR('',#5654,1.);
#5654 = DIRECTION('',(2.465190328816E-32,-1.));
#5655 = ( GEOMETRIC_REPRESENTATION_CONTEXT(2) 
PARAMETRIC_REPRESENTATION_CONTEXT() REPRESENTATION_CONTEXT('2D SPACE',''
  ) );
#5656 = ORIENTED_EDGE('',*,*,#5657,.T.);
#5657 = EDGE_CURVE('',#5635,#5658,#5660,.T.);
#5658 = VERTEX_POINT('',#5659);
#5659 = CARTESIAN_POINT('',(4.209369999997,-3.150630000003,7.8));
#5660 = SURFACE_CURVE('',#5661,(#5665,#5672),.PCURVE_S1.);
#5661 = LINE('',#5662,#5663);
#5662 = CARTESIAN_POINT('',(4.209369999997,-1.617484666668,7.8));
#5663 = VECTOR('',#5664,1.);
#5664 = DIRECTION('',(2.22044604925E-16,-1.,3.375884831335E-16));
#5665 = PCURVE('',#4720,#5666);
#5666 = DEFINITIONAL_REPRESENTATION('',(#5667),#5671);
#5667 = LINE('',#5668,#5669);
#5668 = CARTESIAN_POINT('',(1.2699741147E-15,-1.5));
#5669 = VECTOR('',#5670,1.);
#5670 = DIRECTION('',(1.,4.930380657631E-32));
#5671 = ( GEOMETRIC_REPRESENTATION_CONTEXT(2) 
PARAMETRIC_REPRESENTATION_CONTEXT() REPRESENTATION_CONTEXT('2D SPACE',''
  ) );
#5672 = PCURVE('',#5673,#5678);
#5673 = PLANE('',#5674);
#5674 = AXIS2_PLACEMENT_3D('',#5675,#5676,#5677);
#5675 = CARTESIAN_POINT('',(3.81,-3.55,7.8));
#5676 = DIRECTION('',(2.091234469184E-16,-4.614639537765E-16,-1.));
#5677 = DIRECTION('',(7.715936301653E-33,-1.,4.614639537765E-16));
#5678 = DEFINITIONAL_REPRESENTATION('',(#5679),#5683);
#5679 = LINE('',#5680,#5681);
#5680 = CARTESIAN_POINT('',(-1.932515333332,-0.399369999997));
#5681 = VECTOR('',#5682,1.);
#5682 = DIRECTION('',(1.,-2.22044604925E-16));
#5683 = ( GEOMETRIC_REPRESENTATION_CONTEXT(2) 
PARAMETRIC_REPRESENTATION_CONTEXT() REPRESENTATION_CONTEXT('2D SPACE',''
  ) );
#5684 = ORIENTED_EDGE('',*,*,#5685,.F.);
#5685 = EDGE_CURVE('',#4705,#5658,#5686,.T.);
#5686 = SURFACE_CURVE('',#5687,(#5691,#5698),.PCURVE_S1.);
#5687 = LINE('',#5688,#5689);
#5688 = CARTESIAN_POINT('',(4.209369999997,-3.150630000003,9.3));
#5689 = VECTOR('',#5690,1.);
#5690 = DIRECTION('',(1.949068016125E-16,-3.375884831335E-16,-1.));
#5691 = PCURVE('',#4720,#5692);
#5692 = DEFINITIONAL_REPRESENTATION('',(#5693),#5697);
#5693 = LINE('',#5694,#5695);
#5694 = CARTESIAN_POINT('',(1.533145333335,-5.175722075038E-16));
#5695 = VECTOR('',#5696,1.);
#5696 = DIRECTION('',(-4.930380657631E-32,-1.));
#5697 = ( GEOMETRIC_REPRESENTATION_CONTEXT(2) 
PARAMETRIC_REPRESENTATION_CONTEXT() REPRESENTATION_CONTEXT('2D SPACE',''
  ) );
#5698 = PCURVE('',#4748,#5699);
#5699 = DEFINITIONAL_REPRESENTATION('',(#5700),#5704);
#5700 = LINE('',#5701,#5702);
#5701 = CARTESIAN_POINT('',(0.,0.));
#5702 = VECTOR('',#5703,1.);
#5703 = DIRECTION('',(2.465190328816E-32,-1.));
#5704 = ( GEOMETRIC_REPRESENTATION_CONTEXT(2) 
PARAMETRIC_REPRESENTATION_CONTEXT() REPRESENTATION_CONTEXT('2D SPACE',''
  ) );
#5705 = ORIENTED_EDGE('',*,*,#4702,.F.);
#5706 = ADVANCED_FACE('',(#5707),#5026,.T.);
#5707 = FACE_BOUND('',#5708,.T.);
#5708 = EDGE_LOOP('',(#5709,#5732,#5753,#5754));
#5709 = ORIENTED_EDGE('',*,*,#5710,.T.);
#5710 = EDGE_CURVE('',#4985,#5711,#5713,.T.);
#5711 = VERTEX_POINT('',#5712);
#5712 = CARTESIAN_POINT('',(3.410630000003,-1.617484666668,7.8));
#5713 = SURFACE_CURVE('',#5714,(#5718,#5725),.PCURVE_S1.);
#5714 = LINE('',#5715,#5716);
#5715 = CARTESIAN_POINT('',(3.410630000003,-1.617484666668,9.3));
#5716 = VECTOR('',#5717,1.);
#5717 = DIRECTION('',(1.949068016125E-16,-3.375884831335E-16,-1.));
#5718 = PCURVE('',#5026,#5719);
#5719 = DEFINITIONAL_REPRESENTATION('',(#5720),#5724);
#5720 = LINE('',#5721,#5722);
#5721 = CARTESIAN_POINT('',(0.,0.));
#5722 = VECTOR('',#5723,1.);
#5723 = DIRECTION('',(2.465190328816E-32,-1.));
#5724 = ( GEOMETRIC_REPRESENTATION_CONTEXT(2) 
PARAMETRIC_REPRESENTATION_CONTEXT() REPRESENTATION_CONTEXT('2D SPACE',''
  ) );
#5725 = PCURVE('',#5000,#5726);
#5726 = DEFINITIONAL_REPRESENTATION('',(#5727),#5731);
#5727 = LINE('',#5728,#5729);
#5728 = CARTESIAN_POINT('',(1.533145333335,5.175722075038E-16));
#5729 = VECTOR('',#5730,1.);
#5730 = DIRECTION('',(4.930380657631E-32,-1.));
#5731 = ( GEOMETRIC_REPRESENTATION_CONTEXT(2) 
PARAMETRIC_REPRESENTATION_CONTEXT() REPRESENTATION_CONTEXT('2D SPACE',''
  ) );
#5732 = ORIENTED_EDGE('',*,*,#5733,.T.);
#5733 = EDGE_CURVE('',#5711,#5635,#5734,.T.);
#5734 = SURFACE_CURVE('',#5735,(#5739,#5746),.PCURVE_S1.);
#5735 = LINE('',#5736,#5737);
#5736 = CARTESIAN_POINT('',(3.410630000003,-1.617484666668,7.8));
#5737 = VECTOR('',#5738,1.);
#5738 = DIRECTION('',(1.,2.22044604925E-16,1.949068016125E-16));
#5739 = PCURVE('',#5026,#5740);
#5740 = DEFINITIONAL_REPRESENTATION('',(#5741),#5745);
#5741 = LINE('',#5742,#5743);
#5742 = CARTESIAN_POINT('',(-7.364494122687E-16,-1.5));
#5743 = VECTOR('',#5744,1.);
#5744 = DIRECTION('',(1.,-2.465190328816E-32));
#5745 = ( GEOMETRIC_REPRESENTATION_CONTEXT(2) 
PARAMETRIC_REPRESENTATION_CONTEXT() REPRESENTATION_CONTEXT('2D SPACE',''
  ) );
#5746 = PCURVE('',#5673,#5747);
#5747 = DEFINITIONAL_REPRESENTATION('',(#5748),#5752);
#5748 = LINE('',#5749,#5750);
#5749 = CARTESIAN_POINT('',(-1.932515333332,0.399369999997));
#5750 = VECTOR('',#5751,1.);
#5751 = DIRECTION('',(-2.22044604925E-16,-1.));
#5752 = ( GEOMETRIC_REPRESENTATION_CONTEXT(2) 
PARAMETRIC_REPRESENTATION_CONTEXT() REPRESENTATION_CONTEXT('2D SPACE',''
  ) );
#5753 = ORIENTED_EDGE('',*,*,#5634,.F.);
#5754 = ORIENTED_EDGE('',*,*,#5012,.F.);
#5755 = ADVANCED_FACE('',(#5756),#5000,.T.);
#5756 = FACE_BOUND('',#5757,.T.);
#5757 = EDGE_LOOP('',(#5758,#5781,#5802,#5803));
#5758 = ORIENTED_EDGE('',*,*,#5759,.T.);
#5759 = EDGE_CURVE('',#4957,#5760,#5762,.T.);
#5760 = VERTEX_POINT('',#5761);
#5761 = CARTESIAN_POINT('',(3.410630000003,-3.150630000003,7.8));
#5762 = SURFACE_CURVE('',#5763,(#5767,#5774),.PCURVE_S1.);
#5763 = LINE('',#5764,#5765);
#5764 = CARTESIAN_POINT('',(3.410630000003,-3.150630000003,9.3));
#5765 = VECTOR('',#5766,1.);
#5766 = DIRECTION('',(1.949068016125E-16,-3.375884831335E-16,-1.));
#5767 = PCURVE('',#5000,#5768);
#5768 = DEFINITIONAL_REPRESENTATION('',(#5769),#5773);
#5769 = LINE('',#5770,#5771);
#5770 = CARTESIAN_POINT('',(0.,0.));
#5771 = VECTOR('',#5772,1.);
#5772 = DIRECTION('',(4.930380657631E-32,-1.));
#5773 = ( GEOMETRIC_REPRESENTATION_CONTEXT(2) 
PARAMETRIC_REPRESENTATION_CONTEXT() REPRESENTATION_CONTEXT('2D SPACE',''
  ) );
#5774 = PCURVE('',#4972,#5775);
#5775 = DEFINITIONAL_REPRESENTATION('',(#5776),#5780);
#5776 = LINE('',#5777,#5778);
#5777 = CARTESIAN_POINT('',(1.533145333335,-2.988204533274E-16));
#5778 = VECTOR('',#5779,1.);
#5779 = DIRECTION('',(2.465190328816E-32,-1.));
#5780 = ( GEOMETRIC_REPRESENTATION_CONTEXT(2) 
PARAMETRIC_REPRESENTATION_CONTEXT() REPRESENTATION_CONTEXT('2D SPACE',''
  ) );
#5781 = ORIENTED_EDGE('',*,*,#5782,.T.);
#5782 = EDGE_CURVE('',#5760,#5711,#5783,.T.);
#5783 = SURFACE_CURVE('',#5784,(#5788,#5795),.PCURVE_S1.);
#5784 = LINE('',#5785,#5786);
#5785 = CARTESIAN_POINT('',(3.410630000003,-3.150630000003,7.8));
#5786 = VECTOR('',#5787,1.);
#5787 = DIRECTION('',(-2.22044604925E-16,1.,-3.375884831335E-16));
#5788 = PCURVE('',#5000,#5789);
#5789 = DEFINITIONAL_REPRESENTATION('',(#5790),#5794);
#5790 = LINE('',#5791,#5792);
#5791 = CARTESIAN_POINT('',(5.063827247003E-16,-1.5));
#5792 = VECTOR('',#5793,1.);
#5793 = DIRECTION('',(1.,-4.930380657631E-32));
#5794 = ( GEOMETRIC_REPRESENTATION_CONTEXT(2) 
PARAMETRIC_REPRESENTATION_CONTEXT() REPRESENTATION_CONTEXT('2D SPACE',''
  ) );
#5795 = PCURVE('',#5673,#5796);
#5796 = DEFINITIONAL_REPRESENTATION('',(#5797),#5801);
#5797 = LINE('',#5798,#5799);
#5798 = CARTESIAN_POINT('',(-0.399369999997,0.399369999997));
#5799 = VECTOR('',#5800,1.);
#5800 = DIRECTION('',(-1.,2.22044604925E-16));
#5801 = ( GEOMETRIC_REPRESENTATION_CONTEXT(2) 
PARAMETRIC_REPRESENTATION_CONTEXT() REPRESENTATION_CONTEXT('2D SPACE',''
  ) );
#5802 = ORIENTED_EDGE('',*,*,#5710,.F.);
#5803 = ORIENTED_EDGE('',*,*,#4984,.F.);
#5804 = ADVANCED_FACE('',(#5805),#4972,.T.);
#5805 = FACE_BOUND('',#5806,.T.);
#5806 = EDGE_LOOP('',(#5807,#5830,#5851,#5852));
#5807 = ORIENTED_EDGE('',*,*,#5808,.T.);
#5808 = EDGE_CURVE('',#4929,#5809,#5811,.T.);
#5809 = VERTEX_POINT('',#5810);
#5810 = CARTESIAN_POINT('',(1.877484666668,-3.150630000003,7.8));
#5811 = SURFACE_CURVE('',#5812,(#5816,#5823),.PCURVE_S1.);
#5812 = LINE('',#5813,#5814);
#5813 = CARTESIAN_POINT('',(1.877484666668,-3.150630000003,9.3));
#5814 = VECTOR('',#5815,1.);
#5815 = DIRECTION('',(1.949068016125E-16,-3.375884831335E-16,-1.));
#5816 = PCURVE('',#4972,#5817);
#5817 = DEFINITIONAL_REPRESENTATION('',(#5818),#5822);
#5818 = LINE('',#5819,#5820);
#5819 = CARTESIAN_POINT('',(0.,0.));
#5820 = VECTOR('',#5821,1.);
#5821 = DIRECTION('',(2.465190328816E-32,-1.));
#5822 = ( GEOMETRIC_REPRESENTATION_CONTEXT(2) 
PARAMETRIC_REPRESENTATION_CONTEXT() REPRESENTATION_CONTEXT('2D SPACE',''
  ) );
#5823 = PCURVE('',#4944,#5824);
#5824 = DEFINITIONAL_REPRESENTATION('',(#5825),#5829);
#5825 = LINE('',#5826,#5827);
#5826 = CARTESIAN_POINT('',(0.798739999994,2.696454250162E-16));
#5827 = VECTOR('',#5828,1.);
#5828 = DIRECTION('',(4.930380657631E-32,-1.));
#5829 = ( GEOMETRIC_REPRESENTATION_CONTEXT(2) 
PARAMETRIC_REPRESENTATION_CONTEXT() REPRESENTATION_CONTEXT('2D SPACE',''
  ) );
#5830 = ORIENTED_EDGE('',*,*,#5831,.T.);
#5831 = EDGE_CURVE('',#5809,#5760,#5832,.T.);
#5832 = SURFACE_CURVE('',#5833,(#5837,#5844),.PCURVE_S1.);
#5833 = LINE('',#5834,#5835);
#5834 = CARTESIAN_POINT('',(1.877484666668,-3.150630000003,7.8));
#5835 = VECTOR('',#5836,1.);
#5836 = DIRECTION('',(1.,2.22044604925E-16,1.949068016125E-16));
#5837 = PCURVE('',#4972,#5838);
#5838 = DEFINITIONAL_REPRESENTATION('',(#5839),#5843);
#5839 = LINE('',#5840,#5841);
#5840 = CARTESIAN_POINT('',(-7.031559749365E-17,-1.5));
#5841 = VECTOR('',#5842,1.);
#5842 = DIRECTION('',(1.,-2.465190328816E-32));
#5843 = ( GEOMETRIC_REPRESENTATION_CONTEXT(2) 
PARAMETRIC_REPRESENTATION_CONTEXT() REPRESENTATION_CONTEXT('2D SPACE',''
  ) );
#5844 = PCURVE('',#5673,#5845);
#5845 = DEFINITIONAL_REPRESENTATION('',(#5846),#5850);
#5846 = LINE('',#5847,#5848);
#5847 = CARTESIAN_POINT('',(-0.399369999997,1.932515333332));
#5848 = VECTOR('',#5849,1.);
#5849 = DIRECTION('',(-2.22044604925E-16,-1.));
#5850 = ( GEOMETRIC_REPRESENTATION_CONTEXT(2) 
PARAMETRIC_REPRESENTATION_CONTEXT() REPRESENTATION_CONTEXT('2D SPACE',''
  ) );
#5851 = ORIENTED_EDGE('',*,*,#5759,.F.);
#5852 = ORIENTED_EDGE('',*,*,#4956,.F.);
#5853 = ADVANCED_FACE('',(#5854),#4944,.T.);
#5854 = FACE_BOUND('',#5855,.T.);
#5855 = EDGE_LOOP('',(#5856,#5879,#5900,#5901));
#5856 = ORIENTED_EDGE('',*,*,#5857,.T.);
#5857 = EDGE_CURVE('',#4901,#5858,#5860,.T.);
#5858 = VERTEX_POINT('',#5859);
#5859 = CARTESIAN_POINT('',(1.877484666668,-3.949369999997,7.8));
#5860 = SURFACE_CURVE('',#5861,(#5865,#5872),.PCURVE_S1.);
#5861 = LINE('',#5862,#5863);
#5862 = CARTESIAN_POINT('',(1.877484666668,-3.949369999997,9.3));
#5863 = VECTOR('',#5864,1.);
#5864 = DIRECTION('',(1.949068016125E-16,-3.375884831335E-16,-1.));
#5865 = PCURVE('',#4944,#5866);
#5866 = DEFINITIONAL_REPRESENTATION('',(#5867),#5871);
#5867 = LINE('',#5868,#5869);
#5868 = CARTESIAN_POINT('',(0.,0.));
#5869 = VECTOR('',#5870,1.);
#5870 = DIRECTION('',(4.930380657631E-32,-1.));
#5871 = ( GEOMETRIC_REPRESENTATION_CONTEXT(2) 
PARAMETRIC_REPRESENTATION_CONTEXT() REPRESENTATION_CONTEXT('2D SPACE',''
  ) );
#5872 = PCURVE('',#4916,#5873);
#5873 = DEFINITIONAL_REPRESENTATION('',(#5874),#5878);
#5874 = LINE('',#5875,#5876);
#5875 = CARTESIAN_POINT('',(1.533145333335,2.988204533274E-16));
#5876 = VECTOR('',#5877,1.);
#5877 = DIRECTION('',(-2.465190328816E-32,-1.));
#5878 = ( GEOMETRIC_REPRESENTATION_CONTEXT(2) 
PARAMETRIC_REPRESENTATION_CONTEXT() REPRESENTATION_CONTEXT('2D SPACE',''
  ) );
#5879 = ORIENTED_EDGE('',*,*,#5880,.T.);
#5880 = EDGE_CURVE('',#5858,#5809,#5881,.T.);
#5881 = SURFACE_CURVE('',#5882,(#5886,#5893),.PCURVE_S1.);
#5882 = LINE('',#5883,#5884);
#5883 = CARTESIAN_POINT('',(1.877484666668,-3.949369999997,7.8));
#5884 = VECTOR('',#5885,1.);
#5885 = DIRECTION('',(-2.22044604925E-16,1.,-3.375884831335E-16));
#5886 = PCURVE('',#4944,#5887);
#5887 = DEFINITIONAL_REPRESENTATION('',(#5888),#5892);
#5888 = LINE('',#5889,#5890);
#5889 = CARTESIAN_POINT('',(-1.2699741147E-15,-1.5));
#5890 = VECTOR('',#5891,1.);
#5891 = DIRECTION('',(1.,-4.930380657631E-32));
#5892 = ( GEOMETRIC_REPRESENTATION_CONTEXT(2) 
PARAMETRIC_REPRESENTATION_CONTEXT() REPRESENTATION_CONTEXT('2D SPACE',''
  ) );
#5893 = PCURVE('',#5673,#5894);
#5894 = DEFINITIONAL_REPRESENTATION('',(#5895),#5899);
#5895 = LINE('',#5896,#5897);
#5896 = CARTESIAN_POINT('',(0.399369999997,1.932515333332));
#5897 = VECTOR('',#5898,1.);
#5898 = DIRECTION('',(-1.,2.22044604925E-16));
#5899 = ( GEOMETRIC_REPRESENTATION_CONTEXT(2) 
PARAMETRIC_REPRESENTATION_CONTEXT() REPRESENTATION_CONTEXT('2D SPACE',''
  ) );
#5900 = ORIENTED_EDGE('',*,*,#5808,.F.);
#5901 = ORIENTED_EDGE('',*,*,#4928,.F.);
#5902 = ADVANCED_FACE('',(#5903),#4916,.T.);
#5903 = FACE_BOUND('',#5904,.T.);
#5904 = EDGE_LOOP('',(#5905,#5928,#5949,#5950));
#5905 = ORIENTED_EDGE('',*,*,#5906,.T.);
#5906 = EDGE_CURVE('',#4873,#5907,#5909,.T.);
#5907 = VERTEX_POINT('',#5908);
#5908 = CARTESIAN_POINT('',(3.410630000003,-3.949369999997,7.8));
#5909 = SURFACE_CURVE('',#5910,(#5914,#5921),.PCURVE_S1.);
#5910 = LINE('',#5911,#5912);
#5911 = CARTESIAN_POINT('',(3.410630000003,-3.949369999997,9.3));
#5912 = VECTOR('',#5913,1.);
#5913 = DIRECTION('',(1.949068016125E-16,-3.375884831335E-16,-1.));
#5914 = PCURVE('',#4916,#5915);
#5915 = DEFINITIONAL_REPRESENTATION('',(#5916),#5920);
#5916 = LINE('',#5917,#5918);
#5917 = CARTESIAN_POINT('',(-0.,0.));
#5918 = VECTOR('',#5919,1.);
#5919 = DIRECTION('',(-2.465190328816E-32,-1.));
#5920 = ( GEOMETRIC_REPRESENTATION_CONTEXT(2) 
PARAMETRIC_REPRESENTATION_CONTEXT() REPRESENTATION_CONTEXT('2D SPACE',''
  ) );
#5921 = PCURVE('',#4888,#5922);
#5922 = DEFINITIONAL_REPRESENTATION('',(#5923),#5927);
#5923 = LINE('',#5924,#5925);
#5924 = CARTESIAN_POINT('',(1.533145333335,-1.258784631896E-15));
#5925 = VECTOR('',#5926,1.);
#5926 = DIRECTION('',(4.930380657631E-32,-1.));
#5927 = ( GEOMETRIC_REPRESENTATION_CONTEXT(2) 
PARAMETRIC_REPRESENTATION_CONTEXT() REPRESENTATION_CONTEXT('2D SPACE',''
  ) );
#5928 = ORIENTED_EDGE('',*,*,#5929,.T.);
#5929 = EDGE_CURVE('',#5907,#5858,#5930,.T.);
#5930 = SURFACE_CURVE('',#5931,(#5935,#5942),.PCURVE_S1.);
#5931 = LINE('',#5932,#5933);
#5932 = CARTESIAN_POINT('',(3.410630000003,-3.949369999997,7.8));
#5933 = VECTOR('',#5934,1.);
#5934 = DIRECTION('',(-1.,-2.22044604925E-16,-1.949068016125E-16));
#5935 = PCURVE('',#4916,#5936);
#5936 = DEFINITIONAL_REPRESENTATION('',(#5937),#5941);
#5937 = LINE('',#5938,#5939);
#5938 = CARTESIAN_POINT('',(2.923602024187E-16,-1.5));
#5939 = VECTOR('',#5940,1.);
#5940 = DIRECTION('',(1.,2.465190328816E-32));
#5941 = ( GEOMETRIC_REPRESENTATION_CONTEXT(2) 
PARAMETRIC_REPRESENTATION_CONTEXT() REPRESENTATION_CONTEXT('2D SPACE',''
  ) );
#5942 = PCURVE('',#5673,#5943);
#5943 = DEFINITIONAL_REPRESENTATION('',(#5944),#5948);
#5944 = LINE('',#5945,#5946);
#5945 = CARTESIAN_POINT('',(0.399369999997,0.399369999997));
#5946 = VECTOR('',#5947,1.);
#5947 = DIRECTION('',(2.22044604925E-16,1.));
#5948 = ( GEOMETRIC_REPRESENTATION_CONTEXT(2) 
PARAMETRIC_REPRESENTATION_CONTEXT() REPRESENTATION_CONTEXT('2D SPACE',''
  ) );
#5949 = ORIENTED_EDGE('',*,*,#5857,.F.);
#5950 = ORIENTED_EDGE('',*,*,#4900,.F.);
#5951 = ADVANCED_FACE('',(#5952),#4888,.T.);
#5952 = FACE_BOUND('',#5953,.T.);
#5953 = EDGE_LOOP('',(#5954,#5977,#5998,#5999));
#5954 = ORIENTED_EDGE('',*,*,#5955,.T.);
#5955 = EDGE_CURVE('',#4845,#5956,#5958,.T.);
#5956 = VERTEX_POINT('',#5957);
#5957 = CARTESIAN_POINT('',(3.410630000003,-5.482515333332,7.8));
#5958 = SURFACE_CURVE('',#5959,(#5963,#5970),.PCURVE_S1.);
#5959 = LINE('',#5960,#5961);
#5960 = CARTESIAN_POINT('',(3.410630000003,-5.482515333332,9.3));
#5961 = VECTOR('',#5962,1.);
#5962 = DIRECTION('',(1.949068016125E-16,-3.375884831335E-16,-1.));
#5963 = PCURVE('',#4888,#5964);
#5964 = DEFINITIONAL_REPRESENTATION('',(#5965),#5969);
#5965 = LINE('',#5966,#5967);
#5966 = CARTESIAN_POINT('',(0.,0.));
#5967 = VECTOR('',#5968,1.);
#5968 = DIRECTION('',(4.930380657631E-32,-1.));
#5969 = ( GEOMETRIC_REPRESENTATION_CONTEXT(2) 
PARAMETRIC_REPRESENTATION_CONTEXT() REPRESENTATION_CONTEXT('2D SPACE',''
  ) );
#5970 = PCURVE('',#4860,#5971);
#5971 = DEFINITIONAL_REPRESENTATION('',(#5972),#5976);
#5972 = LINE('',#5973,#5974);
#5973 = CARTESIAN_POINT('',(0.798739999994,1.556798587188E-16));
#5974 = VECTOR('',#5975,1.);
#5975 = DIRECTION('',(-2.465190328816E-32,-1.));
#5976 = ( GEOMETRIC_REPRESENTATION_CONTEXT(2) 
PARAMETRIC_REPRESENTATION_CONTEXT() REPRESENTATION_CONTEXT('2D SPACE',''
  ) );
#5977 = ORIENTED_EDGE('',*,*,#5978,.T.);
#5978 = EDGE_CURVE('',#5956,#5907,#5979,.T.);
#5979 = SURFACE_CURVE('',#5980,(#5984,#5991),.PCURVE_S1.);
#5980 = LINE('',#5981,#5982);
#5981 = CARTESIAN_POINT('',(3.410630000003,-5.482515333332,7.8));
#5982 = VECTOR('',#5983,1.);
#5983 = DIRECTION('',(-2.22044604925E-16,1.,-3.375884831335E-16));
#5984 = PCURVE('',#4888,#5985);
#5985 = DEFINITIONAL_REPRESENTATION('',(#5986),#5990);
#5986 = LINE('',#5987,#5988);
#5987 = CARTESIAN_POINT('',(-1.2699741147E-15,-1.5));
#5988 = VECTOR('',#5989,1.);
#5989 = DIRECTION('',(1.,-4.930380657631E-32));
#5990 = ( GEOMETRIC_REPRESENTATION_CONTEXT(2) 
PARAMETRIC_REPRESENTATION_CONTEXT() REPRESENTATION_CONTEXT('2D SPACE',''
  ) );
#5991 = PCURVE('',#5673,#5992);
#5992 = DEFINITIONAL_REPRESENTATION('',(#5993),#5997);
#5993 = LINE('',#5994,#5995);
#5994 = CARTESIAN_POINT('',(1.932515333332,0.399369999997));
#5995 = VECTOR('',#5996,1.);
#5996 = DIRECTION('',(-1.,2.22044604925E-16));
#5997 = ( GEOMETRIC_REPRESENTATION_CONTEXT(2) 
PARAMETRIC_REPRESENTATION_CONTEXT() REPRESENTATION_CONTEXT('2D SPACE',''
  ) );
#5998 = ORIENTED_EDGE('',*,*,#5906,.F.);
#5999 = ORIENTED_EDGE('',*,*,#4872,.F.);
#6000 = ADVANCED_FACE('',(#6001),#4860,.T.);
#6001 = FACE_BOUND('',#6002,.T.);
#6002 = EDGE_LOOP('',(#6003,#6026,#6047,#6048));
#6003 = ORIENTED_EDGE('',*,*,#6004,.T.);
#6004 = EDGE_CURVE('',#4817,#6005,#6007,.T.);
#6005 = VERTEX_POINT('',#6006);
#6006 = CARTESIAN_POINT('',(4.209369999997,-5.482515333332,7.8));
#6007 = SURFACE_CURVE('',#6008,(#6012,#6019),.PCURVE_S1.);
#6008 = LINE('',#6009,#6010);
#6009 = CARTESIAN_POINT('',(4.209369999997,-5.482515333332,9.3));
#6010 = VECTOR('',#6011,1.);
#6011 = DIRECTION('',(1.949068016125E-16,-3.375884831335E-16,-1.));
#6012 = PCURVE('',#4860,#6013);
#6013 = DEFINITIONAL_REPRESENTATION('',(#6014),#6018);
#6014 = LINE('',#6015,#6016);
#6015 = CARTESIAN_POINT('',(-0.,0.));
#6016 = VECTOR('',#6017,1.);
#6017 = DIRECTION('',(-2.465190328816E-32,-1.));
#6018 = ( GEOMETRIC_REPRESENTATION_CONTEXT(2) 
PARAMETRIC_REPRESENTATION_CONTEXT() REPRESENTATION_CONTEXT('2D SPACE',''
  ) );
#6019 = PCURVE('',#4832,#6020);
#6020 = DEFINITIONAL_REPRESENTATION('',(#6021),#6025);
#6021 = LINE('',#6022,#6023);
#6022 = CARTESIAN_POINT('',(1.533145333335,-5.175722075038E-16));
#6023 = VECTOR('',#6024,1.);
#6024 = DIRECTION('',(-4.930380657631E-32,-1.));
#6025 = ( GEOMETRIC_REPRESENTATION_CONTEXT(2) 
PARAMETRIC_REPRESENTATION_CONTEXT() REPRESENTATION_CONTEXT('2D SPACE',''
  ) );
#6026 = ORIENTED_EDGE('',*,*,#6027,.T.);
#6027 = EDGE_CURVE('',#6005,#5956,#6028,.T.);
#6028 = SURFACE_CURVE('',#6029,(#6033,#6040),.PCURVE_S1.);
#6029 = LINE('',#6030,#6031);
#6030 = CARTESIAN_POINT('',(4.209369999997,-5.482515333332,7.8));
#6031 = VECTOR('',#6032,1.);
#6032 = DIRECTION('',(-1.,-2.22044604925E-16,-1.949068016125E-16));
#6033 = PCURVE('',#4860,#6034);
#6034 = DEFINITIONAL_REPRESENTATION('',(#6035),#6039);
#6035 = LINE('',#6036,#6037);
#6036 = CARTESIAN_POINT('',(1.180538622119E-15,-1.5));
#6037 = VECTOR('',#6038,1.);
#6038 = DIRECTION('',(1.,2.465190328816E-32));
#6039 = ( GEOMETRIC_REPRESENTATION_CONTEXT(2) 
PARAMETRIC_REPRESENTATION_CONTEXT() REPRESENTATION_CONTEXT('2D SPACE',''
  ) );
#6040 = PCURVE('',#5673,#6041);
#6041 = DEFINITIONAL_REPRESENTATION('',(#6042),#6046);
#6042 = LINE('',#6043,#6044);
#6043 = CARTESIAN_POINT('',(1.932515333332,-0.399369999997));
#6044 = VECTOR('',#6045,1.);
#6045 = DIRECTION('',(2.22044604925E-16,1.));
#6046 = ( GEOMETRIC_REPRESENTATION_CONTEXT(2) 
PARAMETRIC_REPRESENTATION_CONTEXT() REPRESENTATION_CONTEXT('2D SPACE',''
  ) );
#6047 = ORIENTED_EDGE('',*,*,#5955,.F.);
#6048 = ORIENTED_EDGE('',*,*,#4844,.F.);
#6049 = ADVANCED_FACE('',(#6050),#4832,.T.);
#6050 = FACE_BOUND('',#6051,.T.);
#6051 = EDGE_LOOP('',(#6052,#6075,#6096,#6097));
#6052 = ORIENTED_EDGE('',*,*,#6053,.T.);
#6053 = EDGE_CURVE('',#4789,#6054,#6056,.T.);
#6054 = VERTEX_POINT('',#6055);
#6055 = CARTESIAN_POINT('',(4.209369999997,-3.949369999997,7.8));
#6056 = SURFACE_CURVE('',#6057,(#6061,#6068),.PCURVE_S1.);
#6057 = LINE('',#6058,#6059);
#6058 = CARTESIAN_POINT('',(4.209369999997,-3.949369999997,9.3));
#6059 = VECTOR('',#6060,1.);
#6060 = DIRECTION('',(1.949068016125E-16,-3.375884831335E-16,-1.));
#6061 = PCURVE('',#4832,#6062);
#6062 = DEFINITIONAL_REPRESENTATION('',(#6063),#6067);
#6063 = LINE('',#6064,#6065);
#6064 = CARTESIAN_POINT('',(0.,0.));
#6065 = VECTOR('',#6066,1.);
#6066 = DIRECTION('',(-4.930380657631E-32,-1.));
#6067 = ( GEOMETRIC_REPRESENTATION_CONTEXT(2) 
PARAMETRIC_REPRESENTATION_CONTEXT() REPRESENTATION_CONTEXT('2D SPACE',''
  ) );
#6068 = PCURVE('',#4804,#6069);
#6069 = DEFINITIONAL_REPRESENTATION('',(#6070),#6074);
#6070 = LINE('',#6071,#6072);
#6071 = CARTESIAN_POINT('',(1.533145333334,2.988204533272E-16));
#6072 = VECTOR('',#6073,1.);
#6073 = DIRECTION('',(-2.465190328816E-32,-1.));
#6074 = ( GEOMETRIC_REPRESENTATION_CONTEXT(2) 
PARAMETRIC_REPRESENTATION_CONTEXT() REPRESENTATION_CONTEXT('2D SPACE',''
  ) );
#6075 = ORIENTED_EDGE('',*,*,#6076,.T.);
#6076 = EDGE_CURVE('',#6054,#6005,#6077,.T.);
#6077 = SURFACE_CURVE('',#6078,(#6082,#6089),.PCURVE_S1.);
#6078 = LINE('',#6079,#6080);
#6079 = CARTESIAN_POINT('',(4.209369999997,-3.949369999997,7.8));
#6080 = VECTOR('',#6081,1.);
#6081 = DIRECTION('',(2.22044604925E-16,-1.,3.375884831335E-16));
#6082 = PCURVE('',#4832,#6083);
#6083 = DEFINITIONAL_REPRESENTATION('',(#6084),#6088);
#6084 = LINE('',#6085,#6086);
#6085 = CARTESIAN_POINT('',(-5.063827247003E-16,-1.5));
#6086 = VECTOR('',#6087,1.);
#6087 = DIRECTION('',(1.,4.930380657631E-32));
#6088 = ( GEOMETRIC_REPRESENTATION_CONTEXT(2) 
PARAMETRIC_REPRESENTATION_CONTEXT() REPRESENTATION_CONTEXT('2D SPACE',''
  ) );
#6089 = PCURVE('',#5673,#6090);
#6090 = DEFINITIONAL_REPRESENTATION('',(#6091),#6095);
#6091 = LINE('',#6092,#6093);
#6092 = CARTESIAN_POINT('',(0.399369999997,-0.399369999997));
#6093 = VECTOR('',#6094,1.);
#6094 = DIRECTION('',(1.,-2.22044604925E-16));
#6095 = ( GEOMETRIC_REPRESENTATION_CONTEXT(2) 
PARAMETRIC_REPRESENTATION_CONTEXT() REPRESENTATION_CONTEXT('2D SPACE',''
  ) );
#6096 = ORIENTED_EDGE('',*,*,#6004,.F.);
#6097 = ORIENTED_EDGE('',*,*,#4816,.F.);
#6098 = ADVANCED_FACE('',(#6099),#4804,.T.);
#6099 = FACE_BOUND('',#6100,.T.);
#6100 = EDGE_LOOP('',(#6101,#6124,#6145,#6146));
#6101 = ORIENTED_EDGE('',*,*,#6102,.T.);
#6102 = EDGE_CURVE('',#4761,#6103,#6105,.T.);
#6103 = VERTEX_POINT('',#6104);
#6104 = CARTESIAN_POINT('',(5.742515333331,-3.949369999997,7.8));
#6105 = SURFACE_CURVE('',#6106,(#6110,#6117),.PCURVE_S1.);
#6106 = LINE('',#6107,#6108);
#6107 = CARTESIAN_POINT('',(5.742515333331,-3.949369999997,9.3));
#6108 = VECTOR('',#6109,1.);
#6109 = DIRECTION('',(1.949068016125E-16,-3.375884831335E-16,-1.));
#6110 = PCURVE('',#4804,#6111);
#6111 = DEFINITIONAL_REPRESENTATION('',(#6112),#6116);
#6112 = LINE('',#6113,#6114);
#6113 = CARTESIAN_POINT('',(-0.,0.));
#6114 = VECTOR('',#6115,1.);
#6115 = DIRECTION('',(-2.465190328816E-32,-1.));
#6116 = ( GEOMETRIC_REPRESENTATION_CONTEXT(2) 
PARAMETRIC_REPRESENTATION_CONTEXT() REPRESENTATION_CONTEXT('2D SPACE',''
  ) );
#6117 = PCURVE('',#4776,#6118);
#6118 = DEFINITIONAL_REPRESENTATION('',(#6119),#6123);
#6119 = LINE('',#6120,#6121);
#6120 = CARTESIAN_POINT('',(0.798739999994,-2.696454250162E-16));
#6121 = VECTOR('',#6122,1.);
#6122 = DIRECTION('',(-4.930380657631E-32,-1.));
#6123 = ( GEOMETRIC_REPRESENTATION_CONTEXT(2) 
PARAMETRIC_REPRESENTATION_CONTEXT() REPRESENTATION_CONTEXT('2D SPACE',''
  ) );
#6124 = ORIENTED_EDGE('',*,*,#6125,.T.);
#6125 = EDGE_CURVE('',#6103,#6054,#6126,.T.);
#6126 = SURFACE_CURVE('',#6127,(#6131,#6138),.PCURVE_S1.);
#6127 = LINE('',#6128,#6129);
#6128 = CARTESIAN_POINT('',(5.742515333331,-3.949369999997,7.8));
#6129 = VECTOR('',#6130,1.);
#6130 = DIRECTION('',(-1.,-2.22044604925E-16,-1.949068016125E-16));
#6131 = PCURVE('',#4804,#6132);
#6132 = DEFINITIONAL_REPRESENTATION('',(#6133),#6137);
#6133 = LINE('',#6134,#6135);
#6134 = CARTESIAN_POINT('',(1.180538622119E-15,-1.5));
#6135 = VECTOR('',#6136,1.);
#6136 = DIRECTION('',(1.,2.465190328816E-32));
#6137 = ( GEOMETRIC_REPRESENTATION_CONTEXT(2) 
PARAMETRIC_REPRESENTATION_CONTEXT() REPRESENTATION_CONTEXT('2D SPACE',''
  ) );
#6138 = PCURVE('',#5673,#6139);
#6139 = DEFINITIONAL_REPRESENTATION('',(#6140),#6144);
#6140 = LINE('',#6141,#6142);
#6141 = CARTESIAN_POINT('',(0.399369999997,-1.932515333332));
#6142 = VECTOR('',#6143,1.);
#6143 = DIRECTION('',(2.22044604925E-16,1.));
#6144 = ( GEOMETRIC_REPRESENTATION_CONTEXT(2) 
PARAMETRIC_REPRESENTATION_CONTEXT() REPRESENTATION_CONTEXT('2D SPACE',''
  ) );
#6145 = ORIENTED_EDGE('',*,*,#6053,.F.);
#6146 = ORIENTED_EDGE('',*,*,#4788,.F.);
#6147 = ADVANCED_FACE('',(#6148),#4776,.T.);
#6148 = FACE_BOUND('',#6149,.T.);
#6149 = EDGE_LOOP('',(#6150,#6173,#6194,#6195));
#6150 = ORIENTED_EDGE('',*,*,#6151,.T.);
#6151 = EDGE_CURVE('',#4733,#6152,#6154,.T.);
#6152 = VERTEX_POINT('',#6153);
#6153 = CARTESIAN_POINT('',(5.742515333331,-3.150630000003,7.8));
#6154 = SURFACE_CURVE('',#6155,(#6159,#6166),.PCURVE_S1.);
#6155 = LINE('',#6156,#6157);
#6156 = CARTESIAN_POINT('',(5.742515333331,-3.150630000003,9.3));
#6157 = VECTOR('',#6158,1.);
#6158 = DIRECTION('',(1.949068016125E-16,-3.375884831335E-16,-1.));
#6159 = PCURVE('',#4776,#6160);
#6160 = DEFINITIONAL_REPRESENTATION('',(#6161),#6165);
#6161 = LINE('',#6162,#6163);
#6162 = CARTESIAN_POINT('',(0.,0.));
#6163 = VECTOR('',#6164,1.);
#6164 = DIRECTION('',(-4.930380657631E-32,-1.));
#6165 = ( GEOMETRIC_REPRESENTATION_CONTEXT(2) 
PARAMETRIC_REPRESENTATION_CONTEXT() REPRESENTATION_CONTEXT('2D SPACE',''
  ) );
#6166 = PCURVE('',#4748,#6167);
#6167 = DEFINITIONAL_REPRESENTATION('',(#6168),#6172);
#6168 = LINE('',#6169,#6170);
#6169 = CARTESIAN_POINT('',(1.533145333334,1.477536386073E-15));
#6170 = VECTOR('',#6171,1.);
#6171 = DIRECTION('',(2.465190328816E-32,-1.));
#6172 = ( GEOMETRIC_REPRESENTATION_CONTEXT(2) 
PARAMETRIC_REPRESENTATION_CONTEXT() REPRESENTATION_CONTEXT('2D SPACE',''
  ) );
#6173 = ORIENTED_EDGE('',*,*,#6174,.T.);
#6174 = EDGE_CURVE('',#6152,#6103,#6175,.T.);
#6175 = SURFACE_CURVE('',#6176,(#6180,#6187),.PCURVE_S1.);
#6176 = LINE('',#6177,#6178);
#6177 = CARTESIAN_POINT('',(5.742515333331,-3.150630000003,7.8));
#6178 = VECTOR('',#6179,1.);
#6179 = DIRECTION('',(2.22044604925E-16,-1.,3.375884831335E-16));
#6180 = PCURVE('',#4776,#6181);
#6181 = DEFINITIONAL_REPRESENTATION('',(#6182),#6186);
#6182 = LINE('',#6183,#6184);
#6183 = CARTESIAN_POINT('',(1.2699741147E-15,-1.5));
#6184 = VECTOR('',#6185,1.);
#6185 = DIRECTION('',(1.,4.930380657631E-32));
#6186 = ( GEOMETRIC_REPRESENTATION_CONTEXT(2) 
PARAMETRIC_REPRESENTATION_CONTEXT() REPRESENTATION_CONTEXT('2D SPACE',''
  ) );
#6187 = PCURVE('',#5673,#6188);
#6188 = DEFINITIONAL_REPRESENTATION('',(#6189),#6193);
#6189 = LINE('',#6190,#6191);
#6190 = CARTESIAN_POINT('',(-0.399369999997,-1.932515333332));
#6191 = VECTOR('',#6192,1.);
#6192 = DIRECTION('',(1.,-2.22044604925E-16));
#6193 = ( GEOMETRIC_REPRESENTATION_CONTEXT(2) 
PARAMETRIC_REPRESENTATION_CONTEXT() REPRESENTATION_CONTEXT('2D SPACE',''
  ) );
#6194 = ORIENTED_EDGE('',*,*,#6102,.F.);
#6195 = ORIENTED_EDGE('',*,*,#4760,.F.);
#6196 = ADVANCED_FACE('',(#6197),#4748,.T.);
#6197 = FACE_BOUND('',#6198,.T.);
#6198 = EDGE_LOOP('',(#6199,#6200,#6221,#6222));
#6199 = ORIENTED_EDGE('',*,*,#5685,.T.);
#6200 = ORIENTED_EDGE('',*,*,#6201,.T.);
#6201 = EDGE_CURVE('',#5658,#6152,#6202,.T.);
#6202 = SURFACE_CURVE('',#6203,(#6207,#6214),.PCURVE_S1.);
#6203 = LINE('',#6204,#6205);
#6204 = CARTESIAN_POINT('',(4.209369999997,-3.150630000003,7.8));
#6205 = VECTOR('',#6206,1.);
#6206 = DIRECTION('',(1.,2.22044604925E-16,1.949068016125E-16));
#6207 = PCURVE('',#4748,#6208);
#6208 = DEFINITIONAL_REPRESENTATION('',(#6209),#6213);
#6209 = LINE('',#6210,#6211);
#6210 = CARTESIAN_POINT('',(-1.180538622119E-15,-1.5));
#6211 = VECTOR('',#6212,1.);
#6212 = DIRECTION('',(1.,-2.465190328816E-32));
#6213 = ( GEOMETRIC_REPRESENTATION_CONTEXT(2) 
PARAMETRIC_REPRESENTATION_CONTEXT() REPRESENTATION_CONTEXT('2D SPACE',''
  ) );
#6214 = PCURVE('',#5673,#6215);
#6215 = DEFINITIONAL_REPRESENTATION('',(#6216),#6220);
#6216 = LINE('',#6217,#6218);
#6217 = CARTESIAN_POINT('',(-0.399369999997,-0.399369999997));
#6218 = VECTOR('',#6219,1.);
#6219 = DIRECTION('',(-2.22044604925E-16,-1.));
#6220 = ( GEOMETRIC_REPRESENTATION_CONTEXT(2) 
PARAMETRIC_REPRESENTATION_CONTEXT() REPRESENTATION_CONTEXT('2D SPACE',''
  ) );
#6221 = ORIENTED_EDGE('',*,*,#6151,.F.);
#6222 = ORIENTED_EDGE('',*,*,#4732,.F.);
#6223 = ADVANCED_FACE('',(#6224),#5080,.F.);
#6224 = FACE_BOUND('',#6225,.F.);
#6225 = EDGE_LOOP('',(#6226,#6227,#6228,#6229,#6230,#6231,#6232,#6233,
    #6234,#6235,#6236,#6237));
#6226 = ORIENTED_EDGE('',*,*,#5608,.T.);
#6227 = ORIENTED_EDGE('',*,*,#5581,.T.);
#6228 = ORIENTED_EDGE('',*,*,#5532,.T.);
#6229 = ORIENTED_EDGE('',*,*,#5483,.T.);
#6230 = ORIENTED_EDGE('',*,*,#5434,.T.);
#6231 = ORIENTED_EDGE('',*,*,#5385,.T.);
#6232 = ORIENTED_EDGE('',*,*,#5336,.T.);
#6233 = ORIENTED_EDGE('',*,*,#5287,.T.);
#6234 = ORIENTED_EDGE('',*,*,#5238,.T.);
#6235 = ORIENTED_EDGE('',*,*,#5189,.T.);
#6236 = ORIENTED_EDGE('',*,*,#5140,.T.);
#6237 = ORIENTED_EDGE('',*,*,#5064,.T.);
#6238 = ADVANCED_FACE('',(#6239),#5673,.F.);
#6239 = FACE_BOUND('',#6240,.F.);
#6240 = EDGE_LOOP('',(#6241,#6242,#6243,#6244,#6245,#6246,#6247,#6248,
    #6249,#6250,#6251,#6252));
#6241 = ORIENTED_EDGE('',*,*,#6201,.T.);
#6242 = ORIENTED_EDGE('',*,*,#6174,.T.);
#6243 = ORIENTED_EDGE('',*,*,#6125,.T.);
#6244 = ORIENTED_EDGE('',*,*,#6076,.T.);
#6245 = ORIENTED_EDGE('',*,*,#6027,.T.);
#6246 = ORIENTED_EDGE('',*,*,#5978,.T.);
#6247 = ORIENTED_EDGE('',*,*,#5929,.T.);
#6248 = ORIENTED_EDGE('',*,*,#5880,.T.);
#6249 = ORIENTED_EDGE('',*,*,#5831,.T.);
#6250 = ORIENTED_EDGE('',*,*,#5782,.T.);
#6251 = ORIENTED_EDGE('',*,*,#5733,.T.);
#6252 = ORIENTED_EDGE('',*,*,#5657,.T.);
#6253 = ( GEOMETRIC_REPRESENTATION_CONTEXT(3) 
GLOBAL_UNCERTAINTY_ASSIGNED_CONTEXT((#6257)) 
GLOBAL_UNIT_ASSIGNED_CONTEXT((#6254,#6255,#6256)) REPRESENTATION_CONTEXT
('Context #1','3D Context with UNIT and UNCERTAINTY') );
#6254 = ( LENGTH_UNIT() NAMED_UNIT(*) SI_UNIT(.MILLI.,.METRE.) );
#6255 = ( NAMED_UNIT(*) PLANE_ANGLE_UNIT() SI_UNIT($,.RADIAN.) );
#6256 = ( NAMED_UNIT(*) SI_UNIT($,.STERADIAN.) SOLID_ANGLE_UNIT() );
#6257 = UNCERTAINTY_MEASURE_WITH_UNIT(LENGTH_MEASURE(1.E-07),#6254,
  'distance_accuracy_value','confusion accuracy');
#6258 = SHAPE_DEFINITION_REPRESENTATION(#6259,#2206);
#6259 = PRODUCT_DEFINITION_SHAPE('','',#6260);
#6260 = PRODUCT_DEFINITION('design','',#6261,#6264);
#6261 = PRODUCT_DEFINITION_FORMATION('','',#6262);
#6262 = PRODUCT('Body001','Body001','',(#6263));
#6263 = PRODUCT_CONTEXT('',#2,'mechanical');
#6264 = PRODUCT_DEFINITION_CONTEXT('part definition',#2,'design');
#6265 = CONTEXT_DEPENDENT_SHAPE_REPRESENTATION(#6266,#6268);
#6266 = ( REPRESENTATION_RELATIONSHIP('','',#2206,#10) 
REPRESENTATION_RELATIONSHIP_WITH_TRANSFORMATION(#6267) 
SHAPE_REPRESENTATION_RELATIONSHIP() );
#6267 = ITEM_DEFINED_TRANSFORMATION('','',#11,#19);
#6268 = PRODUCT_DEFINITION_SHAPE('Placement','Placement of an item',
  #6269);
#6269 = NEXT_ASSEMBLY_USAGE_OCCURRENCE('2','Body001','',#5,#6260,$);
#6270 = PRODUCT_RELATED_PRODUCT_CATEGORY('part',$,(#6262));
#6271 = MECHANICAL_DESIGN_GEOMETRIC_PRESENTATION_REPRESENTATION('',(
    #6272),#6253);
#6272 = STYLED_ITEM('color',(#6273),#2207);
#6273 = PRESENTATION_STYLE_ASSIGNMENT((#6274,#6280));
#6274 = SURFACE_STYLE_USAGE(.BOTH.,#6275);
#6275 = SURFACE_SIDE_STYLE('',(#6276));
#6276 = SURFACE_STYLE_FILL_AREA(#6277);
#6277 = FILL_AREA_STYLE('',(#6278));
#6278 = FILL_AREA_STYLE_COLOUR('',#6279);
#6279 = COLOUR_RGB('',0.906331759313,0.906331759313,0.906331759313);
#6280 = CURVE_STYLE('',#6281,POSITIVE_LENGTH_MEASURE(0.1),#6282);
#6281 = DRAUGHTING_PRE_DEFINED_CURVE_FONT('continuous');
#6282 = COLOUR_RGB('',0.345868924627,0.345868924627,0.345868924627);
#6283 = MECHANICAL_DESIGN_GEOMETRIC_PRESENTATION_REPRESENTATION('',(
    #6284),#2188);
#6284 = STYLED_ITEM('color',(#6285),#30);
#6285 = PRESENTATION_STYLE_ASSIGNMENT((#6286,#6292));
#6286 = SURFACE_STYLE_USAGE(.BOTH.,#6287);
#6287 = SURFACE_SIDE_STYLE('',(#6288));
#6288 = SURFACE_STYLE_FILL_AREA(#6289);
#6289 = FILL_AREA_STYLE('',(#6290));
#6290 = FILL_AREA_STYLE_COLOUR('',#6291);
#6291 = COLOUR_RGB('',0.395881257971,0.395881257971,0.395881257971);
#6292 = CURVE_STYLE('',#6293,POSITIVE_LENGTH_MEASURE(0.1),#6282);
#6293 = DRAUGHTING_PRE_DEFINED_CURVE_FONT('continuous');
ENDSEC;
END-ISO-10303-21;
